name	status	type	sites	site	dp	romsize
엑스맨 - 뮤턴트 아포칼립스 (X-Men - Mutant Apocalypse).smc	NO_MATCH	2	0	-	-	2097152
틴에이지 히어로 터틀즈 4 - 터틀즈 인 타임 (Teenage Mutant Hero Turtles IV - Turtles in Time).smc	OK	1	1	1a:c779/c77b	00	1048576
바클리 파워 덩크 (Barkley no Power Dunk).smc	NO_MATCH	1	0	-	-	1572864
아서왕과 정의의 기사단 (King Arthur & The Knights of Justice).smc	NO_MATCH	2	0	-	-	2621440
인디아나 존스의 위대한 모험 (Indiana Jones' Greatest Adventures).smc	OK	1	1	3f:ed77/ed79	00	2097152
NFL 쿼터백 클럽 96 (NFL Quarterback Club 96).smc	NO_MATCH	1	0	-	-	3145728
전국 고교 사커 선수권 '96 ('96 Zenkoku Koukou Soccer Senshuken).smc	NO_MATCH	1	0	-	-	1572864
Romance of the Three Kingdoms IV - Wall of Fire (U).smc	OK	2	1	ee:a220/a222	1a	3145728
유진 - 잔주 가쿠엔 2 (Yuujin Janjuu Gakuen 2).smc	NO_MATCH	1	0	-	-	2097152
홀리 스트라이커 (Holy Striker).smc	NO_MATCH	1	0	-	-	1048576
대폭소 인생극장 (Daibakushou Jinsei Gekijou).smc	NO_MATCH	1	0	-	-	1048576
슈퍼 룹즈 (Super Loopz).smc	NO_MATCH	1	0	-	-	524288
데몬즈 크레스트 (Demon's Crest).smc	NO_MATCH	1	0	-	-	2097152
미소녀전사 세일러문 슈퍼S - 후와후와 패닉 (Bishoujo Senshi Sailor Moon SuperS - Fuwafuwa Panic).smc	NO_MATCH	1	0	-	-	1048576
슈퍼 뿌요뿌요2 리믹스 (Super Puyo Puyo Tsuu Remix).smc	NO_MATCH	1	0	-	-	2097152
슈퍼 즈간 2 - 츠칸포 파이터 (Super Zugan 2 - Tsukanpo Fighter).smc	NO_MATCH	2	0	-	-	1572864
로드 모나크 (Lord Monarch).smc	OK	2	37	c0:dd6a/dd6c	98	524288
마이크로 머신즈 2 터보 토너먼트 (Micro Machines 2 - Turbo Tournament).smc	NO_MATCH	1	0	-	-	1048576
머나먼 오거스타 3 - 마스터즈 뉴 (Harukanaru Augusta 3 - Masters New).smc	NO_MATCH	1	0	-	-	2097152
엔에이치엘 98 (NHL 98).smc	NO_MATCH	2	0	-	-	2097152
버브시 2 (Bubsy II).smc	NO_MATCH	2	0	-	-	2097152
에너지 브레이커.smc	NO_MATCH	1	0	-	-	3145728
SM 조교사 히토미 Vol 3.10.smc	NO_MATCH	1	0	-	-	1048576
럭키 루크 (Lucky Luke).smc	NO_MATCH	1	0	-	-	1572864
록맨즈 사커 (Rockman's Soccer).smc	NO_MATCH	1	0	-	-	1310720
캡틴 코만도 (Captain Commando).smc	NO_MATCH	2	0	-	-	2097152
나카노 코이치 감수 케이린왕 (Nakano Kouichi Kanshuu Keirin Ou).smc	NO_MATCH	1	0	-	-	524288
마법의 타루루토군 - 매직 어드벤처 (Magical Taruruuto-kun - Magic Adventure).smc	NO_MATCH	1	0	-	-	524288
대피 덕 - 마빈 미션 (Daffy Duck - The Marvin Missions).smc	NO_MATCH	1	0	-	-	1048576
핀볼 드림즈 (Pinball Dreams).smc	NO_MATCH	1	0	-	-	1048576
피크로스 NP Vol. 5 (Picross NP Vol. 5).smc	NO_MATCH	2	0	-	-	1048576
드래곤볼 Z 초오공전 - 돌격편 (Dragon Ball Z - Super Gokuu Den - Totsugeki Hen).smc	NO_MATCH	1	0	-	-	2097152
얼티밋 파이터 (Ultimate Fighter).smc	NO_MATCH	1	0	-	-	1572864
슈퍼 와갠 랜드 (Super Wagyan Land).smc	NO_MATCH	1	0	-	-	1048576
챔피언십 사커 94 (Championship Soccer '94).smc	OK	1	1	06:d9b7/d9b9	df	524288
X-밴드 모뎀 바이오스 (XBAND).smc	NO_MATCH	2	0	-	-	1048576
나카지마 사토루 F-1 히어로 94 (Nakajima Satoru Kanshuu - F-1 Hero '94).smc	NO_MATCH	2	0	-	-	1048576
레드라인 F-1 레이서 (Redline F-1 Racer).smc	NO_MATCH	1	0	-	-	1048576
캘리포니아 게임즈 2 (California Games II).smc	NO_MATCH	1	0	-	-	1048576
제7의 사가 (7th Saga, The).smc	NO_MATCH	2	0	-	-	1572864
모모타로 전철 해피 (Momotarou Dentetsu Happy).smc	NO_MATCH	2	0	-	-	3145728
하야자시 2단 모리타 장기 2 (Hayazashi Nidan Morita Shougi 2).smc	NO_MATCH	1	0	-	-	524288
칼리지 슬램 (College Slam).smc	OK	1	1	10:a124/a126	ce	3145728
마이티 맥스 (Mighty Max).smc	OK	1	1	00:8079/807b	6d	1048576
슈퍼 인터내셔널 크리켓 (Super International Cricket).smc	NO_MATCH	1	0	-	-	1048576
하나후다 (Honke Hanafuda).smc	OK	2	1	c8:a5d4/a5d6	4c	1048576
요코야마 미츠테루 - 삼국지 2 (Yokoyama Mitsuteru Sangokushi 2).smc	NO_MATCH	1	0	-	-	1572864
제독의 결단 2 (Teitoku no Ketsudan II).smc	NO_MATCH	2	0	-	-	3145728
다이너마이트 - 더 라스베이거스 (Dynamaite - The Las Vegas).smc	NO_MATCH	2	0	-	-	1048576
파이어 스트라이커 (FireStriker).smc	NO_MATCH	1	0	-	-	1048576
하베스트 문 (Harvest Moon).smc	OK	1	2	00:8654/8656	00	2097152
소닉 윙즈 (Sonic Wings).smc	NO_MATCH	1	0	-	-	1310720
파워 로드 러너 (Power Lode Runner).smc	NO_MATCH	1	0	-	-	1572864
드래곤볼 Z 초무투전 3 (Dragon Ball Z - Super Butouden 3).smc	NO_MATCH	1	0	-	-	2097152
에일리언 vs 프레대터 (Alien vs Predator).smc	NO_MATCH	1	0	-	-	1048576
벅시 인 클로즈 인카운터스 오브 더 퍼드 카인드 (Bubsy in - Claws Encounters of the Furred Kind).smc	NO_MATCH	1	0	-	-	2097152
록 온 (Lock On).smc	NO_MATCH	2	0	-	-	524288
슈퍼 원시인 2 (Super Genjin 2).smc	NO_MATCH	2	0	-	-	1572864
졸업 외전 - 네, 마작 하자! (Sotsugyou Bangai Hen - Nee Mahjong Shiyo!).smc	NO_MATCH	1	0	-	-	1048576
썬더 스피리츠 (Thunder Spirits).smc	OK	1	2	12:8212/8214	0d	1048576
솔리드 러너 (Solid Runner).smc	NO_MATCH	1	0	-	-	3145728
쿠니오의 오뎅 (Kunio no Oden).smc	NO_MATCH	1	0	-	-	524288
나 홀로 집에 (Home Alone).smc	NO_MATCH	1	0	-	-	524288
배틀 카스 (Battle Cars).smc	NO_MATCH	1	0	-	-	1048576
얌! 얌! (Yam! Yam!).smc	NO_MATCH	2	0	-	-	1572864
레스 아르카나 다이아나 레이 점치기의 미궁 (Res Arcana - Diana Ray - Uranai no Meikyuu).smc	NO_MATCH	1	0	-	-	1048576
전일본 프로레슬링 - 파이트 다 폰! (Zen-Nihon Pro Wres - Fight da Pon!).smc	OK	2	3	c0:65b9/65bb	54	1048576
리틀 매직 (Little Magic).smc	NO_MATCH	1	0	-	-	524288
타이쿄쿠 이고 - 골리앗 (Taikyoku Igo - Goliath).smc	NO_MATCH	1	0	-	-	1048576
블랙쏜 (Blackthorne).smc	NO_MATCH	1	0	-	-	1048576
니시진 파친코 모노가타리 (Nishijin Pachinko Monogatari).smc	NO_MATCH	1	0	-	-	1048576
사무라이 스피리츠 (Samurai Spirits).smc	NO_MATCH	2	0	-	-	4194304
슈퍼 튜리칸 (Super Turrican).smc	NO_MATCH	1	0	-	-	524288
드리프트 킹 - 수도고 배틀 2 (Drift King Shutokou Battle 2 - Tsuchiya Keiichi & Bandou Masaaki).smc	NO_MATCH	2	0	-	-	1572864
엔에이치엘 96 (NHL 96).smc	NO_MATCH	2	0	-	-	1572864
움직이는 E 버전 2.0 - 아리올 (Ugoku E Ver. 2.0 - Aryol).smc	NO_MATCH	1	0	-	-	1048576
사상 최강의 퀴즈왕 결정전 슈퍼 (Shijou Saikyou no Quiz Ou Ketteisen Super).smc	NO_MATCH	1	0	-	-	1048576
매든 NFL 98 (Madden NFL 98).smc	NO_MATCH	2	0	-	-	2097152
슈퍼 쿄테이 (Super Kyoutei).smc	NO_MATCH	1	0	-	-	1310720
메르헨 어드벤처 코튼 100% (Maerchen Adventure Cotton 100%).smc	NO_MATCH	1	0	-	-	2097152
마운틴 바이크 랠리 (Exertainment Mountain Bike Rally).smc	NO_MATCH	1	0	-	-	2097152
NBA 프로 농구 94 불스 vs 선스 (NBA Pro Basketball '94 - Bulls vs Suns).smc	OK	1	1	01:b4a4/b4a6	7b	1048576
고킨조 모험대 (Gokinjo Boukentai).smc	NO_MATCH	2	0	-	-	2621440
슈퍼 덩크 스타 (Super Dunk Star).smc	NO_MATCH	1	0	-	-	1048576
정글북 (Jungle Book, The).smc	OK	1	1	04:a15a/a15c	5f	2097152
이크! 더 캣 (Eek! The Cat).smc	OK	1	1	00:804e/8050	20	1048576
런 세이버 (Run Saber).smc	NO_MATCH	1	0	-	-	1048576
슈퍼 배틀탱크 (Super Battletank).smc	OK	1	1	0f:c13b/c13d	00	524288
라이온 킹 (Lion King, The).smc	NO_MATCH	2	0	-	-	3145728
노이기어 (Neugier - Umi to Kaze no Kodou).smc	NO_MATCH	1	0	-	-	1048576
요괴 버스터 - 루카의 대모험 (Youkai Buster - Ruka no Daibouken).smc	NO_MATCH	1	0	-	-	1048576
로봇렉 (Robotrek).smc	NO_MATCH	2	0	-	-	1572864
방향키 테스트 (Controller Test Cassette).smc	NO_MATCH	1	0	-	-	131072
전국 십단 - 울트라 심리 게임 (Zenkoku Juudan Ultra Shinri Game).smc	NO_MATCH	2	0	-	-	1048576
레전드 (Legend).smc	NO_MATCH	1	0	-	-	1048576
슈퍼 포메이션 사커 94 월드컵 파이널 데이터 (Super Formation Soccer 94 - World Cup Final Data).smc	NO_MATCH	1	0	-	-	1048576
팔랑크스 - 인포스 파이터 A-144 (Phalanx).smc	NO_MATCH	1	0	-	-	1048576
슈퍼 억만 장자 게임 (Super Okumanchouja Game).smc	NO_MATCH	1	0	-	-	1048576
SD 건담 X (Super Gachapon World - SD Gundam X).smc	NO_MATCH	1	0	-	-	1048576
로타어 마테우스 슈퍼 사커 (Lothar Matthaeus Super Soccer).smc	NO_MATCH	1	0	-	-	1048576
알타입 III (R-Type III - The Third Lightning).smc	NO_MATCH	1	0	-	-	2097152
막말강림전 ONI (Bakumatsu Kourinden Oni).smc	NO_MATCH	2	0	-	-	4194304
슈퍼 스트리트 파이터 II - 새로운 도전자들 (Super Street Fighter II - The New Challengers).smc	NO_MATCH	2	0	-	-	4194304
츠키코모리 (Tsukikomori).smc	NO_MATCH	2	0	-	-	4194304
마이티 모핀 파워레인저 (Mighty Morphin Power Rangers).smc	OK	1	1	00:839c/839e	02	2097152
도널드덕의 마우이 맬러드.smc	NO_MATCH	1	0	-	-	3145728
더 컴뱃 트라이브 (Combatribes, The).smc	NO_MATCH	1	0	-	-	1572864
루니 툰 농구 (Looney Tunes B-Ball).smc	NO_MATCH	1	0	-	-	2097152
고! 고! 아크맨 1 (Go Go Ackman).smc	NO_MATCH	1	0	-	-	1310720
짐 파워 - 사라진 3D 차원 (Jim Power - The Lost Dimension in 3D).smc	NO_MATCH	1	0	-	-	1048576
드래곤 - 브루스 리 이야기 (Dragon - The Bruce Lee Story).smc	NO_MATCH	2	0	-	-	2097152
레이디스토커 - 과거에서의 도전 (Lady Stalker - Kako kara no Chousen).smc	NO_MATCH	2	0	-	-	2621440
틴에이지 뮤턴트 닌자 터틀즈 4 - 터틀즈 인 타임 (Teenage Mutant Ninja Turtles IV - Turtles in Time).smc	OK	1	1	1a:c779/c77b	00	1048576
데저트 파이터 (Desert Fighter).smc	NO_MATCH	1	0	-	-	1048576
K.H. 루메니게의 플레이어 매니저 - 20주 체험판.smc	OK	1	3	00:83bf/83c1	83	524288
나카요시 월드의 패닉 (Panic in Nakayoshi World).smc	OK	1	2	00:8039/803b	a0	524288
돌럭키의 퍼즐 투어 94 (Dolucky no Puzzle Tour '94).smc	NO_MATCH	1	0	-	-	524288
나루호도 더 월드 (Naruhodo! The World).smc	OK	1	1	00:f1a5/f1a7	25	1572864
스포츠 일러스트레이티드 풋볼 앤 베이스볼 (Sports Illustrated - Championship Football & Baseball).smc	NO_MATCH	1	0	-	-	2097152
오니타 아츠시 FMW (Oonita Atsushi FMW).smc	OK	1	1	00:80dc/80de	18	1572864
슈퍼 볼링 (Super Bowling).smc	NO_MATCH	1	0	-	-	524288
스파이더맨 엑스맨 (Spider-Man - X-Men - Arcade's Revenge).smc	NO_MATCH	1	0	-	-	1048576
라스트 배틀 (Last Battle, The).smc	NO_MATCH	1	0	-	-	2097152
스카이 블레이저 (Skyblazer).smc	NO_MATCH	1	0	-	-	1048576
슈퍼 패미스타 (Super Famista).smc	NO_MATCH	1	0	-	-	1048576
마카마카 (Maka Maka).smc	OK	1	5	07:8163/8165	9b	1048576
적중 경마 학원 (Tekichuu Keiba Juku).smc	NO_MATCH	1	0	-	-	1048576
드리프트 킹 - 수도고 배틀 '94 (Drift King Shutokou Battle '94 - Tsuchiya Keiichi & Bandou Masaaki).smc	NO_MATCH	2	0	-	-	1572864
SM 조교사 히토미 Vol 2.5 (SM Choukyoushi Hitomi - Bangai Hen).smc	NO_MATCH	1	0	-	-	524288
파이어 파이팅 (Fire Fighting).smc	NO_MATCH	2	0	-	-	1048576
헤라클레스의 영광 IV - 신들로부터의 선물 (Heracles no Eikou IV - Kamigami kara no Okurimono).smc	OK	1	1	2b:a649/a64b	b0	2097152
록 앤 롤 레이싱 (Rock 'N Roll Racing).smc	NO_MATCH	1	0	-	-	1048576
부라이 - 팔옥의 용사 전설 (Burai - Hachigyoku no Yuushi Densetsu).smc	NO_MATCH	1	0	-	-	1048576
아레사 (Aretha).smc	NO_MATCH	1	0	-	-	2097152
RPM 레이싱 (Radical Psycho Machine Racing).smc	NO_MATCH	1	0	-	-	524288
스고로 퀘스트 ++ 다이세닉스 (Sugoro Quest++ - Dicenics).smc	NO_MATCH	1	0	-	-	2097152
두근두근 메모리얼 - 전설의 나무 아래에서 (Tokimeki Memorial - Densetsu no Ki no Shita de).smc	OK	1	1	2c:ec1d/ec1f	a2	4194304
슈퍼 원시인 (Super Genjin).smc	NO_MATCH	2	0	-	-	1572864
슈퍼 어드벤처 아일랜드 2 (Super Adventure Island II).smc	NO_MATCH	2	0	-	-	1572864
니트로 펑크스 - 마이트 헤즈 (Nitropunks - Might Heads).smc	NO_MATCH	1	0	-	-	1048576
도박 방랑기 (Gambling Hourouki).smc	NO_MATCH	1	0	-	-	1048576
퍼티 스쿼드 (Putty Squad).smc	NO_MATCH	1	0	-	-	1572864
큐버트 3 (Q-bert 3).smc	NO_MATCH	1	0	-	-	524288
레이스 드라이빈 (Race Drivin').smc	OK	1	1	0f:dfeb/dfed	00	524288
쿨 월드 (Cool World).smc	NO_MATCH	1	0	-	-	1048576
잔 II 스피리츠 (Zan II Spirits).smc	NO_MATCH	1	0	-	-	1048576
커비 볼 (Kirby Bowl).smc	NO_MATCH	1	0	-	-	1310720
쇼넨 아시베 (Shounen Ashibe - Goma-chan no Yuuenchi Daibouken).smc	NO_MATCH	1	0	-	-	524288
스누피 콘서트 (Snoopy Concert).smc	NO_MATCH	2	0	-	-	2097152
선 스포츠 피싱 - 계류왕 (Sanspo Fishing - Keiryuu Ou).smc	NO_MATCH	1	0	-	-	1310720
어스 라이트 - 루나 스트라이크 (Earth Light - Luna Strike).smc	NO_MATCH	2	0	-	-	3145728
고쇼 신라이 모노가타리 - 무샤 (Gousou Jinrai Densetsu - Musha).smc	NO_MATCH	1	0	-	-	1048576
메크워리어 (MechWarrior).smc	NO_MATCH	1	0	-	-	1048576
오즈의 마법사 (Wizard of Oz, The).smc	NO_MATCH	1	0	-	-	1048576
요시 사파리 (Yoshi's Safari).smc	NO_MATCH	1	0	-	-	1048576
챔피언스 월드 클래스 사커 (Champions World Class Soccer).smc	OK	1	1	02:c04a/c04c	56	1048576
팬텀 2040 (Phantom 2040).smc	NO_MATCH	1	0	-	-	2097152
슈퍼 극진 하리키리 스타디움 2 (Super Kyuukyoku Harikiri Stadium 2).smc	NO_MATCH	2	0	-	-	1572864
배틀 레이서스 (Battle Racers).smc	OK	2	1	c0:8d0f/8d11	44	1048576
캡틴 아메리카와 어벤저스 (Captain America and the Avengers).smc	NO_MATCH	1	0	-	-	1048576
이밋 Vol.1 - 시간의 미아 (Emit Vol. 1 - Toki no Maigo).smc	OK	2	2	d7:f1f8/f1fa	f4	3145728
사이버네이터 (Cybernator).smc	NO_MATCH	1	0	-	-	1048576
레나스 2 - 봉인의 사도 (Lennus II - Fuuin no Shito).smc	OK	2	1	c8:1623/1625	10	4194304
전일본 프로레슬링 ' - 세계 최강 태그 (Zen-Nihon Pro Wres' - Sekai Saikyou Tag).smc	NO_MATCH	2	0	-	-	2097152
스토바스 야로 쇼 - 3 on 3 농구 (Sutobasu Yarou Show).smc	NO_MATCH	1	0	-	-	1048576
미녀와 야수 (Beauty and the Beast).smc	NO_MATCH	1	0	-	-	1048576
천지창조 (Tenchi Souzou).smc	NO_MATCH	2	0	-	-	4194304
혼케 산쿄 피버 - 실황 시뮬레이션 3 (Honke Sankyo Fever 3 - Jikki Simulation).smc	NO_MATCH	1	0	-	-	1048576
유로 풋볼 챔피언 (Euro Football Champ).smc	NO_MATCH	1	0	-	-	524288
J리그 사커 프라임 골 (J.League Soccer - Prime Goal).smc	NO_MATCH	1	0	-	-	1048576
본커스 (Bonkers).smc	OK	1	1	00:8feb/8fed	94	1048576
슈퍼 핀볼 - 가면 뒤의 사나이 (Super Pinball - Behind the Mask).smc	OK	1	2	16:e037/e039	83	1048576
독립전쟁 리버티 오어 데스 (Dokuritsu Sensou - Liberty or Death).smc	NO_MATCH	2	0	-	-	1310720
드래곤 슬레이어 - 영웅전설 (Dragon Slayer - Eiyuu Densetsu).smc	NO_MATCH	1	0	-	-	1048576
슈퍼 슬랩샷 (Super Slap Shot).smc	OK	1	1	00:821b/821d	26	524288
슈퍼 울트라 야구 (Super Ultra Baseball).smc	NO_MATCH	1	0	-	-	524288
파르러! 미니 5 - 파친코 실기 시뮬레이션 게임 (Parlor! Mini 5 - Pachinko Jikki Simulation Game).smc	NO_MATCH	2	0	-	-	1048576
BS-X 바이오스.smc	NO_MATCH	1	0	-	-	1048576
파랜드 스토리 (Farland Story).smc	NO_MATCH	2	0	-	-	2097152
에프원 폴 포지션 2 (F1 Pole Position 2).smc	NO_MATCH	1	0	-	-	1048576
미소녀전사 세일러문 S - 후와후와 패닉 2 + ST 바이오스.smc	OK	1	4	00:839b/839d	9d	2097152
비룡의 권 S - 골든 파이터 (Hiryuu no Ken S - Golden Fighter).smc	NO_MATCH	1	0	-	-	1572864
슈퍼 모에!! 프로 야구 (Super Moero!! Pro Yakyuu).smc	NO_MATCH	1	0	-	-	1572864
Yoshi no Cookie (J).smc	NO_MATCH	1	0	-	-	524288
하나후다 왕 (Hanafuda Ou).smc	OK	1	1	00:8051/8053	20	524288
천지를 먹다 - 삼국지 군웅전 (Tenchi o Kurau - Sangokushi Gunyuuden).smc	OK	1	1	00:8151/8153	41	1572864
탑 매니지먼트 2 (Top Management II).smc	NO_MATCH	1	0	-	-	1572864
필살 파친코 컬렉션 4 (Hissatsu Pachinko Collection 4).smc	OK	1	1	37:e625/e627	04	2097152
아라비안 나이트 사막의 정령왕 (Arabian Nights - Sabaku no Seirei Ou).smc	NO_MATCH	2	0	-	-	2621440
배틀 서브마린 (Battle Submarine).smc	NO_MATCH	1	0	-	-	1048576
슈퍼 파이어 프로레슬링 2 (Super Fire Pro Wrestling 2).smc	NO_MATCH	1	0	-	-	1048576
슈퍼 대니.smc	NO_MATCH	1	0	-	-	1048576
사이버 나이트 (Cyber Knight).smc	NO_MATCH	1	0	-	-	1048576
페이스볼 2000 (Faceball 2000).smc	NO_MATCH	1	0	-	-	524288
록맨 X2 (Rockman X2).smc	NO_MATCH	1	0	-	-	1572864
슈퍼 프로보텍터 에일리언 리벨스 (Super Probotector - Alien Rebels).smc	OK	1	1	0a:aaaf/aab1	85	1048576
슈퍼 덩크 샷 (Super Dunk Shot).smc	NO_MATCH	1	0	-	-	1048576
마리오의 어린 시절 - 유치원 놀이 (Mario's Early Years - Preschool Fun).smc	NO_MATCH	2	0	-	-	1048576
영원의 필레나 (Eien no Filerna).smc	NO_MATCH	1	0	-	-	1572864
마르코의 매직 풋볼 (Marko's Magic Football).smc	OK	1	2	01:8f46/8f48	87	2097152
마리오의 어린 시절 - 숫자와 함께 놀기 (Mario's Early Years - Fun with Numbers).smc	NO_MATCH	2	0	-	-	1048576
드래곤 퀘스트 3 (Dragon Quest III - Soshite Densetsu e...).smc	NO_MATCH	2	0	-	-	4194304
에프-1 그랑프리 3 (F-1 Grand Prix - Part III).smc	NO_MATCH	2	0	-	-	2097152
파치슬롯 랜드 (Pachi-Slot Land - Pachipachi Coin no Densetsu).smc	NO_MATCH	1	0	-	-	524288
시엔 - 더 블레이드 체이서 (Shien - The Blade Chaser).smc	NO_MATCH	1	0	-	-	2097152
노 이스케이프 (No Escape).smc	OK	1	36	37:8065/8067	20	2097152
슬레이어즈 (Slayers).smc	NO_MATCH	1	0	-	-	1572864
택틱스 오우거 - 마주 잡은 두손 (Tactics Ogre - Let Us Cling Together).smc	NO_MATCH	1	0	-	-	3145728
피크로스NP Vol.1 (Picross NP Vol. 1).smc	NO_MATCH	2	0	-	-	1048576
봄버맨 비다맨 (Bomberman B-Daman).smc	NO_MATCH	2	0	-	-	1048576
고시엔 3 (Koushien 3).smc	OK	1	1	00:808b/808d	a2	1572864
마벌러스 - 또 하나의 보물섬 (Marvelous - Mouhitotsu no Takara-jima).smc	OK	1	2	00:811f/8121	26	3145728
리딩 컴퍼니 (Leading Company).smc	NO_MATCH	1	0	-	-	1048576
위닝 포스트 2 - 프로그램 96 (Winning Post 2 - Program '96).smc	OK	2	1	e5:f7fb/f7fd	c5	3145728
유진 - 잔주 가쿠엔 (Yuujin Janjuu Gakuen).smc	NO_MATCH	1	0	-	-	1048576
파이날 판타지 2 (Final Fantasy II).smc	NO_MATCH	1	0	-	-	1048576
파로디우스다! - 신화에서 웃음으로 (Parodius Da! - Shinwa kara Owarai e).smc	NO_MATCH	1	0	-	-	1048576
헤베레케 포폰 (Hebereke's Popoon).smc	NO_MATCH	1	0	-	-	1048576
크로노 트리거 (Chrono Trigger).smc	OK	2	1	fd:eaed/eaef	1e	4194304
파이널 판타지 USA - 미스틱 퀘스트 (Final Fantasy USA - Mystic Quest).smc	NO_MATCH	1	0	-	-	524288
에어 캐벌리 (Air Cavalry).smc	NO_MATCH	1	0	-	-	1048576
콩고의 모험 (Congo's Caper).smc	OK	1	1	00:853d/853f	aa	524288
버추얼 바트 (Virtual Bart).smc	NO_MATCH	1	0	-	-	2097152
매직 소드 (Magic Sword).smc	NO_MATCH	1	0	-	-	1048576
슈퍼 악마성 드라큘라 (Super Castlevania IV).smc	NO_MATCH	1	0	-	-	1048576
로저 클레멘스 MVP 베이스볼 (Roger Clemens' MVP Baseball).smc	NO_MATCH	1	0	-	-	1048576
슈퍼 인생 게임 3 (Super Jinsei Game 3).smc	NO_MATCH	1	0	-	-	2097152
편의점 전쟁 바코드 배틀러 전기 - 슈퍼 전사 출격하라! (Conveni Wars Barcode Battler Senki - Super Senshi Shutsugeki seyo!).smc	OK	2	1	c0:81bf/81c1	5d	524288
파치오군 스페셜 2 (Pachio-kun Special 2).smc	NO_MATCH	1	0	-	-	1048576
마이트 앤 매직 3 아일즈 오브 테라 (Might and Magic III - Isles of Terra).smc	OK	1	1	2c:98e1/98e3	00	1572864
유니버설 솔저 (Universal Soldier).smc	NO_MATCH	1	0	-	-	524288
어썰트 슈츠 발켄 (Juusou Kihei Valken).smc	NO_MATCH	1	0	-	-	1048576
유토피아 - 국가 건설 (Utopia - The Creation of a Nation).smc	OK	1	4	00:8cda/8cdc	28	524288
위즈 (Whizz).smc	OK	1	4	00:80d9/80db	00	1048576
슈퍼 배틀쉽 (Super Battleship).smc	OK	1	2	00:fc5d/fc5f	9d	524288
미키의 매지컬 어드벤쳐 (Magical Quest Starring Mickey Mouse, The).smc	NO_MATCH	1	0	-	-	1048576
헤드 온 사커 (Head-On Soccer).smc	NO_MATCH	1	0	-	-	2097152
미키의 매지컬 어드밴쳐 (Mickey no Magical Adventure).smc	NO_MATCH	1	0	-	-	1048576
아크노이드 도 잇 어게인 (Arkanoid - Doh It Again).smc	NO_MATCH	1	0	-	-	524288
아메리칸 배틀 돔 (American Battle Dome).smc	NO_MATCH	1	0	-	-	1048576
미키의 얼티밋 챌린지 (Mickey's Ultimate Challenge).smc	NO_MATCH	1	0	-	-	1048576
구피와 막스 - 해적섬의 대모험 (Goofy to Max - Kaizoku-jima no Daibouken).smc	NO_MATCH	1	0	-	-	524288
스고로쿠 은하전기 (Sugoroku Ginga Senki).smc	NO_MATCH	1	0	-	-	1048576
서러브레드 브리더 3 (Thoroughbred Breeder III).smc	OK	1	1	00:85c1/85c3	44	2097152
변변치 않은 블루스 - 대결! 도쿄 사천왕 (Rokudenashi Blues - Taiketsu! Tokyo Shitennou).smc	NO_MATCH	1	0	-	-	1572864
파이널 판타지 5 (Final Fantasy V).smc	OK	2	1	c0:4e43/4e45	51	2097152
코스모 갱 더 퍼즐 (Cosmo Gang - The Puzzle).smc	OK	1	1	00:8352/8354	0e	524288
드래곤볼 Z 하이퍼디멘션 (Dragon Ball Z - Hyper Dimension).smc	NO_MATCH	1	0	-	-	3145728
탑 레이서 (Top Racer).smc	OK	1	1	00:86c5/86c7	0c	524288
실황 월드 사커 - 퍼펙트 일레븐 (Jikkyou World Soccer - Perfect Eleven).smc	NO_MATCH	1	0	-	-	2097152
브렛 헐 하키 95 (Brett Hull Hockey 95).smc	NO_MATCH	1	0	-	-	2097152
타카하시명인의 대모험도II (Takahashi Meijin no Daibouken-jima II).smc	NO_MATCH	2	0	-	-	1572864
로드 러너 트윈 - 쥬스티와 리버티의 대모험 (Lode Runner Twin - Justy to Liberty no Daibouken).smc	NO_MATCH	1	0	-	-	1048576
소울 앤 소드 (Soul & Sword).smc	OK	2	1	c2:e29a/e29c	be	1572864
슈퍼 펀치아웃!! (Super Punch-Out!!).smc	OK	1	8	00:b43e/b440	4b	2097152
슈퍼 더블 야쿠만 (Super Double Yakuman).smc	NO_MATCH	1	0	-	-	524288
야마토 타케루 (Hi no Ouji - Yamato Takeru).smc	NO_MATCH	2	0	-	-	3145728
NBA 실황 바스켓 위닝 덩크 (NBA Jikkyou Basket - Winning Dunk).smc	NO_MATCH	1	0	-	-	3145728
간바레 고에몬 - 내가 댄서가 된 이유 - 키라키라 도츄우 (Ganbare Goemon Kirakira Douchuu - Boku ga Dancer ni Natta Wake).smc	NO_MATCH	1	0	-	-	3145728
제로 더 카미카제 스쿼럴 (Zero the Kamikaze Squirrel).smc	OK	1	1	08:9588/958a	00	2097152
웨인즈 월드 (Wayne's World).smc	NO_MATCH	1	0	-	-	1048576
공략 카지노 바 (Kouryaku Casino Bar).smc	NO_MATCH	1	0	-	-	1048576
드림 TV (Dream T.V.).smc	OK	1	14	00:8305/8307	91	524288
엘파리아 2 - 더 퀘스트 오브 더 멜드 (Elfaria II - The Quest of the Meld).smc	NO_MATCH	2	0	-	-	2097152
J리그 엑사이트 스테이지 '96 (J.League Excite Stage '96).smc	NO_MATCH	1	0	-	-	2097152
피크로스 NP Vol. 4 (Picross NP Vol. 4).smc	NO_MATCH	2	0	-	-	1048576
PGA 투어 96 (PGA Tour 96).smc	NO_MATCH	1	0	-	-	2097152
하이퍼 V볼 (Hyper V-Ball).smc	NO_MATCH	1	0	-	-	1048576
실황 파워풀 프로 야구 2 (Jikkyou Powerful Pro Yakyuu 2).smc	NO_MATCH	1	0	-	-	2621440
슈퍼 봄버맨 4 (Super Bomberman 4).smc	NO_MATCH	2	0	-	-	2097152
마도물어 - 하나마루 대유치원아 (Madou Monogatari - Hanamaru Daiyouchienji).smc	NO_MATCH	1	0	-	-	2097152
무샤 (Musya - The Classic Japanese Tale of Horror).smc	NO_MATCH	1	0	-	-	1048576
뉴 얏타맨 난다이 칸다이 야지로베 (New Yatterman - Nandai Kandai Yajirobee).smc	OK	1	2	00:8252/8254	3d	1572864
드림 바스켓볼 - 덩크 앤 훕 (Dream Basketball - Dunk & Hoop).smc	NO_MATCH	1	0	-	-	1572864
쇼기 사이쿄 (Shougi Saikyou).smc	NO_MATCH	1	0	-	-	1048576
발리볼 트윈 (Volleyball Twin).smc	NO_MATCH	1	0	-	-	1048576
바바로사 (Barbarossa).smc	OK	1	1	18:e741/e743	7c	1048576
슈퍼 동키콩 1 (Super Donkey Kong).smc	NO_MATCH	2	0	-	-	4194304
신 일각천금 (Shin Ikkakusenkin).smc	NO_MATCH	1	0	-	-	1048576
슈퍼 테트리스 3 (Super Tetris 3).smc	NO_MATCH	1	0	-	-	1048576
나지 리브레 (Nage Libre - Seijaku no Suishin).smc	NO_MATCH	1	0	-	-	1572864
인캔테이션 (Incantation).smc	NO_MATCH	1	0	-	-	524288
이퀴녹스 (Equinox).smc	OK	1	2	01:b8d9/b8db	2d	1048576
스페이스 펑키 B.O.B. (Space Funky B.O.B.).smc	NO_MATCH	1	0	-	-	1048576
슈퍼 빌리어드 (Super Billiard - Championship Pool).smc	OK	1	1	00:b1b1/b1b3	00	1048576
풋볼 퓨리 (Football Fury).smc	NO_MATCH	1	0	-	-	1048576
쥬라기 공원 2 - 카오스 컨티뉴스 (Jurassic Park Part 2 - The Chaos Continues).smc	NO_MATCH	1	0	-	-	2097152
웜즈 (Worms).smc	NO_MATCH	1	0	-	-	2097152
더 닌자 워리어스 (Ninjawarriors).smc	NO_MATCH	1	0	-	-	1572864
오비투스 (Obitus).smc	NO_MATCH	1	0	-	-	1048576
파르러! 미니 3 - 파친코 실기 시뮬레이션 게임 (Parlor! Mini 3 - Pachinko Jikki Simulation Game).smc	NO_MATCH	2	0	-	-	1048576
라플라스의 마 (Laplace no Ma).smc	OK	1	1	01:816c/816e	67	2097152
파르러! 미니 7 - 파친코 실기 시뮬레이션 게임 (Parlor! Mini 7 - Pachinko Jikki Simulation Game).smc	NO_MATCH	2	0	-	-	1048576
정글의 왕 타짱 - 세계 만유 대격투의 권 (Jungle no Ouja Tar-chan - Sekaimanyuu Daikakutou no Maki).smc	NO_MATCH	1	0	-	-	1048576
사이버 나이트 2 - 지구 제국의 야망 (Cyber Knight II - Chikyuu Teikoku no Yabou).smc	OK	1	1	0d:f4a7/f4a9	91	2097152
시모노 마사키의 피싱 투 베이싱 (Shimono Masaki no Fishing to Bassing).smc	NO_MATCH	2	0	-	-	1048576
프로 마작 츠와모노 (Pro Mahjong Tsuwamono).smc	NO_MATCH	1	0	-	-	524288
슈퍼 파이어 프로레슬링 (Super Fire Pro Wrestling).smc	NO_MATCH	1	0	-	-	1048576
스피디 곤잘레스 - 로스 가토스 반디도스 (Speedy Gonzales - Los Gatos Bandidos).smc	NO_MATCH	1	0	-	-	1048576
위닝 포스트 2 (Winning Post 2).smc	OK	2	1	e5:f876/f878	c5	3145728
슈퍼 봄버맨 5 (Super Bomberman 5).smc	NO_MATCH	2	0	-	-	2097152
터미네이터 2 심판의 날 (Terminator 2 - Judgment Day).smc	NO_MATCH	1	0	-	-	1048576
콘 버스터 (Corn Buster).smc	NO_MATCH	1	0	-	-	2031616
시로이 링 헤 - 트윙클 리틀 스타 스토리 (Shiroi Ring e - Twinkle Little Star).smc	NO_MATCH	1	0	-	-	1572864
울티마 외전 - 흑기사의 음모 (Ultima Gaiden - Kuro Kishi no Inbou).smc	OK	1	10	00:86f3/86f5	2e	1048576
아랑전설 스페셜 (Fatal Fury Special).smc	NO_MATCH	2	0	-	-	4194304
스피드 레이서 - 나의 가장 위험한 모험 (Speed Racer).smc	NO_MATCH	1	0	-	-	2097152
J리그 슈퍼 사커 (J.League Super Soccer).smc	NO_MATCH	1	0	-	-	1572864
파이널 스트레치 (Final Stretch).smc	NO_MATCH	2	0	-	-	1572864
봄버즐 (Bombuzal).smc	NO_MATCH	1	0	-	-	524288
파이널 파이트 (Final Fight).smc	NO_MATCH	1	0	-	-	1048576
페르시아의 왕자 (Prince of Persia).smc	OK	1	2	01:bec5/bec7	00	1048576
슈퍼 코파 (Super Copa).smc	NO_MATCH	1	0	-	-	1048576
오스!! 가라테부 (Ossu!! Karate-bu).smc	NO_MATCH	1	0	-	-	2621440
SD 건담 GX (SD Gundam GX).smc	NO_MATCH	1	0	-	-	1048576
포플메일 (Popful Mail).smc	NO_MATCH	1	0	-	-	1048576
ESPN 스피드 월드 (ESPN Speed World).smc	OK	1	16	00:9c80/9c82	00	2097152
쥬라기 공원 (Jurassic Park).smc	OK	1	1	01:8360/8362	f0	2097152
월드 리그 농구 (World League Basketball).smc	NO_MATCH	1	0	-	-	1048576
슈퍼 모모타로 전철 III (Super Momotarou Dentetsu III).smc	OK	2	1	c0:5eb9/5ebb	c5	1048576
잭 니클라스 골프 (Jack Nicklaus Golf).smc	NO_MATCH	1	0	-	-	524288
츠요시 제정신 차려라 - 대전 퍼즐다마 (Tsuyoshi Shikkari Shinasai - Taisen Puzzle Dama).smc	NO_MATCH	1	0	-	-	1048576
배틀 클래시 (Battle Clash).smc	NO_MATCH	1	0	-	-	1048576
악마성 드라큘라 (Akumajou Dracula).smc	NO_MATCH	1	0	-	-	1048576
레나스 - 고대기계의 기억 (Lennus - Kodai Kikai no Kioku).smc	NO_MATCH	1	0	-	-	1572864
슈퍼 마리오 월드 (Super Mario World).smc	OK	1	1	00:806b/806d	10	524288
엔비에이 라이브 97 (NBA Live 97).smc	NO_MATCH	1	0	-	-	2097152
SD 건담 파워 포메이션 퍼즐 (SD Gundam - Power Formation Puzzle).smc	NO_MATCH	1	0	-	-	1048576
월드컵 USA 94 (World Cup USA 94).smc	NO_MATCH	2	0	-	-	1572864
B.O.B (B.O.B.).smc	NO_MATCH	1	0	-	-	1048576
네트워크 Q 랠리 (Rally - The Final Round of the World Rally Championship).smc	NO_MATCH	1	0	-	-	1048576
슈퍼 파치슬롯 마작 (Super Pachi-Slot Mahjong).smc	NO_MATCH	1	0	-	-	1048576
AD&D 아이 오브 더 비홀더 (Advanced Dungeons & Dragons - Eye of the Beholder).smc	NO_MATCH	1	0	-	-	1048576
바다의 능자 낚시 (Umi no Nushi Tsuri).smc	NO_MATCH	1	0	-	-	2097152
슈퍼 인생 게임 (Super Jinsei Game).smc	OK	1	1	10:8257/8259	50	1310720
클레이 파이터 2 - 저지먼트 클레이 (Clay Fighter 2 - Judgment Clay).smc	NO_MATCH	2	0	-	-	3145728
스타윙 (Starwing).smc	NO_MATCH	1	0	-	-	1048576
파친코 이야기 2 - 나고야 사치호코의 제왕 (Pachinko Monogatari 2 - Nagoya Shachihoko no Teiou).smc	NO_MATCH	1	0	-	-	1572864
슈퍼 경마 2 (Super Keiba 2).smc	NO_MATCH	1	0	-	-	1572864
스트라이커 (Striker).smc	NO_MATCH	1	0	-	-	524288
슈퍼 마리오 컬렉션 (Super Mario Collection).smc	NO_MATCH	1	0	-	-	2097152
마작 번성기 (Mahjong Hanjouki).smc	NO_MATCH	1	0	-	-	524288
진 여신전생 2 (Shin Megami Tensei II).smc	NO_MATCH	1	0	-	-	2097152
스컬재거 - 웨스티칸의 반란 (Skuljagger - Revolt of the Westicans).smc	NO_MATCH	1	0	-	-	524288
키퍼 (Keeper).smc	NO_MATCH	1	0	-	-	524288
캡콤 MVP 풋볼 (Capcom's MVP Football).smc	OK	1	1	1d:85ab/85ad	ba	1048576
클레이 파이터 (ClayFighter).smc	NO_MATCH	2	0	-	-	2097152
어스웜 짐 2 (Earthworm Jim 2).smc	OK	2	5	c0:5828/582a	b0	3145728
제4차 슈퍼로봇대전 (Dai-4-ji Super Robot Taisen).smc	OK	2	1	d4:1da3/1da5	b0	3145728
꽃의 케이지 - 구름의 저편에 (Hana no Keiji - Kumo no Kanata ni).smc	OK	1	1	01:8769/876b	03	2097152
패밀리 도그 (Family Dog).smc	OK	1	1	0f:ea05/ea07	00	1048576
다리우스 트윈 (Darius Twin).smc	NO_MATCH	1	0	-	-	1048576
위저드리 외전 IV - 태마의 고동 (Wizardry Gaiden IV - Taima no Kodou).smc	NO_MATCH	1	0	-	-	4194304
슈퍼 게임보이 2 (Super Game Boy 2).smc	OK	1	5	00:ba6a/ba6c	22	524288
제트슨 가족 - 행성 해적단의 침공 (Jetsons, The - Invasion of the Planet Pirates).smc	NO_MATCH	1	0	-	-	1048576
카드 마스터 - 림사리아의 봉인 (Card Master - Rimusaria no Fuuin).smc	OK	1	1	09:f81d/f81f	00	1048576
파이어 엠블렘 - 성전의 계보 (Fire Emblem - Seisen no Keifu).smc	NO_MATCH	2	0	-	-	4194304
소드 매니악 (Sword Maniac).smc	NO_MATCH	1	0	-	-	1048576
다테 키미코의 버추얼 테니스 (Date Kimiko no Virtual Tennis).smc	NO_MATCH	1	0	-	-	1048576
신 SD전국전 - 대장군열전 (Shin SD Sengokuden - Daishougun Retsuden).smc	NO_MATCH	1	0	-	-	1572864
음악만들기 - 카나데루 (Ongaku Tsukuru Kanadeeru).smc	OK	2	1	c0:a067/a069	2f	1048576
헤베레케의 팝푼 (Hebereke no Popoon).smc	NO_MATCH	1	0	-	-	1048576
록맨 7 (Mega Man 7).smc	NO_MATCH	2	0	-	-	2097152
검용전설 야이바 (Kenyuu Densetsu Yaiba).smc	NO_MATCH	1	0	-	-	1572864
마리오의 슈퍼 피크로스 (Mario no Super Picross).smc	NO_MATCH	2	0	-	-	1048576
이하토보 이야기 (Ihatovo Monogatari).smc	NO_MATCH	1	0	-	-	1048576
카일 페티의 노 피어 레이싱 (Kyle Petty's No Fear Racing).smc	OK	2	2	c0:9368/936a	3a	3145728
후나키 마사카츠 하이브리드 레슬러 - 투기 전승 (Funaki Masakatsu Hybrid Wrestler - Tougi Denshou).smc	NO_MATCH	1	0	-	-	2097152
위저드리 I-II-III - 릴가민의 이야기 (Wizardry I-II-III - Story of Llylgamyn).smc	NO_MATCH	1	0	-	-	4194304
볼즈 3D (Ballz 3D - Fighting at Its Ballziest).smc	NO_MATCH	2	0	-	-	1048576
꿈 미궁 - 키구루미 대모험 (Dream Maze - Kigurumi Daibouken).smc	NO_MATCH	1	0	-	-	1048576
슈퍼 터리칸 2 (Super Turrican 2).smc	OK	1	3	2b:c76c/c76e	0f	2097152
가면라이더SD - 출격! 라이더머신 (Kamen Rider SD - Shutsugeki!! Rider Machine).smc	NO_MATCH	1	0	-	-	1048576
토이즈 (Toys - Let the Toy Wars begin!).smc	OK	1	2	0a:d31c/d31e	03	1048576
렌 앤 스팀피 쇼 - 부케로스! (Ren & Stimpy Show, The - Buckeroo$!).smc	OK	1	1	1f:ed2d/ed2f	00	1048576
과학자 할리의 파란만장 (Kagakusha Harley no Haran Banjou).smc	NO_MATCH	1	0	-	-	524288
오스카 (Oscar).smc	NO_MATCH	1	0	-	-	524288
푸시 오버 (Push-Over).smc	NO_MATCH	1	0	-	-	524288
기동무투전G건담 (Kidou Butouden G Gundam).smc	NO_MATCH	2	0	-	-	2097152
SM 조교사 히토미 Vol 2 리믹스 (SM Choukyoushi Hitomi Vol. 2 Remix).smc	NO_MATCH	1	0	-	-	524288
슈퍼 패미스타 3 (Super Famista 3).smc	NO_MATCH	1	0	-	-	1048576
나이스 데 샷 (Nice de Shot).smc	NO_MATCH	1	0	-	-	1572864
프로 기사 인생 시뮬레이션 - 쇼기의 하나미치 (Pro Kishi Jinsei Simulation - Shougi no Hanamichi).smc	OK	1	1	00:91e6/91e8	7b	1048576
ESPN 선데이 나잇 NFL (ESPN Sunday Night NFL).smc	OK	1	1	3d:a89b/a89d	00	2097152
브레인 로드 (Brain Lord).smc	NO_MATCH	2	0	-	-	1572864
기원화 (Gionbana).smc	NO_MATCH	1	0	-	-	1048576
마이트 앤 매직 2 이세계로의 문 (Might and Magic - Book II).smc	NO_MATCH	1	0	-	-	1048576
배틀 핀볼 (Battle Pinball).smc	NO_MATCH	1	0	-	-	1310720
배신스 블랙 배스 (Bassin's Black Bass).smc	NO_MATCH	1	0	-	-	2097152
삼국지 영걸전 (Sangokushi - Eiketsuden).smc	NO_MATCH	2	0	-	-	3145728
SD 울트라 배틀 - 울트라맨 전설 + ST 바이오스.smc	OK	1	1	00:839b/839d	9d	786432
스마트 볼 (Smart Ball).smc	NO_MATCH	1	0	-	-	1048576
스파크 월드 (Spark World).smc	NO_MATCH	1	0	-	-	524288
언더커버 캅스 (Undercover Cops).smc	NO_MATCH	2	0	-	-	3145728
스페이스 에이스 (Space Ace).smc	NO_MATCH	1	0	-	-	1048576
전설의 오우거 배틀 - 검은 여왕의 행차 (Ogre Battle - The March of the Black Queen).smc	OK	1	9	00:a86c/a86e	53	1572864
애니매니악스 (Animaniacs).smc	NO_MATCH	1	0	-	-	1048576
J리그 엑사이트 스테이지 '95 (J.League Excite Stage '95).smc	OK	1	1	1d:9d10/9d12	de	1572864
요시의 로드 헌팅 (Yoshi no Road Hunting).smc	NO_MATCH	1	0	-	-	1048576
몬스타니아 (Monstania).smc	NO_MATCH	2	0	-	-	2621440
새터데이 나이트 슬램 마스터즈 (Saturday Night Slam Masters).smc	NO_MATCH	2	0	-	-	3145728
3x3 아이즈 주마 호우칸 (3x3 Eyes - Juuma Houkan).smc	NO_MATCH	2	0	-	-	2097152
마법진 구루구루 2 (Mahoujin Guru Guru 2).smc	NO_MATCH	2	0	-	-	3145728
이토 하카 로쿠단의 쇼기 도장 (Itou Hatasu Rokudan no Shougi Doujou).smc	NO_MATCH	1	0	-	-	1048576
아랑전설2 - 새로운 싸움 (Garou Densetsu 2 - Aratanaru Tatakai).smc	NO_MATCH	2	0	-	-	2621440
세임 게임 (Same Game).smc	NO_MATCH	2	0	-	-	1048576
파워 소코반 (Power Soukoban).smc	NO_MATCH	1	0	-	-	1048576
즉석 하이스쿨 (Dekitate High School).smc	OK	1	1	00:8865/8867	06	2097152
닌타마 란타로 3 (Nintama Rantarou 3).smc	NO_MATCH	1	0	-	-	1048576
신 스타 트렉 - 넥스트 제너레이션 (Shin Star Trek - Ooinaru Isan IFD no Nazo o Oe).smc	OK	1	1	14:f6ac/f6ae	0b	2621440
슈퍼 혼메이 G1 세이하 (Super Honmei - GI Seiha).smc	NO_MATCH	1	0	-	-	1572864
한나 바베라의 터보 툰 (Turbo Toons).smc	NO_MATCH	1	0	-	-	524288
F-1 그랑프리 파트 2 (F-1 Grand Prix Part II).smc	NO_MATCH	2	0	-	-	1572864
목장 이야기 (Bokujou Monogatari).smc	OK	1	2	00:8654/8656	00	2097152
무인도 이야기 (Mujintou Monogatari).smc	NO_MATCH	1	0	-	-	2097152
슈퍼 차이니즈 월드 2 우주 제일무도 대회 (Super Chinese World 2 - Uchuuichi Butou Taikai).smc	NO_MATCH	1	0	-	-	2097152
슈퍼 노부나가의 야망 - 무장 풍운록 (Super Nobunaga no Yabou - Bushou Fuuunroku).smc	NO_MATCH	1	0	-	-	1048576
스트리트 파이터 2 (Street Fighter II).smc	NO_MATCH	1	0	-	-	2097152
파이프 드림 (Pipe Dream).smc	NO_MATCH	1	0	-	-	524288
배틀 사커 필드의 패자 (Battle Soccer - Field no Hasha).smc	OK	2	5	c0:9846/9848	34	1048576
노마크 바쿠 하이토 - 시죠 사이쿄 노 자쿠시 타츠 (Nomark Baku Haitou - Shijou Saikyou no Janshi-tachi).smc	NO_MATCH	2	0	-	-	1572864
던전 마스터 (Dungeon Master).smc	NO_MATCH	1	0	-	-	1048576
죠죠의 기묘한 모험 (JoJo no Kimyou na Bouken).smc	NO_MATCH	1	0	-	-	2306048
디노 디니 사커 (Dino Dini's Soccer!).smc	NO_MATCH	1	0	-	-	1048576
로드 라이엇 4WD (Road Riot 4WD).smc	NO_MATCH	1	0	-	-	524288
슈퍼 인디 챔프 (Super Indy Champ).smc	NO_MATCH	1	0	-	-	1048576
F1 월드 챔피언십 에디션 (F1 - World Championship Edition).smc	NO_MATCH	1	0	-	-	2097152
토이 스토리 (Toy Story).smc	NO_MATCH	2	0	-	-	4194304
교라쿠산요 마루혼 파르코! 파르코! 2 (Parlor! Parlor! 2).smc	NO_MATCH	2	0	-	-	2097152
라이즈 오브 더 로봇 (Rise of the Robots).smc	NO_MATCH	2	0	-	-	4194304
스머프의 세계 여행 (Smurfs Travel the World, The).smc	OK	1	3	01:b1d5/b1d7	7e	1310720
미소녀전사 세일러문 S - 쿠루쿠루린 (Bishoujo Senshi Sailor Moon S - Kurukkurin).smc	OK	1	2	08:cf5c/cf5e	cb	524288
배트맨 - 조커의 복수 (Batman - Revenge of the Joker).smc	NO_MATCH	2	0	-	-	1048576
슈퍼 경주마 - 바람의 실루피드 (Super Kyousouba - Kaze no Sylphid).smc	NO_MATCH	1	0	-	-	1048576
은탕 오야카타의 실전 파친코 필승법 (Gindama Oyakata no Pachinko Hisshouhou).smc	NO_MATCH	1	0	-	-	1572864
다크 하프 (Dark Half).smc	NO_MATCH	2	0	-	-	3145728
슈퍼로봇대전 EX (Super Robot Taisen EX).smc	NO_MATCH	1	0	-	-	1572864
곤 (Gon).smc	NO_MATCH	1	0	-	-	1048576
사커 슛아웃 (Soccer Shootout).smc	OK	1	1	17:bd60/bd62	39	1572864
슈퍼 V.G. (Super Variable Geo).smc	NO_MATCH	1	0	-	-	3145728
피노키오 (Pinocchio).smc	NO_MATCH	2	0	-	-	3145728
배틀 제크전 (Battle Zeque Den).smc	NO_MATCH	1	0	-	-	1572864
록맨 X3 (Rockman X3).smc	NO_MATCH	1	0	-	-	2097152
메탈 워리어즈 (Metal Warriors).smc	NO_MATCH	1	0	-	-	2097152
F1 폴 포지션 (F1 Pole Position).smc	NO_MATCH	1	0	-	-	1048576
파이널 파이트 1 가이 (Final Fight Guy).smc	NO_MATCH	1	0	-	-	1048576
NCAA 파이널 포 바스켓볼 (NCAA Final Four Basketball).smc	NO_MATCH	1	0	-	-	1572864
와일 E 코요테의 복수.smc	NO_MATCH	1	0	-	-	2097152
낚시 고시엔 (Fishing Koushien).smc	NO_MATCH	1	0	-	-	2097152
스트리트 컴뱃 (Street Combat).smc	NO_MATCH	1	0	-	-	1048576
요기 베어 (Adventures of Yogi Bear).smc	OK	1	3	00:859f/85a1	b7	1048576
탑 레이서 2 (Top Racer 2).smc	OK	1	1	1f:f094/f096	ab	1048576
실전 파친코슬롯 필승법 야마사 전설 (Jissen! Pachi-Slot Hisshouhou! Yamasa Densetsu).smc	NO_MATCH	1	0	-	-	1048576
밀란드라 (Milandra).smc	NO_MATCH	1	0	-	-	3145728
진 여신전생 (Shin Megami Tensei).smc	NO_MATCH	1	0	-	-	1572864
러싱 비트 (Rushing Beat).smc	NO_MATCH	1	0	-	-	1048576
컬리지 풋볼 USA 97 - 뉴올리언스로 가는 길 (College Football USA 97).smc	OK	1	1	30:8266/8268	00	2097152
대만 16 마작 2 - 호로스콥 걸스 에디션 (16 Zhang Mahjong II - Xingzuo Nulang Pian).smc	NO_MATCH	1	0	-	-	524288
아담스 패밀리 (Addams Family, The).smc	NO_MATCH	1	0	-	-	1048576
플린스톤 - 시에라 마드록의 보물 (Flintstones, The - The Treasure of Sierra Madrock).smc	NO_MATCH	1	0	-	-	1048576
GP-1 (GP-1).smc	NO_MATCH	1	0	-	-	1048576
유유백서 - 특별편 (Yu Yu Hakusho - Tokubetsu Hen).smc	OK	1	1	00:8b0e/8b10	0e	2097152
슈퍼 마리오 요시 아일랜드 (Super Mario - Yoshi Island).smc	NO_MATCH	1	0	-	-	2097152
페블 비치의 파도 뉴 - 토너먼트 에디션 (Pebble Beach no Hatou New - Tournament Edition).smc	NO_MATCH	1	0	-	-	2097152
오에카키 로직 (Oekaki Logic).smc	NO_MATCH	2	0	-	-	524288
오퍼레이션 썬더볼트 (Operation Thunderbolt).smc	OK	2	1	c8:0340/0342	00	1310720
게게게의 키타로 - 요괴 돈자라.smc	OK	1	1	00:8136/8138	9d	523776
제임스 폰드 3 - 오퍼레이션 스타피쉬 (Operation Starfi5h).smc	NO_MATCH	2	0	-	-	2097152
그레이트 배틀 5 (Great Battle V, The).smc	OK	1	1	00:850e/8510	80	1572864
시크릿 오브 더 스타즈 (Tecmo Secret of the Stars).smc	NO_MATCH	1	0	-	-	1572864
촙리프터 3 (Choplifter III).smc	NO_MATCH	1	0	-	-	524288
빨간망토 차차 (Akazukin Chacha).smc	NO_MATCH	2	0	-	-	1572864
월면의 아누비스 (Getsumen no Anubis).smc	NO_MATCH	1	0	-	-	3145728
러브 퀘스트 (Love Quest).smc	NO_MATCH	1	0	-	-	1572864
슈퍼 소코반 (Super Soukoban).smc	NO_MATCH	1	0	-	-	524288
머슬 봄버 - 더 바디 익스플로전 (Muscle Bomber - the body explosion).smc	NO_MATCH	2	0	-	-	3145728
J리그 사커 프라임 골 3 (J.League Soccer - Prime Goal 3).smc	NO_MATCH	1	0	-	-	2097152
경마 에이트 스페셜 2 (Keiba Eight Special 2).smc	NO_MATCH	1	0	-	-	1048576
모탈 컴뱃 3 (Mortal Kombat 3).smc	NO_MATCH	2	0	-	-	4194304
황룡의 귀 (Kouryuu no Mimi).smc	NO_MATCH	1	0	-	-	1048576
안젤리크 프리미엄 박스 (Angelique - Premium Box).smc	NO_MATCH	2	0	-	-	2097152
ABC 먼데이 나이트 풋볼 (ABC Monday Night Football).smc	OK	1	2	00:8332/8334	7d	1048576
틱 (Tick, The).smc	NO_MATCH	1	0	-	-	2097152
슈퍼 오프 로드 - 더 바하 (Super Off Road - The Baja).smc	NO_MATCH	1	0	-	-	1048576
SD 건담 제너레이션 C - 액시스 전기 + ST 바이오스.smc	OK	1	1	00:839b/839d	9d	786432
타케미야 마사키 9단의 바둑 대장 (Takemiya Masaki Kudan no Igo Taishou).smc	NO_MATCH	1	0	-	-	524288
테크모 슈퍼 NBA 농구 (Tecmo Super NBA Basketball).smc	NO_MATCH	1	0	-	-	1048576
슈퍼 나조 푸요 - 루루의 루 (Super Nazo Puyo - Rulue no Roux).smc	OK	1	1	00:80b2/80b4	25	1048576
이데아의 날 (Idea no Hi).smc	NO_MATCH	1	0	-	-	2097152
게게게의 키타로 - 부활! 천마대왕 (Gegege no Kitarou - Fukkatsu! Tenma Daiou).smc	NO_MATCH	1	0	-	-	1048576
나이츠 오브 더 라운드 (Knights of the Round).smc	NO_MATCH	1	0	-	-	1572864
타임 트랙스 (Time Trax).smc	NO_MATCH	1	0	-	-	1048576
마리오 타임 머신 (Mario's Time Machine).smc	NO_MATCH	1	0	-	-	1048576
테트리스 2 (Tetris 2).smc	NO_MATCH	1	0	-	-	1048576
핏 파이터 (Pit-Fighter).smc	NO_MATCH	1	0	-	-	524288
코스모 폴리스 갈리반 2 - 정의의 화살 (Cosmo Police Galivan II - Arrow of Justice).smc	NO_MATCH	1	0	-	-	1048576
도날드 인 마우이 말라드 (Donald in Maui Mallard).smc	NO_MATCH	1	0	-	-	3145728
슈퍼 리얼 마작 PV 파라다이스 올스타 4인치.smc	NO_MATCH	1	0	-	-	1572864
메이저 타이틀 (Major Title).smc	NO_MATCH	1	0	-	-	1048576
미즈키 시게루의 요괴 백귀야행 (Mizuki Shigeru no Youkai Hyakkiyakou).smc	NO_MATCH	1	0	-	-	1572864
베스트 샷 프로 골프 (Best Shot Pro Golf).smc	NO_MATCH	2	0	-	-	4194304
유럽 전선 (Europe Sensen).smc	NO_MATCH	2	0	-	-	1572864
테크모 슈퍼 베이스볼 (Tecmo Super Baseball).smc	NO_MATCH	1	0	-	-	1572864
영 머린 (Young Merlin).smc	NO_MATCH	1	0	-	-	2097152
스트리트 하키 95 (Street Sports - Street Hockey '95).smc	NO_MATCH	2	0	-	-	3145728
로스트 바이킹 (Lost Vikings, The).smc	NO_MATCH	1	0	-	-	1048576
간바레 고에몬 - 유키히메 구출 에마키 (Ganbare Goemon - Yuki Hime Kyuushutsu Emaki).smc	NO_MATCH	1	0	-	-	1048576
퍼즐 보블 _ 버스트 어 무브 (Puzzle Bobble).smc	NO_MATCH	1	0	-	-	524288
미스터리 서클 (Mystery Circle).smc	NO_MATCH	1	0	-	-	1048576
스펙터 (Spectre).smc	NO_MATCH	1	0	-	-	1048576
게게게의 키타로 - 요괴 돈자라 + ST BIOS.smc	OK	1	2	00:839b/839d	9d	786432
삼국지 3 (Sangokushi III).smc	NO_MATCH	2	0	-	-	1572864
더블 드래곤의 귀환 (Return of Double Dragon).smc	NO_MATCH	1	0	-	-	1048576
행운의 돌림판 - 디럭스 에디션 (Wheel of Fortune - Deluxe Edition).smc	NO_MATCH	1	0	-	-	524288
월드 히어로즈 (World Heroes).smc	NO_MATCH	2	0	-	-	2097152
웨폰로드 (WeaponLord).smc	NO_MATCH	2	0	-	-	3145728
바나나 인 파자마 (Bananas de Pijamas).smc	NO_MATCH	1	0	-	-	1048576
변태의 전설 V050.smc	OK	1	2	00:8034/8036	12	1048576
슈퍼 경마 (Super Keiba).smc	NO_MATCH	1	0	-	-	1048576
츳파리 오오즈모우 - 입신출세 편 (Tsuppari Oozumou - Risshinshusse Hen).smc	NO_MATCH	1	0	-	-	1048576
슈퍼 마작 2 - 혼카쿠 4닌 우치! (Super Mahjong 2 - Honkaku 4-nin Uchi!).smc	NO_MATCH	2	0	-	-	524288
둠즈데이 워리어 (Doomsday Warrior).smc	OK	1	1	1b:86d5/86d7	81	1048576
포키 앤 로키 2 (Pocky & Rocky 2).smc	NO_MATCH	1	0	-	-	1572864
기관차 토마스와 친구들 (Thomas the Tank Engine & Friends).smc	NO_MATCH	1	0	-	-	1048576
마신전생 2 - 스파이럴 네메시스 (Majin Tensei II - Spiral Nemesis).smc	OK	2	2	dc:6487/6489	e7	3145728
드래곤 슬레이어 II - 영웅전설 (Dragon Slayer - Eiyuu Densetsu II).smc	NO_MATCH	2	0	-	-	1572864
은하전국군웅전 라이 (Ginga Sengoku Gunyuuden Rai).smc	NO_MATCH	1	0	-	-	2097152
매직 존슨의 슈퍼 슬램 덩크 (Magic Johnson no Super Slam Dunk).smc	NO_MATCH	1	0	-	-	1048576
지그재그 캣 - 타조 클럽도 대소동이다 (Zig Zag Cat - Dachou Club mo Oosawagi da).smc	NO_MATCH	2	0	-	-	1572864
요코야마 미츠테루 - 삼국지 반기 - 스고로쿠 영웅기 (Yokoyama Mitsuteru Sangokushi Bangi - Sugoroku Eiyuu-ki).smc	NO_MATCH	2	0	-	-	1572864
어스바운드 (EarthBound).smc	NO_MATCH	2	0	-	-	3145728
꼬마 괴물들의 모험 - 버스터의 대소동! (Tiny Toon Adventures - Buster Busts Loose!).smc	NO_MATCH	1	0	-	-	1048576
슈퍼 인생 게임 2 (Super Jinsei Game 2).smc	NO_MATCH	1	0	-	-	1310720
배틀 사커 2 (Battle Soccer 2).smc	NO_MATCH	2	0	-	-	1310720
태합입신전 (Taikou Risshiden).smc	NO_MATCH	2	0	-	-	1572864
오에카키 로직 2 (Oekaki Logic 2).smc	NO_MATCH	2	0	-	-	524288
월드컵 스트라이커 (World Cup Striker).smc	OK	2	2	cf:d136/d138	0d	1048576
토리데 (Toride).smc	NO_MATCH	1	0	-	-	1048576
디트 레이서 (Dirt Racer).smc	OK	1	1	00:ecf9/ecfb	42	524288
X 존 (X Zone).smc	NO_MATCH	1	0	-	-	524288
동키콩 컨트리 2 - 디디스 콩 퀘스트 (Donkey Kong Country 2 - Diddy's Kong Quest).smc	NO_MATCH	2	0	-	-	4194304
니시진 파친코 모노가타리 3 (Nishijin Pachinko 3).smc	NO_MATCH	2	0	-	-	1310720
슈퍼 블랙 버스 (Super Black Bass).smc	NO_MATCH	1	0	-	-	1048576
북두의 권 5 - 천마유성전 애절장 (Hokuto no Ken 5 - Tenma Ryuuseiden Ai Zetsu Shou).smc	NO_MATCH	1	0	-	-	1048576
필승 777 파이터 - 파치슬롯 류구 전설 (Hisshou 777 Fighter - Pachi-Slot Ryuuguu Densetsu).smc	NO_MATCH	1	0	-	-	524288
효오덴 - 마물들과의 맹세 (Hiouden - Mamono-tachi to no Chikai).smc	NO_MATCH	1	0	-	-	1572864
배틀 블레이즈 (Battle Blaze).smc	NO_MATCH	1	0	-	-	1048576
사이바라 리에코의 마작 방랑기 (Saibara Rieko no Mahjong Hourouki).smc	OK	2	6	c0:031a/031c	56	524288
닌자 거북이 - 토너먼트 파이터즈 (Teenage Mutant Ninja Turtles - Tournament Fighters).smc	NO_MATCH	1	0	-	-	2097152
에어로 더 아크로뱃 2 (Aero the Acro-Bat 2).smc	OK	1	1	3f:9588/958a	00	2097152
프랭크 토마스 빅 허트 베이스볼 (Frank Thomas Big Hurt Baseball).smc	OK	1	17	00:c4d7/c4d9	20	3145728
이스 4 - 태양의 가면 (Ys IV - Mask of the Sun).smc	NO_MATCH	1	0	-	-	1572864
다리우스 포스 (Darius Force).smc	NO_MATCH	2	0	-	-	1048576
울트라맨 (Ultraman).smc	OK	1	1	09:892a/892c	30	524288
슈퍼 아이스하키 (Super Ice Hockey).smc	NO_MATCH	2	0	-	-	1048576
드래곤즈 매직 (Dragon's Magic).smc	OK	1	1	00:f392/f394	3a	524288
퍼스트 사무라이 (First Samurai).smc	NO_MATCH	1	0	-	-	524288
라이벌 터프 (Rival Turf!).smc	NO_MATCH	1	0	-	-	1048576
슈퍼 F1 서커스 (Super F1 Circus).smc	NO_MATCH	1	0	-	-	1048576
슈퍼 파워 리그 (Super Power League).smc	NO_MATCH	2	0	-	-	1572864
오퍼레이션 로직 봄 (Operation Logic Bomb - The Ultimate Search & Destroy).smc	NO_MATCH	1	0	-	-	1048576
피파 로드 투 월드컵 98 (FIFA - Road to World Cup 98).smc	OK	1	1	01:98bf/98c1	00	2097152
더비 스탈리온 96 (Derby Stallion 96).smc	NO_MATCH	1	0	-	-	3145728
마징가 Z (Mazinger Z).smc	OK	1	2	00:d648/d64a	9d	1048576
타케다 노부히로의 슈퍼 리그 사커 (Takeda Nobuhiro no Super League Soccer).smc	NO_MATCH	1	0	-	-	1048576
귀신동자 젠키 - 전영 라이브 (Kishin Douji Zenki - Denei Raibu).smc	NO_MATCH	2	0	-	-	2097152
스톤 프로텍터스 (Stone Protectors).smc	NO_MATCH	1	0	-	-	2097152
발 디제르 챔피언십 (Val d'Isere Championship).smc	NO_MATCH	1	0	-	-	1048576
록키와 불윙클과 친구들의 모험 (Adventures of Rocky and Bullwinkle and Friends, The).smc	OK	1	1	1e:f206/f208	00	1048576
택티컬 사커.smc	NO_MATCH	2	0	-	-	1572864
에릭 캔토나 풋볼 챌린지 (Eric Cantona Football Challenge).smc	NO_MATCH	1	0	-	-	524288
마리오 이즈 미싱! (Mario is Missing!).smc	NO_MATCH	1	0	-	-	1048576
샤크 푸 (Shaq Fu).smc	OK	2	1	c0:c585/c587	84	2097152
어나더 월드 (Another World).smc	NO_MATCH	1	0	-	-	1048576
메탈 컴뱃 팰컨스 리벤지 (Metal Combat - Falcon's Revenge).smc	NO_MATCH	1	0	-	-	2097152
가루라오 (Karura Ou).smc	NO_MATCH	1	0	-	-	1048576
데아에 토노사마 아파레 이치반 (Deae Tonosama Appare Ichiban).smc	OK	1	1	17:d951/d953	1c	1572864
헤이세이 개 이야기 보우 - 팝앤 스매시!! (Heisei Inu Monogatari Bow - Pop'n Smash!!).smc	NO_MATCH	2	0	-	-	524288
휴먼 그랑프리 2 (Human Grand Prix II).smc	NO_MATCH	1	0	-	-	1048576
홀리 엄브렐라 - 돈데라의 무보!! (Holy Umbrella - Dondera no Mubou!!).smc	NO_MATCH	1	0	-	-	2621440
인터내셔널 슈퍼스타 사커 디럭스 (International Superstar Soccer Deluxe).smc	NO_MATCH	1	0	-	-	2097152
슈퍼 베이스 로디드 3 - 라이선스 투 스틸 (Super Bases Loaded 3 - License to Steal).smc	NO_MATCH	1	0	-	-	2097152
쿨 스팟 (Cool Spot).smc	NO_MATCH	1	0	-	-	1048576
둠 (Doom).smc	NO_MATCH	1	0	-	-	2097152
유유백서 1 (Yu Yu Hakusho).smc	OK	1	1	00:8e13/8e15	0e	2097152
미스터 누츠 (Mr. Nutz).smc	NO_MATCH	1	0	-	-	1048576
우리가 돌아왔어요! 공룡 이야기 (We're Back! - A Dinosaur's Story).smc	NO_MATCH	1	0	-	-	1048576
애플시드 (Appleseed - Prometheus no Shintaku).smc	NO_MATCH	1	0	-	-	2097152
테크모 슈퍼 볼 (Tecmo Super Bowl).smc	NO_MATCH	1	0	-	-	1572864
도레미 판타지 밀론의 두근두근 대모험 (DoReMi Fantasy - Milon no Dokidoki Daibouken).smc	NO_MATCH	2	0	-	-	2097152
하이퍼존 (HyperZone).smc	NO_MATCH	1	0	-	-	524288
메탈 모프 (Metal Morph).smc	NO_MATCH	1	0	-	-	1572864
바주카 블리츠크리그.smc	NO_MATCH	1	0	-	-	524288
퓨처 GPX 사이버 포뮬러 (Shinseiki GPX - Cyber Formula).smc	NO_MATCH	1	0	-	-	1048576
아르커스 스피리츠 (Arcus Spirits).smc	NO_MATCH	1	0	-	-	1310720
배틀 로봇 열전 (Battle Robot Retsuden).smc	NO_MATCH	2	0	-	-	3145728
WWF 슈퍼 레슬매니아 (WWF Super WrestleMania).smc	NO_MATCH	1	0	-	-	1048576
미소녀전사 세일러문 S - 장외난투! 주역쟁탈전 (Bishoujo Senshi Sailor Moon S - Jougai Rantou! Shuyaku Soudatsusen).smc	OK	2	2	c0:838c/838e	6c	2621440
테트리스배틀외전 (Tetris Battle Gaiden).smc	NO_MATCH	1	0	-	-	1048576
오카모토 아야코와 매치 플레이 골프 (Okamoto Ayako to Match Play Golf - Ko Olina Golf Club in Hawaii).smc	OK	1	1	00:877b/877d	13	1048576
도라에몽 노비타와 요정의 나라 (Doraemon - Nobita to Yousei no Kuni).smc	OK	2	1	c0:826b/826d	55	524288
미키의 플레이타운 어드벤처 발견의 날! (Mickey's Playtown Adventure - A Day of Discovery!).smc	NO_MATCH	2	0	-	-	1048576
니치부츠 컬렉션 1 (Nichibutsu Collection 1).smc	NO_MATCH	1	0	-	-	2097152
체스터 치타 (Chester Cheetah - Too Cool to Fool).smc	NO_MATCH	1	0	-	-	1048576
마법기사 레이어스 1 (Magic Knight Rayearth).smc	NO_MATCH	2	0	-	-	1572864
에스트폴리스 전기 2 (Estpolis Denki II).smc	OK	1	1	2d:c145/c147	ff	2621440
슈퍼 철구 파이트! (Super Tekkyuu Fight!).smc	NO_MATCH	1	0	-	-	1310720
슈퍼 인인도 - 노부나가 격파 (Super Inindou - Datou Nobunaga).smc	NO_MATCH	1	0	-	-	1310720
슈퍼 로얄 블러드 (Super Royal Blood).smc	NO_MATCH	1	0	-	-	1048576
슈퍼 사커 (Super Soccer).smc	NO_MATCH	1	0	-	-	524288
슈우쇼쿠 게임 (Shuushoku Game).smc	NO_MATCH	1	0	-	-	1572864
동급생 2 (Doukyuusei 2).smc	NO_MATCH	1	0	-	-	4194304
라이브 어 라이브 (Live A Live).smc	NO_MATCH	2	0	-	-	2097152
워록 (Warlock).smc	NO_MATCH	1	0	-	-	2097152
SM 조교사 히토미 Vol 1 (SM Choukyoushi Hitomi Vol. 1).smc	NO_MATCH	2	0	-	-	1048576
씨퀘스트 DSV (seaQuest DSV).smc	OK	1	2	01:cb50/cb52	16	2097152
페이탈 퓨리 (Fatal Fury).smc	NO_MATCH	1	0	-	-	1572864
슈퍼 더블 야쿠만 2 (Super Double Yakuman II).smc	NO_MATCH	1	0	-	-	524288
카비의 장난감상자 - 야구.smc	NO_MATCH	1	0	-	-	524288
신일본 프로레슬링 - 초전사 인 도쿄 돔 (Shin Nihon Pro Wrestling - Chou Senshi in Tokyo Dome - Fantastic Story).smc	NO_MATCH	1	0	-	-	2097152
엔에이치엘 94 (NHL '94).smc	NO_MATCH	1	0	-	-	1048576
스노보드와 함께하는 스키 파라다이스 (Ski Paradise with Snowboard).smc	NO_MATCH	1	0	-	-	1048576
슈퍼 봄버맨 5 - 골드 카트리지 (Super Bomberman 5 - Caravan Event Ban).smc	NO_MATCH	2	0	-	-	2097152
로도스도 전기 (Lodoss-tou Senki).smc	NO_MATCH	1	0	-	-	2621440
란마 1_2 - 폭렬난투편 (Ranma 1-2 - Bakuretsu Rantou Hen).smc	NO_MATCH	2	0	-	-	1572864
NHLPA 하키 93 (NHLPA Hockey 93).smc	NO_MATCH	1	0	-	-	524288
컷스로트 아일랜드 (CutThroat Island).smc	NO_MATCH	1	0	-	-	2097152
라이트 판타지 2 (Light Fantasy II).smc	NO_MATCH	1	0	-	-	2097152
볼 불렛 건 (Ball Bullet Gun Survival Game Simulation).smc	NO_MATCH	1	0	-	-	1572864
Ultraman - Towards the Future (U) [!].smc	NO_MATCH	1	0	-	-	524288
아디 라이트풋 (Ardy Lightfoot).smc	NO_MATCH	1	0	-	-	1048576
토니 메올라 사이드킥스 사커 (Tony Meola's Sidekicks Soccer).smc	NO_MATCH	1	0	-	-	1048576
에이스를 노려라! (Ace o Nerae!).smc	NO_MATCH	2	0	-	-	1048576
출격 에비스마루 가라쿠리 미로 - 사라진 고에몬의 수수께끼!! (Soreyuke Ebisumaru Karakuri Meiro - Kieta Goemon no Nazo!!).smc	OK	1	1	13:9d2a/9d2c	e0	1048576
HAL의 홀인원 골프 (HAL's Hole in One Golf).smc	NO_MATCH	1	0	-	-	1048576
배트맨과 로빈의 모험 (Adventures of Batman & Robin, The).smc	NO_MATCH	1	0	-	-	2097152
동키콩 컨트리 3 - 딕시 콩의 더블 트러블! (Donkey Kong Country 3 - Dixie Kong's Double Trouble!).smc	NO_MATCH	2	0	-	-	4194304
극상 파로디우스 (Gokujou Parodius).smc	OK	1	1	1d:acdd/acdf	84	2097152
슈퍼 봄블리스.smc	NO_MATCH	1	0	-	-	524288
StarWing Super Weekend Competition (E) [!].smc	NO_MATCH	1	0	-	-	1048576
베스트 오브 더 베스트 챔피언십 가라테 (Best of the Best - Championship Karate).smc	NO_MATCH	1	0	-	-	1048576
아크로뱃 미션 (Acrobat Mission).smc	NO_MATCH	1	0	-	-	1048576
노부나가 코우키 (Shinchou Kouki).smc	NO_MATCH	1	0	-	-	1048576
소닉 블라스트 맨 (Sonic Blast Man).smc	NO_MATCH	1	0	-	-	1048576
세계 속의 카르멘 산디에고 (Where in the World Is Carmen Sandiego).smc	NO_MATCH	1	0	-	-	1048576
슈퍼 포메이션 사커 2 (Super Formation Soccer II).smc	NO_MATCH	1	0	-	-	524288
슈퍼 마작 대회 (Super Mahjong Taikai).smc	NO_MATCH	1	0	-	-	524288
지미 코너스 프로 테니스 투어 (Jimmy Connors Pro Tennis Tour).smc	OK	1	5	00:84ac/84ae	b3	524288
가마즈 퍼즐 (Gamars Puzzle).smc	OK	1	3	00:812c/812e	02	1048576
자키 크러시 (Naxat Super Pinball - Jaki Crush).smc	NO_MATCH	1	0	-	-	1048576
배틀 커맨더 팔부주 수라의 병법 (Battle Commander - Hachibushuu, Shura no Heihou).smc	NO_MATCH	1	0	-	-	1048576
파이팅 베이스볼 (Fighting Baseball).smc	NO_MATCH	1	0	-	-	1048576
스프린터 모노가타리 - 메자세!! 일각천금 (Sprinter Monogatari - Mezase!! Ikkakusenkin).smc	NO_MATCH	1	0	-	-	1572864
란마 1_2 - 오의사암권 (Ranma 1-2 - Ougi Jaanken).smc	OK	1	1	1e:f866/f868	ef	1048576
46억년 이야기 - 아득한 에덴으로 (46 Okunen Monogatari - Harukanaru Eden e).smc	OK	1	1	16:8aad/8aaf	00	1572864
피시즈 (Pieces).smc	NO_MATCH	2	0	-	-	1048576
P.T.O. 태평양의 함대 (P.T.O. - Pacific Theater of Operations).smc	NO_MATCH	1	0	-	-	1310720
휴먼 베이스볼 (Human Baseball).smc	NO_MATCH	1	0	-	-	1048576
아틀라스 - 르네상스 보이저 (Atlas, The - Renaissance Voyager).smc	NO_MATCH	1	0	-	-	2097152
대폭소 인생극장 대에도 일기 (Daibakushou Jinsei Gekijou - Ooedo Nikki).smc	NO_MATCH	2	0	-	-	1048576
더비 조키 2 (Derby Jockey 2).smc	NO_MATCH	1	0	-	-	1572864
드래곤 퀘스트 I & II (Dragon Quest I & II).smc	NO_MATCH	1	0	-	-	1572864
돌연변이 닌자 거북이 - 시간 속의 거북이 (Teenage Mutant Ninja Turtles - Turtles in Time).smc	OK	1	1	1a:c779/c77b	00	1048576
데드 댄스 (Dead Dance).smc	NO_MATCH	1	0	-	-	2097152
터미네이터 (Terminator, The).smc	OK	1	1	00:d2d3/d2d5	62	1048576
요시의 쿠키폰 - 오븐에서 쿠키 (Yoshi no Cookie - Kuruppon Oven de Cookie).smc	NO_MATCH	1	0	-	-	1048576
슈퍼 파친코 대전 (Super Pachinko Taisen).smc	NO_MATCH	1	0	-	-	524288
킹 오브 더 몬스터즈 (King of the Monsters).smc	NO_MATCH	1	0	-	-	1048576
슈퍼 차이니즈 파이터 (Super Chinese Fighter).smc	NO_MATCH	1	0	-	-	2097152
슈퍼 파이어 프로레슬링 퀸즈 스페셜 (Super Fire Pro Wrestling - Queen's Special).smc	NO_MATCH	2	0	-	-	3145728
피스 키퍼스 (Peace Keepers, The).smc	NO_MATCH	2	0	-	-	2097152
복싱 레전즈 오브 더 링 (Boxing Legends of the Ring).smc	NO_MATCH	1	0	-	-	1048576
에인션트 매직 바조! 마법세계 (Ancient Magic - Bazoe! Mahou Sekai).smc	NO_MATCH	1	0	-	-	1572864
Mega Man X 3 (U) [!].smc	NO_MATCH	1	0	-	-	2097152
킹 오브 드래곤.smc	NO_MATCH	2	0	-	-	3145728
동계 올림픽 게임 - 릴레함메르 94 (Winter Olympic Games - Lillehammer '94).smc	NO_MATCH	2	0	-	-	2097152
오퍼레이션 유럽 승리의 길 1939-1945 (Operation Europe - Path to Victory 1939-45).smc	NO_MATCH	2	0	-	-	1310720
슈퍼 츠메 쇼기 1000 (Super Tsumeshougi 1000).smc	NO_MATCH	1	0	-	-	524288
비신전설 족 (Bishin Densetsu Zoku).smc	OK	1	3	00:a1fc/a1fe	8a	2097152
세인트 앤드루스 - 영광과 역사의 올드 코스 (St. Andrews - Eikou to Rekishi no Old Course).smc	NO_MATCH	1	0	-	-	1572864
브론키 헬스 히어로 (Bronkie the Bronchiasaurus).smc	OK	1	1	00:f280/f282	8e	1048576
지코 사커 (Zico Soccer).smc	NO_MATCH	1	0	-	-	1048576
브랜디쉬 (Brandish).smc	NO_MATCH	2	0	-	-	1572864
슈퍼 즈간 - 파두성으로부터의 초대장 (Super Zugan - Hakotenjou kara no Shoutaijou).smc	NO_MATCH	2	0	-	-	1048576
우주의 기사 테카맨 블레이드 (Uchuu no Kishi Tekkaman Blade).smc	OK	1	1	00:8205/8207	57	1048576
배틀토즈 인 배틀매니악 (Battletoads in Battlemaniacs).smc	NO_MATCH	1	0	-	-	1048576
마멀레이드 보이 (Marmalade Boy).smc	NO_MATCH	1	0	-	-	1048576
배틀토드 & 더블 드래곤 (Battletoads-Double Dragon).smc	NO_MATCH	1	0	-	-	1048576
하드볼 3 (HardBall III).smc	NO_MATCH	2	0	-	-	2097152
슈퍼 파워 리그 3 (Super Power League 3).smc	NO_MATCH	2	0	-	-	2621440
공상과학세계 걸리버 보이 (Kuusou Kagaku Sekai - Gulliver Boy).smc	NO_MATCH	1	0	-	-	1572864
마케루나! 마켄도우 2 (Makeruna! Makendou 2 - Kimero! Youkai Souridaijin).smc	NO_MATCH	1	0	-	-	2097152
트윈비 - 레인보우 벨 어드벤쳐 (TwinBee - Rainbow Bell Adventure).smc	NO_MATCH	1	0	-	-	1048576
라스트 액션 히어로 (Last Action Hero).smc	OK	1	1	00:833a/833c	7e	1048576
로드 러너 (Looney Tunes - Road Runner).smc	NO_MATCH	1	0	-	-	1048576
배틀 크로스 (Battle Cross).smc	NO_MATCH	1	0	-	-	1048576
실전! 배스 피싱 필승법 in USA (Jissen Bass Fishing Hisshouhou in USA).smc	NO_MATCH	1	0	-	-	1572864
마리오 앤 와리오 (Mario to Wario).smc	NO_MATCH	1	0	-	-	1048576
제로4챔프RR-Z (Zero4 Champ RR-Z).smc	OK	2	8	c1:8465/8467	2f	3145728
태평양 전구 2 (P.T.O. II - Pacific Theater of Operations).smc	NO_MATCH	2	0	-	-	3145728
캐스퍼 (Casper).smc	OK	1	1	0a:f2a6/f2a8	00	1048576
테마 파크 (Theme Park).smc	NO_MATCH	1	0	-	-	2097152
나이젤 맨셀의 F-1 챌린지 (Nigel Mansell F-1 Challenge).smc	NO_MATCH	1	0	-	-	1048576
에일리언 3 (Alien 3).smc	NO_MATCH	1	0	-	-	1048576
스프리건 파워드 (Spriggan Powered).smc	NO_MATCH	1	0	-	-	1048576
슈퍼 4WD - 더 바자 (Super 4WD - The Baja).smc	NO_MATCH	1	0	-	-	1048576
산쿄 피버! 피버! (Sankyo Fever! Fever! - Pachinko Jikki Simulation Game).smc	NO_MATCH	2	0	-	-	1048576
GS 미카미 - 퇴마사는 나이스 바디 (GS Mikami - Joreishi wa Nice Body).smc	OK	1	1	00:8390/8392	08	1048576
NBA 프로 농구 불스 vs 블레이저스 (NBA Pro Basketball - Bulls vs Blazers and the NBA Playoffs).smc	OK	1	1	01:a8f0/a8f2	70	1048576
렐름 (Realm).smc	OK	1	11	00:81c8/81ca	00	1048576
상하이 - 만리장성 (Shanghai - Banri no Choujou).smc	NO_MATCH	1	0	-	-	1048576
비비스 키즈 (Bebe's Kids).smc	NO_MATCH	1	0	-	-	1048576
성검전설 2 (Seiken Densetsu 2).smc	NO_MATCH	2	0	-	-	2097152
마이티 모핀 파워 레인저 - 파이팅 에디션 (Mighty Morphin Power Rangers - The Fighting Edition).smc	NO_MATCH	1	0	-	-	1572864
바비 베케이션 어드벤처.smc	NO_MATCH	1	0	-	-	1048576
렌과 스팀피 쇼 타임 워프 (Ren & Stimpy Show, The - Time Warp).smc	OK	1	6	00:e229/e22b	0d	1310720
요코즈나 이야기 (Yokozuna Monogatari).smc	NO_MATCH	1	0	-	-	1048576
전국 고교 사커 (Zenkoku Koukou Soccer).smc	NO_MATCH	1	0	-	-	1048576
월드 사커 (World Soccer).smc	NO_MATCH	1	0	-	-	524288
렌과 스팀피 - 비디어츠! (Ren & Stimpy Show, The - Veediots!).smc	NO_MATCH	1	0	-	-	1048576
프론트 미션 - 건하자드 (Front Mission Series - Gun Hazard).smc	NO_MATCH	2	0	-	-	3145728
슈퍼 컵 사커 (Super Cup Soccer).smc	NO_MATCH	1	0	-	-	1048576
슈퍼 파이어 프로레슬링 3 이지 타입 (Super Fire Pro Wrestling III - Easy Type).smc	NO_MATCH	2	0	-	-	1572864
와카타카 오오즈모우 - 꿈의 형제 대결 (Wakataka Oozumou - Yume no Kyoudai Taiketsu).smc	NO_MATCH	1	0	-	-	1048576
휴먼 그랑프리 (Human Grand Prix).smc	NO_MATCH	1	0	-	-	1048576
란마 1_2 - 초기난무편 (Ranma 1-2 - Chougi Ranbu Hen).smc	NO_MATCH	2	0	-	-	2621440
하가네 (Hagane - The Final Conflict).smc	NO_MATCH	2	0	-	-	2097152
슈퍼 버스터 브로스 (Super Buster Bros.).smc	NO_MATCH	1	0	-	-	524288
더비 조키 기수왕으로의 길 (Derby Jockey - Kishu Ou e no Michi).smc	NO_MATCH	1	0	-	-	1048576
슈퍼 도그파이트 (Super Dogfight).smc	OK	1	1	1f:e175/e177	00	2097152
석류의 맛 (Zakuro no Aji).smc	NO_MATCH	1	0	-	-	2097152
슈퍼 스타워즈 제국의 역습 (Super Star Wars - The Empire Strikes Back).smc	NO_MATCH	1	0	-	-	1572864
슈퍼 파이어 프로레슬링 X 프리미엄 (Super Fire Pro Wrestling X Premium).smc	NO_MATCH	2	0	-	-	4194304
펀 앤 게임즈 (Fun 'n' Games).smc	NO_MATCH	1	0	-	-	1048576
초시공요새 마크로스 - 스크램블 발키리 (Choujikuu Yousai Macross - Scrambled Valkyrie).smc	NO_MATCH	2	0	-	-	1048576
와쿠와쿠 스키 원더 슛 (Wakuwaku Ski Wonder Spur).smc	NO_MATCH	1	0	-	-	1048576
에스토폴리스 전기 II (Lufia II - Rise of the Sinistrals).smc	OK	1	1	2d:c40b/c40d	ff	2621440
록맨 7 - 숙명의 대결! (Rockman 7 - Shukumei no Taiketsu!).smc	NO_MATCH	2	0	-	-	2097152
노부나가의 야망 - 로드 오브 다크니스 (Lord of Darkness).smc	NO_MATCH	1	0	-	-	1048576
아메리칸 테일 피벨 고즈 웨스트 (American Tail, An - Fievel Goes West).smc	NO_MATCH	2	0	-	-	1048576
격주전대 카레인저.smc	NO_MATCH	1	0	-	-	523776
X-칼리버 2097 (X-Kaliber 2097).smc	NO_MATCH	1	0	-	-	1048576
켄도 레이지 (Kendo Rage).smc	NO_MATCH	1	0	-	-	1048576
제3차 슈퍼로봇대전 (Dai-3-ji Super Robot Taisen).smc	NO_MATCH	1	0	-	-	1572864
디스트럭티브 (Destructive).smc	NO_MATCH	1	0	-	-	524288
엘리트 사커 (Elite Soccer).smc	OK	2	2	cf:d134/d136	0d	1048576
신세기 오딧세리아 II (Shinseiki Odysselya II).smc	OK	1	1	15:f31f/f321	ca	3145728
케로케로 케로피의 모험 일기 - 잠자는 숲속의 케로리누 (Kero Kero Keroppi no Bouken Nikki - Nemureru Mori no Keroleen).smc	NO_MATCH	1	0	-	-	524288
간푸루 - 건맨즈 프루프 (Ganpuru - Gunman's Proof).smc	NO_MATCH	1	0	-	-	3145728
NTT JRA PAT (JRA PAT).smc	NO_MATCH	1	0	-	-	1048576
심리 게임 2 - 매지컬 트립 (Shinri Game 2, The - Magical Trip).smc	NO_MATCH	1	0	-	-	1048576
터프 이 너프 (Tuff E Nuff).smc	NO_MATCH	1	0	-	-	2097152
심어스 - 더 리빙 플래닛 (SimEarth - The Living Planet).smc	NO_MATCH	1	0	-	-	1048576
슈퍼 노바 (Super Nova).smc	NO_MATCH	2	0	-	-	1048576
본격파 바둑 - 호세이 (Honkakuha Igo - Gosei).smc	NO_MATCH	2	0	-	-	1048576
슈퍼 우노 (Super Uno).smc	NO_MATCH	1	0	-	-	1048576
NBA 쇼다운 (NBA Showdown).smc	OK	1	1	01:b4a4/b4a6	7b	1048576
오다 노부나가 - 패왕의 군단 (Oda Nobunaga - Haou no Gundan).smc	NO_MATCH	1	0	-	-	1048576
정글 스트라이크 (Jungle Strike).smc	NO_MATCH	1	0	-	-	2097152
GP-1 래피드 스트림 (GP-1 RS - Rapid Stream).smc	NO_MATCH	2	0	-	-	1572864
SM 조교사 히토미 Vol 2 (SM Choukyoushi Hitomi Vol. 2).smc	NO_MATCH	2	0	-	-	1048576
슈퍼 솔리테어 (Super Solitaire).smc	NO_MATCH	1	0	-	-	524288
실전 파친코슬롯 필승법 클래식 (Jissen! Pachi-Slot Hisshouhou! Classic).smc	NO_MATCH	1	0	-	-	1048576
기동전사 건담 F91 - 포뮬러 전기 0122 (Kidou Senshi Gundam F91 - Formula Senki 0122).smc	NO_MATCH	1	0	-	-	1048576
헤이안 풍운전 (Heian Fuuunden).smc	NO_MATCH	2	0	-	-	1572864
버추얼 워즈 (Virtual Wars).smc	NO_MATCH	1	0	-	-	1048576
슈퍼 시저스 팰리스 (Super Caesars Palace).smc	NO_MATCH	1	0	-	-	524288
그라디우스 3 (Gradius III).smc	NO_MATCH	1	0	-	-	524288
NBA 잼 토너먼트 에디션 (NBA Jam - Tournament Edition).smc	NO_MATCH	1	0	-	-	3145728
매든 NFL 96 (Madden NFL 96).smc	OK	2	1	c8:57c2/57c4	00	1572864
푸른 전설의 슛! (Aoki Densetsu Shoot!).smc	NO_MATCH	1	0	-	-	1572864
데스 블레이드 (Death Brade).smc	NO_MATCH	1	0	-	-	1572864
슈퍼 플레이 액션 풋볼 (Super Play Action Football).smc	OK	1	4	00:8f93/8f95	1d	1048576
척 록 (Chuck Rock).smc	NO_MATCH	1	0	-	-	1048576
포키 앤 로키 (Pocky & Rocky).smc	NO_MATCH	1	0	-	-	1048576
장갑기병 보톰즈 - 배틀링 로드 (Soukou Kihei Votoms - The Battling Road).smc	NO_MATCH	2	0	-	-	1048576
스파이더맨 &amp; 베놈 - 맥시멈 카네이지 (Spider-Man - Venom - Maximum Carnage).smc	OK	1	1	04:c774/c776	a2	2097152
프로 풋볼 (Pro Football).smc	NO_MATCH	1	0	-	-	524288
기동전사 Z 건담 - 어웨이 투 더 뉴타입 (Kidou Senshi Z Gundam - Away to the Newtype).smc	NO_MATCH	1	0	-	-	3145728
파이널파이트3 (Final Fight 3).smc	NO_MATCH	2	0	-	-	3145728
심슨 가족 - 바트의 악몽 (Simpsons, The - Bart's Nightmare).smc	NO_MATCH	1	0	-	-	1048576
허리케인즈 (Hurricanes).smc	NO_MATCH	1	0	-	-	1048576
바이커 마이스 프롬 마스 (Biker Mice from Mars).smc	OK	1	1	0c:e00e/e010	f3	1048576
브레스 오브 파이어 II (Breath of Fire II).smc	OK	2	1	c0:0d99/0d9b	90	3145728
스피루 (Spirou).smc	NO_MATCH	1	0	-	-	1310720
신 마작 (Shin Mahjong).smc	NO_MATCH	1	0	-	-	524288
달의 요정 세일러문 - 어나더스토리 (Bishoujo Senshi Sailor Moon - Another Story).smc	OK	2	4	c0:8be5/8be7	6c	3145728
슈퍼 트럼프 컬렉션 (Super Trump Collection).smc	NO_MATCH	1	0	-	-	524288
큐온파 SFC (Cu-On-Pa SFC).smc	NO_MATCH	1	0	-	-	1048576
신세기 오딧세리아 (Shinseiki Odysselya).smc	NO_MATCH	1	0	-	-	1572864
미키의 도쿄 디즈니랜드 대모험 (Mickey no Tokyo Disneyland Daibouken).smc	NO_MATCH	1	0	-	-	1572864
알버트 오딧세이 (Albert Odyssey).smc	NO_MATCH	1	0	-	-	1048576
어스웜 짐 (Earthworm Jim).smc	OK	2	4	c0:95f3/95f5	a0	3145728
SD F-1 그랑프리 (SD F-1 Grand Prix).smc	NO_MATCH	1	0	-	-	2097152
슈퍼 이고 고우 (Super Igo - Go Ou).smc	NO_MATCH	1	0	-	-	524288
사이코 드림 (Psycho Dream).smc	NO_MATCH	2	0	-	-	1048576
슈퍼 베이스볼 2020 (Super Baseball 2020).smc	NO_MATCH	2	0	-	-	1572864
페다 - 더 엠블럼 오브 저스티스 (Feda - The Emblem of Justice).smc	NO_MATCH	2	0	-	-	2621440
신 토겐쿄 (Shichuusuimei-gaku Nyuumon - Shin Tougenkyou).smc	NO_MATCH	1	0	-	-	1572864
SM 조교사 히토미 Vol.2 체험판.smc	NO_MATCH	1	0	-	-	524288
파치오군 스페셜 3 (Pachio-kun Special 3).smc	NO_MATCH	1	0	-	-	1048576
슈퍼 테트리스 2 + 봄블리스 한정판 (Super Tetris 2 + Bombliss Gentei Ban).smc	NO_MATCH	1	0	-	-	1048576
반성 원숭이 지로군의 대모험 (Hansei Zaru Jiro-kun no Daibouken).smc	NO_MATCH	1	0	-	-	524288
와리오의 숲 (Wario's Woods).smc	NO_MATCH	1	0	-	-	1048576
마크 데이비스의 피싱 마스터 (Mark Davis' The Fishing Master).smc	NO_MATCH	2	0	-	-	2097152
와이알래 컨트리 클럽 (True Golf Classics - Waialae Country Club).smc	NO_MATCH	1	0	-	-	1048576
하이퍼 이리아 (Hyper Iria).smc	NO_MATCH	2	0	-	-	1572864
갓즈 (Gods).smc	NO_MATCH	1	0	-	-	1048576
브레스 오브 파이어 2 - 사명의 아이 (Breath of Fire II - Shimei no Ko).smc	OK	2	1	c0:0d99/0d9b	90	2621440
닌자 류켄전 토모에 (Ninja Ryuuken Den Tomoe).smc	NO_MATCH	1	0	-	-	1572864
테크모 슈퍼 볼 II SE (Tecmo Super Bowl II - Special Edition).smc	NO_MATCH	1	0	-	-	2097152
초마계촌 (Chou Makaimura).smc	NO_MATCH	1	0	-	-	1048576
카와사키 캐리비안 챌린지 (Kawasaki Caribbean Challenge).smc	NO_MATCH	1	0	-	-	1572864
ESPN 내셔널 하키 나이트 (ESPN National Hockey Night).smc	NO_MATCH	1	0	-	-	2097152
북두의 권 7 - 성권열전 - 전승자로의 길 (Hokuto no Ken 7 - Seiken Retsuden Denshousha e no Michi).smc	OK	2	10	c0:8f64/8f66	2c	2621440
에어로비즈 (Aerobiz).smc	NO_MATCH	1	0	-	-	1048576
바하무트 라군 (Bahamut Lagoon).smc	NO_MATCH	2	0	-	-	3145728
진 여신전생 if... (Shin Megami Tensei if...).smc	NO_MATCH	1	0	-	-	2097152
포파이 - 심술궂은 마녀 씨헤그의 편.smc	NO_MATCH	1	0	-	-	1572864
울트라 세븐 (Ultra Seven).smc	NO_MATCH	1	0	-	-	1048576
불스 vs 블레이저스 앤 더 NBA 플레이오프 (Bulls vs Blazers and the NBA Playoffs).smc	OK	1	1	01:a8f0/a8f2	70	1048576
헤이와 파친코 월드 3.smc	NO_MATCH	2	0	-	-	3145728
PGA 유러피언 투어 (PGA European Tour).smc	NO_MATCH	1	0	-	-	1048576
성수마전 - 비스트 & 블레이드 (Seijuu Maden Beasts & Blades).smc	OK	2	1	c5:0147/0149	c5	2621440
신즈이 타이쿄쿠 이고 - 고 센닌 (Shinzui Taikyoku Igo - Go Sennin).smc	NO_MATCH	1	0	-	-	1048576
슈퍼 하나후다 2 (Super Hanafuda 2).smc	NO_MATCH	1	0	-	-	1048576
슈퍼 배틀탱크 2 (Super Battletank 2).smc	OK	1	1	04:ef5c/ef5e	00	2097152
메탈 슬레이더 글로리 디렉터스 컷 (Metal Slader Glory - Director's Cut).smc	NO_MATCH	1	0	-	-	3145728
타워 드림 (Tower Dream).smc	OK	1	1	00:8923/8925	06	2097152
위닝 포스트 (Winning Post).smc	OK	2	1	d6:1012/1014	a6	2097152
버스트 어 무브 (Bust-A-Move).smc	NO_MATCH	1	0	-	-	524288
에버모어의 비밀 (Secret of Evermore).smc	NO_MATCH	2	0	-	-	3145728
슈퍼 에어 다이버 (Super Air Diver).smc	NO_MATCH	2	0	-	-	524288
더 카오스 엔진 (Chaos Engine, The).smc	NO_MATCH	2	0	-	-	1572864
맨체스터 유나이티드 챔피언십 사커 (Manchester United Championship Soccer).smc	NO_MATCH	1	0	-	-	1048576
다크 킹덤 (Dark Kingdom).smc	OK	2	1	cb:0b11/0b13	ed	1572864
공룡기 (Kouryuuki).smc	NO_MATCH	2	0	-	-	1572864
친하이 (Chinhai).smc	OK	1	2	00:823c/823e	b2	524288
라스트 바이블 3 (Last Bible III).smc	NO_MATCH	2	0	-	-	3145728
리썰 인포서스 (Lethal Enforcers).smc	OK	1	1	0a:aa66/aa68	cf	2097152
키쿠니 마사히코의 잔토시 도라오 2 (Kikuni Masahiko no Jantoushi Doraou 2).smc	NO_MATCH	1	0	-	-	1048576
산리오 상하이 (Sanrio Shanghai).smc	NO_MATCH	2	0	-	-	524288
NBA 올스타 챌린지 (NBA All-Star Challenge).smc	NO_MATCH	1	0	-	-	1048576
아이언 코만도 (Iron Commando - Koutetsu no Senshi).smc	NO_MATCH	1	0	-	-	1310720
미야지 사장의 파친코 팬 - 승리 선언 2 (Miyaji Shachou no Pachinko Fan - Shouri Sengen 2).smc	NO_MATCH	1	0	-	-	1048576
록맨 & 포르테 (Rockman & Forte).smc	NO_MATCH	2	0	-	-	4194304
슈퍼 럭비 (Super Rugby).smc	NO_MATCH	1	0	-	-	1048576
3x3 아이즈 세이마 코우린덴 (3x3 Eyes - Seima Kourinden).smc	NO_MATCH	1	0	-	-	1048576
슈퍼 포메이션 사커 95 델라 세리에 A UCC 자쿠아 (Super Formation Soccer 95 - della Serie A - UCC Xaqua Version).smc	NO_MATCH	2	0	-	-	1572864
슈퍼 삼국지 (Super Sangokushi).smc	NO_MATCH	2	0	-	-	1048576
심앤트 (SimAnt - The Electronic Ant Colony).smc	NO_MATCH	1	0	-	-	1048576
란마 1_2 - 정내격투편 (Ranma 1-2 - Chounai Gekitou Hen).smc	OK	1	1	0d:ad0b/ad0d	f0	1048576
엑스트라 이닝스 (Extra Innings).smc	NO_MATCH	1	0	-	-	1048576
슈퍼 고모쿠 나라베 렌주 (Super Gomoku Narabe - Renju).smc	OK	1	1	00:899f/89a1	53	524288
고! 고! 닷지 리그 (Go! Go! Dodge League).smc	NO_MATCH	1	0	-	-	524288
아사히 신문 연재 카토 1-2-3 장기 신기류 (Asahi Shinbun Rensai - Katou Hifumi Kudan Shougi - Shingiryuu).smc	OK	1	1	00:8b34/8b36	7b	1048576
마장기신 - 더 로드 오브 엘레멘탈 (Super Robot Taisen Gaiden - Masoukishin - The Lord of Elemental).smc	NO_MATCH	1	0	-	-	3145728
오짱의 오에카키 로직 (Ou-chan no Oekaki Logic).smc	NO_MATCH	1	0	-	-	524288
가부키초 리치 마작 (Kabuki Chou Reach Mahjong Tonpuusen).smc	NO_MATCH	1	0	-	-	524288
슈퍼 낙샛 오픈 - 골프로 승부다! 도라보쨩 (Super Naxat Open - Golf de Shoubu da Dorabocchan).smc	NO_MATCH	1	0	-	-	1048576
아메리칸 글래디에이터스 (American Gladiators).smc	NO_MATCH	1	0	-	-	1048576
에어리어 88 (Area 88).smc	OK	1	1	00:8127/8129	6a	1048576
리딩 조키 2 (Leading Jockey 2).smc	NO_MATCH	2	0	-	-	1048576
실황 오샤베리 파로디우스 (Jikkyou Oshaberi Parodius).smc	NO_MATCH	1	0	-	-	3145728
마리오 페인트 (Mario Paint).smc	NO_MATCH	1	0	-	-	1048576
터미네이터 2 - 아케이드 게임 (T2 - The Arcade Game).smc	NO_MATCH	1	0	-	-	1048576
좀비스 (Zombies).smc	NO_MATCH	1	0	-	-	1048576
크레용 신짱 - 폭풍을 부르는 그 아이 (Crayon Shin-chan - Arashi o Yobu Enji).smc	NO_MATCH	1	0	-	-	2097152
NBA 행타임 (NBA Hang Time).smc	OK	2	1	c5:bb18/bb1a	00	3145728
에스파크스 - 이차원에서 온 방문자 (Esparks - Ijikuu kara no Raihousha).smc	NO_MATCH	2	0	-	-	1572864
고시엔 2 (Koushien 2).smc	NO_MATCH	1	0	-	-	1048576
도라에몽 2 노비타의 토이즈 랜드 대모험 (Doraemon 2 - Nobita no Toys Land Daibouken).smc	NO_MATCH	2	0	-	-	1048576
루피아 (Lufia & the Fortress of Doom).smc	NO_MATCH	1	0	-	-	1048576
카오스 시드 - 풍수 회랑기 (Chaos Seed - Fuusui Kairouki).smc	NO_MATCH	2	0	-	-	2621440
둠 트루퍼스 (Doom Troopers).smc	OK	1	1	02:bb7b/bb7d	00	2097152
팝'n 트윈비 (Pop'n TwinBee).smc	NO_MATCH	1	0	-	-	1048576
줄 (Zool - Ninja of the 'Nth' Dimension).smc	NO_MATCH	1	0	-	-	1048576
파워 레인저스 지오 - 배틀 레이서스 (Power Rangers Zeo - Battle Racers).smc	NO_MATCH	1	0	-	-	1048576
슈퍼 나조 푸요 2 - 루루의 철완 번성기 (Super Nazo Puyo Tsuu - Rulue no Tetsuwan Hanjouki).smc	OK	1	1	00:80aa/80ac	25	1572864
데몰리션 맨 (Demolition Man).smc	NO_MATCH	1	0	-	-	2097152
텐류 겐이치로의 프로레슬링 레볼루션 (Tenryuu Genichirou no Pro Wres Revolution).smc	NO_MATCH	1	0	-	-	2097152
세리자와 노부오의 버디 트라이 (Serizawa Nobuo no Birdie Try).smc	NO_MATCH	1	0	-	-	1048576
슈퍼 패밀리 테니스 (Super Family Tennis).smc	OK	1	1	00:87fa/87fc	0e	1048576
레볼루션 X (Revolution X).smc	NO_MATCH	1	0	-	-	2097152
최강 - 타카타 노부히코 (Saikyou - Takada Nobuhiko).smc	NO_MATCH	2	0	-	-	3145728
에어로비즈 슈퍼소닉 (Aerobiz Supersonic).smc	NO_MATCH	1	0	-	-	1048576
월드 리그 사커 (World League Soccer).smc	NO_MATCH	1	0	-	-	524288
안젤리크 (Angelique).smc	NO_MATCH	2	0	-	-	2097152
NFL 프로 풋볼 94 (John Madden NFL Pro Football '94).smc	NO_MATCH	2	0	-	-	1048576
TV 애니메이션 슬램덩크 - 드림팀 슈에이샤 리미티드 (From TV Animation Slam Dunk - Shuueisha Limited).smc	NO_MATCH	1	0	-	-	1572864
필살 파친코 컬렉션 2 (Hissatsu Pachinko Collection 2).smc	NO_MATCH	1	0	-	-	2097152
레이저 버디 - 겟 인 더 홀 (Get in the Hole).smc	NO_MATCH	2	0	-	-	1572864
슈퍼 팡 (Super Pang).smc	NO_MATCH	1	0	-	-	524288
J리그 사커 프라임 골 2 (J.League Soccer - Prime Goal 2).smc	NO_MATCH	1	0	-	-	1572864
아메리카 횡단 울트라 퀴즈 (America Oudan Ultra Quiz).smc	NO_MATCH	1	0	-	-	1048576
슈퍼 프로야구 2 (Super Professional Baseball II).smc	NO_MATCH	1	0	-	-	1048576
잼밋 (Street Sports - Jammit).smc	NO_MATCH	1	0	-	-	2097152
킹 오브 더 몬스터즈 2 (King of the Monsters 2).smc	NO_MATCH	2	0	-	-	2097152
백설공주 해피 에버 애프터 (Snow White in Happily Ever After).smc	NO_MATCH	1	0	-	-	1048576
실전 파친코슬롯 필승법 2 (Jissen! Pachi-Slot Hisshouhou! 2).smc	NO_MATCH	1	0	-	-	1048576
아랑전설 - 숙명의 투쟁 (Garou Densetsu - Shukumei no Tatakai).smc	NO_MATCH	1	0	-	-	1572864
스폰 (Todd McFarlane's Spawn - The Video Game).smc	OK	2	1	eb:b1ce/b1d0	09	3145728
배틀 도지볼 (Battle Dodge Ball).smc	NO_MATCH	1	0	-	-	1048576
코론 랜드 (Coron Land).smc	NO_MATCH	2	0	-	-	1048576
슈퍼 킥복싱 (Super Kick Boxing - Best of the Best).smc	NO_MATCH	1	0	-	-	1048576
캐슬바니아 - 드라큘라 X (Castlevania - Dracula X).smc	NO_MATCH	1	0	-	-	2097152
카와사키 슈퍼바이크 챌린지 (Kawasaki Superbike Challenge).smc	NO_MATCH	1	0	-	-	1048576
파치슬롯 이야기 - PAL 공업 스페셜 (Pachi-Slot Monogatari - PAL Kougyou Special).smc	NO_MATCH	1	0	-	-	1310720
스파이더맨 (Spider-Man).smc	NO_MATCH	1	0	-	-	2097152
스타윙 공식 대회 (Starwing - Competition).smc	NO_MATCH	1	0	-	-	1048576
슈퍼 스네이키 (Super Snakey).smc	NO_MATCH	1	0	-	-	524288
쇼단 모리타 쇼기 (Shodan Morita Shougi).smc	OK	1	1	00:847c/847e	a8	524288
제리 보이 (Jerry Boy).smc	NO_MATCH	1	0	-	-	1048576
바둑 클럽 (Igo Club).smc	NO_MATCH	1	0	-	-	1048576
과장 시마 코스케 (Kachou Shima Kousaku - Super Business Adventure).smc	NO_MATCH	1	0	-	-	1048576
환수유단 (Genjuu Ryodan).smc	OK	1	1	06:872c/872e	00	4194304
캡틴 츠바사 3 - 황제의 도전 (Captain Tsubasa III - Koutei no Chousen).smc	NO_MATCH	1	0	-	-	1048576
슈퍼 동키콩 3 수수께끼의 크렘스 섬 (Super Donkey Kong 3 - Nazo no Kremis-tou).smc	NO_MATCH	2	0	-	-	4194304
포포잇토 헤베레케 (Popoitto Hebereke).smc	OK	1	1	00:8755/8757	2f	524288
슈퍼 파이어 프로레슬링 스페셜 (Super Fire Pro Wrestling Special).smc	NO_MATCH	1	0	-	-	4194304
슈퍼 R.B.I. 베이스볼 (Super R.B.I. Baseball).smc	NO_MATCH	1	0	-	-	1048576
유유의 퀴즈로 고고 (Yuuyu no Quiz de Go! Go!).smc	OK	1	1	0e:bd00/bd02	94	1048576
제임스 본드 주니어 (James Bond Jr).smc	NO_MATCH	1	0	-	-	524288
윙스 2 - 에이스 하이 (Wings 2 - Aces High).smc	NO_MATCH	1	0	-	-	524288
미키 매니아 - 미키 마우스의 시대를 초월한 모험 (Mickey Mania - The Timeless Adventures of Mickey Mouse).smc	OK	1	49	1e:cb4d/cb4f	67	2097152
슈퍼 뿌요뿌요 (Super Puyo Puyo).smc	OK	1	1	00:80cd/80cf	25	1048576
용호의 권 2 (Ryuuko no Ken 2).smc	OK	2	7	c0:0c31/0c33	8a	4194304
미스틱 퀘스트 레전드 (Mystic Quest Legend).smc	NO_MATCH	1	0	-	-	524288
로맨싱 사가 (Romancing Sa-Ga).smc	NO_MATCH	1	0	-	-	1048576
포퓰러스 (Populous).smc	OK	1	4	00:8aba/8abc	51	524288
신쇼기 클럽 (Shin Shougi Club).smc	OK	1	1	00:8a02/8a04	7b	524288
원조 파치슬롯 닛폰이치 (Ganso Pachi-Slot Nihonichi).smc	NO_MATCH	1	0	-	-	1048576
패왕대계 류나이트 (Haou Taikei Ryuu Knight - Lord of Paladin).smc	NO_MATCH	1	0	-	-	1572864
스틸 탤론즈 (Steel Talons).smc	NO_MATCH	1	0	-	-	524288
마더 2 (Mother 2 - Gyiyg no Gyakushuu).smc	NO_MATCH	2	0	-	-	3145728
파이널 판타지 VI (Final Fantasy VI).smc	OK	2	44	c0:0566/0568	55	3145728
데이비드 크레인의 어메이징 테니스 (David Crane's Amazing Tennis).smc	OK	1	1	0e:f381/f383	00	1048576
패미컴 탐정 클럽 파트 2 (Famicom Tantei Club Part II - Ushiro ni Tatsu Shoujo).smc	NO_MATCH	1	0	-	-	3145728
슈퍼 파워 리그 4 (Super Power League 4).smc	NO_MATCH	2	0	-	-	2097152
더 닌자 워리어스 어게인 (Ninjawarriors Again, The).smc	NO_MATCH	1	0	-	-	1572864
갬블러 지코츄신하 2 - 도라폰 퀘스트 (Gambler Jiko Chuushinha 2 - Dorapon Quest).smc	NO_MATCH	1	0	-	-	1048576
90분 유러피안 프라임 골 (90 Minutes - European Prime Goal).smc	NO_MATCH	1	0	-	-	2097152
캐논 포더 (Cannon Fodder).smc	NO_MATCH	1	0	-	-	1572864
아이렘 스킨스 게임 (Irem Skins Game, The).smc	NO_MATCH	1	0	-	-	1048576
교라쿠산요 마루혼 파르코! 파르코! (Parlor! Parlor!).smc	NO_MATCH	2	0	-	-	2097152
슈퍼 오프 로드 (Super Off Road).smc	NO_MATCH	1	0	-	-	524288
헤이세이 신 오니가시마 - 후편 (Heisei Shin Onigashima - Kouhen).smc	OK	2	1	ec:f77a/f77c	db	3145728
킥 오프 (Kick Off).smc	OK	1	3	00:83d2/83d4	83	524288
파친코 워즈 (Pachinko Wars).smc	NO_MATCH	1	0	-	-	1048576
UFO 가면 야키소반 - 케틀러의 검은 음모 (U.F.O. Kamen Yakisoban - Kettler no Kuroi Inbou).smc	NO_MATCH	1	0	-	-	1048576
SD비룡의 권 (SD Hiryuu no Ken).smc	NO_MATCH	1	0	-	-	2097152
아사메시마에 냥코 (Asameshimae Nyanko).smc	NO_MATCH	1	0	-	-	1048576
킥 오프 3 유러피언 챌린지 (Kick Off 3 - European Challenge).smc	NO_MATCH	1	0	-	-	1048576
기갑경찰 메탈잭 (Armored Police - Metal Jack).smc	NO_MATCH	1	0	-	-	1048576
카토 1-2-3 9단 쇼기 클럽 (Katou Hifumi Kudan - Shougi Club).smc	OK	2	1	c0:093a/093c	7b	1048576
슈퍼 포메이션 사커 95 델라 세리에 A (Super Formation Soccer 95 - della Serie A).smc	NO_MATCH	2	0	-	-	1572864
엘나드 (Elnard).smc	NO_MATCH	2	0	-	-	1572864
닌타마 란타로 - 닌술학원 퍼즐대회의 단 (Puzzle Nintama Rantarou - Ninjutsu Gakuen Puzzle Taikai no Dan).smc	NO_MATCH	1	0	-	-	524288
전일본 프로레슬링 (Zen-Nihon Pro Wres).smc	NO_MATCH	2	0	-	-	2097152
인인도 - 닌자의 길 (Inindo - Way of the Ninja).smc	NO_MATCH	1	0	-	-	1048576
니켈로디언 가츠 (Nickelodeon GUTS).smc	NO_MATCH	1	0	-	-	1572864
이밋 Vol.2 - 목숨을 건 여행 (Emit Vol. 2 - Inochigake no Tabi).smc	NO_MATCH	2	0	-	-	3145728
E.V.O. 에덴을 찾아서 (E.V.O. - Search for Eden).smc	OK	1	1	16:8aad/8aaf	00	1572864
필살 파친코 컬렉션 (Hissatsu Pachinko Collection).smc	NO_MATCH	1	0	-	-	1048576
던퀘스트 - 마신봉인의 전설 (Dun Quest - Majin Fuuin no Densetsu).smc	NO_MATCH	1	0	-	-	2097152
오오즈모 타마시이 (Oozumou Spirits).smc	OK	1	1	00:c7a7/c7a9	20	1048576
클리프행어 (Cliffhanger).smc	NO_MATCH	1	0	-	-	1048576
데니스 (Dennis).smc	NO_MATCH	1	0	-	-	1048576
렌더링 레인저스 (Rendering Ranger R2).smc	OK	1	1	05:d7d8/d7da	27	2097152
메카로봇 골프 (Mecarobot Golf).smc	NO_MATCH	1	0	-	-	1048576
파이널 판타지 4 (Final Fantasy IV).smc	NO_MATCH	1	0	-	-	1048576
슈퍼 장고 (Super Jangou).smc	NO_MATCH	1	0	-	-	1048576
슈퍼 쇼기 (Super Shougi).smc	NO_MATCH	1	0	-	-	1048576
탑 기어 2 (Top Gear 2).smc	NO_MATCH	1	0	-	-	1048576
톨네코의 대모험 - 이상한 던전 (Torneko no Daibouken - Fushigi no Dungeon).smc	NO_MATCH	1	0	-	-	1572864
야다몬 - 원더랜드 드림즈 (Yadamon - Wonderland Dream).smc	NO_MATCH	1	0	-	-	1048576
울트라 베이스볼 실명판 (Ultra Baseball Jitsumei Ban).smc	NO_MATCH	1	0	-	-	524288
슈퍼 니치부츠 마작 4 - 기초 연구 편 (Super Nichibutsu Mahjong 4 - Kisokenkyuu Hen).smc	NO_MATCH	1	0	-	-	1048576
신일본 프로레슬링 '94 - 배틀필드 인 도쿄 돔 (Shin Nihon Pro Wrestling Kounin - '94 Battlefield in Tokyo Dome).smc	NO_MATCH	1	0	-	-	2621440
근육맨 - 더티 챌린저 (Kinnikuman - Dirty Challenger).smc	NO_MATCH	1	0	-	-	524288
커비의 반짝반짝 키즈 (Kirby no Kirakira Kids).smc	OK	1	1	30:937a/937c	f9	2097152
내일의 죠 (Ashita no Joe).smc	NO_MATCH	1	0	-	-	1048576
전설의 오우거 배틀 - 검은 여왕의 행진.smc	OK	1	9	00:a84e/a850	53	2097152
피키냐! (Pikiinya!).smc	NO_MATCH	1	0	-	-	2097152
타다이마 용사 모집 중 오카와리 (Tadaima Yuusha Boshuuchuu Okawari).smc	NO_MATCH	2	0	-	-	2097152
시키 영웅전 (Shiki Eiyuuden).smc	NO_MATCH	1	0	-	-	1572864
스페이스 바주카 (Space Bazooka).smc	NO_MATCH	1	0	-	-	1048576
프로 스포츠 하키 (Pro Sport Hockey).smc	NO_MATCH	1	0	-	-	1048576
에메랄드 드래곤 (Emerald Dragon).smc	NO_MATCH	2	0	-	-	2097152
강의 주인 낚시 2 (Kawa no Nushi Tsuri 2).smc	NO_MATCH	1	0	-	-	1572864
사운드 노벨 츠쿠루 (Sound Novel Tsukuru).smc	NO_MATCH	1	0	-	-	3145728
GP-1 파트 2 (GP-1 - Part II).smc	OK	2	1	d5:4803/4805	a0	1572864
슈퍼 테니스 (Super Tennis).smc	NO_MATCH	1	0	-	-	524288
너구리 라스칼 (Araiguma Rascal).smc	NO_MATCH	2	0	-	-	1048576
월리를 찾아라! (Wally o Sagase! - Ehon no Kuni no Daibouken).smc	NO_MATCH	1	0	-	-	1048576
사크 - 황폐한 땅 (Xak - the Art of Visual Stage).smc	NO_MATCH	1	0	-	-	1572864
플래닛 챔프 TG3000 (Planet's Champ TG 3000, The).smc	OK	1	1	00:d270/d272	16	1048576
울펜슈타인 3D (Wolfenstein 3-D).smc	NO_MATCH	2	0	-	-	1048576
종합격투기 - 아스트랄 바우트 (Sougou Kakutougi - Astral Bout).smc	NO_MATCH	1	0	-	-	1048576
파친코 이야기 - 파친슬롯도 있다구!! (Pachinko Monogatari - Pachi-Slot mo Aru deyo!!).smc	NO_MATCH	1	0	-	-	1048576
슈퍼 사커 챔프 (Super Soccer Champ).smc	NO_MATCH	1	0	-	-	524288
고질라 괴수대결전 (Gojira - Kaijuu Daikessen).smc	NO_MATCH	2	0	-	-	2621440
나츠키 크라이시스 배틀 (Natsuki Crisis Battle).smc	NO_MATCH	2	0	-	-	2621440
대결!! 브래스 넘버스 (Taiketsu!! Brass Numbers).smc	OK	1	1	1b:9832/9834	81	1048576
대물 블랙배스 피싱 - 인조호 편 (Oomono Black Bass Fishing - Jinzouko Hen).smc	NO_MATCH	2	0	-	-	2097152
슈퍼 베이스볼 시뮬레이터 1.000 (Super Baseball Simulator 1.000).smc	NO_MATCH	1	0	-	-	524288
매직 보이 (Magic Boy).smc	OK	1	1	00:f799/f79b	6d	524288
매든 NFL '95 (Madden NFL 95).smc	NO_MATCH	2	0	-	-	1048576
브랜디쉬 2 - 더 플래닛 버스터 (Brandish 2 - The Planet Buster).smc	NO_MATCH	2	0	-	-	3145728
할리의 거대한 모험 (Harley's Humongous Adventure).smc	NO_MATCH	1	0	-	-	524288
도카포 3-2-1 폭풍을 부르는 우정 (Dokapon 3-2-1 - Arashi o Yobu Yuujou).smc	NO_MATCH	1	0	-	-	1572864
액트레이저 2 (ActRaiser 2).smc	NO_MATCH	2	0	-	-	1572864
SD 건담 제너레이션 E - 잔스카르 전기 + ST 바이오스.smc	OK	1	1	00:839b/839d	9d	786432
PGA 투어 골프 (PGA Tour Golf).smc	NO_MATCH	1	0	-	-	524288
전국의 패자 (Sengoku no Hasha - Tenkafubu e no Michi).smc	NO_MATCH	2	0	-	-	2097152
휴먼 그랑프리 3 - F1 트리플 배틀 (Human Grand Prix III - F1 Triple Battle).smc	NO_MATCH	1	0	-	-	2097152
NBA 잼 (NBA Jam).smc	OK	1	1	3d:9fc5/9fc7	00	2097152
줍 (Zoop).smc	NO_MATCH	2	0	-	-	524288
넘버 파라다이스 (Numbers Paradise).smc	NO_MATCH	1	0	-	-	524288
브루탈 포스 오브 퓨리 (Brutal - Paws of Fury).smc	NO_MATCH	1	0	-	-	2097152
무사 성룡전 - 두 사람의 용사 (Bushi Seiryuuden - Futari no Yuusha).smc	NO_MATCH	1	0	-	-	3145728
천사의 시 - 하얀 날개의 기도 (Tenshi no Uta - Shiroki Tsubasa no Inori).smc	NO_MATCH	2	0	-	-	1572864
은하영웅전설 (Ginga Eiyuu Densetsu).smc	NO_MATCH	1	0	-	-	1048576
하야시 카이호 9단의 바둑 왕도 (Rin Kaihou Kudan no Igo Taidou).smc	NO_MATCH	1	0	-	-	1572864
슬랩 스틱 (Slap Stick).smc	NO_MATCH	2	0	-	-	1572864
블랙호크 (Blackhawk).smc	NO_MATCH	1	0	-	-	1048576
파이널 파이트 3 터프 (Final Fight Tough).smc	NO_MATCH	2	0	-	-	3145728
풀 파워 (Full Power).smc	NO_MATCH	1	0	-	-	2097152
에프원 로크 2 - 레이스 오브 챔피언스 (F1-ROC II - Race of Champions).smc	NO_MATCH	1	0	-	-	1048576
오셀로 월드 (Othello World).smc	OK	1	1	00:852a/852c	3a	1048576
아르카나 (Arcana).smc	NO_MATCH	1	0	-	-	1048576
위저드리 VI - 코스믹 포지의 저주 (Wizardry VI - Kindan no Mahitsu).smc	NO_MATCH	1	0	-	-	3145728
헤베레케의 맛있는 퍼즐 - 안 사시나요_ (Hebereke no Oishii Puzzle wa Irimasenka).smc	NO_MATCH	1	0	-	-	1310720
그라디우스III.smc	NO_MATCH	1	0	-	-	524288
전일본 GT 선수권 (Zen-Nihon GT Senshuken - Hyper Battle Game).smc	NO_MATCH	1	0	-	-	2097152
파치슬롯 연구 (Pachi-Slot Kenkyuu).smc	NO_MATCH	1	0	-	-	524288
스타게이트 (Stargate).smc	NO_MATCH	1	0	-	-	2097152
윙 커맨더 - 더 시크릿 미션 (Wing Commander - The Secret Missions).smc	OK	1	1	0e:ac03/ac05	5d	1048576
지그소 파티 (Jigsaw Party).smc	NO_MATCH	2	0	-	-	1048576
브런즈윅 월드 토너먼트 오브 챔피언스 (Brunswick World - Tournament of Champions).smc	NO_MATCH	2	0	-	-	2097152
실황 파워풀 프로 야구 96 개막판 (Jikkyou Powerful Pro Yakyuu '96 - Kaimaku Ban).smc	NO_MATCH	1	0	-	-	3145728
이스 V - 잃어버린 모래의 도시 케핀 (Ys V - Ushinawareta Suna no Miyako Kefin).smc	NO_MATCH	1	0	-	-	3145728
피트폴 - 마야의 모험 (Pitfall - The Mayan Adventure).smc	NO_MATCH	1	0	-	-	2097152
ESPN 베이스볼 투나잇 (ESPN Baseball Tonight).smc	NO_MATCH	1	0	-	-	2097152
그레이트 배틀 외전 2 (Great Battle Gaiden 2, The - Matsuri da Wasshoi).smc	NO_MATCH	1	0	-	-	1310720
매든 NFL 97 (Madden NFL 97).smc	NO_MATCH	2	0	-	-	1572864
매지컬 드롭 (Magical Drop).smc	NO_MATCH	1	0	-	-	1048576
제임스 폰드의 크레이지 스포츠 (James Pond's Crazy Sports).smc	NO_MATCH	1	0	-	-	524288
팩 인 타임 (Pac-In-Time).smc	NO_MATCH	1	0	-	-	1048576
스파이크 맥팽의 기묘한 이야기 (Twisted Tales of Spike McFang, The).smc	NO_MATCH	1	0	-	-	1048576
슈퍼 BC 키드 (Super B.C. Kid).smc	NO_MATCH	2	0	-	-	1572864
츠리 타로우 (Tsuri Tarou).smc	NO_MATCH	1	0	-	-	1048576
SD 건담 제너레이션 F - 콜로니 카쿠 전기 + ST 바이오스.smc	OK	1	1	00:839b/839d	9d	786432
헤라클레스의 영광 III - 신들의 침묵 (Heracles no Eikou III - Kamigami no Chinmoku).smc	NO_MATCH	1	0	-	-	1048576
캘 립켄 주니어 베이스볼 (Cal Ripken Jr. Baseball).smc	NO_MATCH	1	0	-	-	1048576
심리 게임 3 (Shinri Game 3, The).smc	NO_MATCH	2	0	-	-	1048576
슈퍼 F1 히어로 (Nakajima Satoru Kanshuu - Super F-1 Hero).smc	NO_MATCH	1	0	-	-	1048576
데어 랑그릿사 (Langrisser, Der).smc	NO_MATCH	1	0	-	-	2097152
J리그 슈퍼 사커 '95 - 직쿄 스타디움 (J.League Super Soccer '95 - Jikkyou Stadium).smc	NO_MATCH	2	0	-	-	2097152
정글 워즈 2 (Jungle Wars 2 - Kodai Mahou Atimos no Nazo).smc	NO_MATCH	1	0	-	-	1572864
가이아 환상기 (Gaia Gensouki).smc	NO_MATCH	2	0	-	-	2097152
고시엔 4 (Koushien 4).smc	NO_MATCH	1	0	-	-	2097152
다크로우 - 죽음의 의미 (Dark Law - Meaning of Death).smc	OK	2	1	c0:02cf/02d1	44	4194304
디포스 (D-Force).smc	NO_MATCH	1	0	-	-	1048576
레조이스 아레사 왕국의 저편 (Rejoice - Aretha Oukoku no Kanata).smc	NO_MATCH	1	0	-	-	2097152
남코 오픈 (Namcot Open).smc	NO_MATCH	1	0	-	-	1048576
리블 라블 (Libble Rabble).smc	OK	2	4	c0:8a8b/8a8d	2f	524288
A열차로 가자 3 슈퍼 버전 (AIII S.V. - A Ressha de Ikou 3 - Super Version).smc	NO_MATCH	1	0	-	-	2097152
사이버 스핀 (Cyber Spin).smc	NO_MATCH	1	0	-	-	524288
G.O.D - 눈을 뜨라고 부르는 소리가 들려 (G.O.D - Mezame yo to Yobu Koe ga Kikoe).smc	OK	1	3	00:806e/8070	42	3145728
전국전승 (Sengoku Denshou).smc	OK	1	1	14:9907/9909	f0	1048576
슈퍼 베이스 로디드 2 (Super Bases Loaded 2).smc	NO_MATCH	1	0	-	-	1572864
사쿠라이 아키카즈의 잔키류 마작 필승법 (Sakurai Shouichi no Jankiryuu Mahjong Hisshouhou).smc	NO_MATCH	1	0	-	-	1048576
삼국지 4 (Sangokushi IV).smc	OK	2	1	ee:a220/a222	1a	3145728
슈퍼 봄버맨 - 패닉 봄버 W (Super Bomberman - Panic Bomber World).smc	NO_MATCH	1	0	-	-	1048576
아이르통 세나 레이싱.smc	OK	1	1	28:8671/8673	26	2097152
슈퍼 배터 업 (Super Batter Up).smc	NO_MATCH	1	0	-	-	1048576
그레이트 배틀 3 (Great Battle III, The).smc	NO_MATCH	1	0	-	-	1310720
심리 게임 - 악마의 코코로지 (Shinri Game, The - Akuma no Kokoroji).smc	OK	1	1	1a:b618/b61a	54	1048576
이그니션 팩터 (Ignition Factor, The).smc	NO_MATCH	2	0	-	-	1048576
포코냥! 헨포코린 어드벤처 (Pokonyan! - Henpokorin Adventure).smc	NO_MATCH	1	0	-	-	1048576
매지컬팝픈.smc	NO_MATCH	1	0	-	-	2228224
드래곤즈 어스 (Dragon's Earth).smc	NO_MATCH	1	0	-	-	1048576
사무라이 쇼다운 (Samurai Shodown).smc	NO_MATCH	2	0	-	-	4194304
패널로 퐁 (Panel de Pon).smc	NO_MATCH	1	0	-	-	1048576
와일드 트랙스 (Wild Trax).smc	NO_MATCH	1	0	-	-	1048576
워프스피드 (WarpSpeed).smc	NO_MATCH	1	0	-	-	1048576
슈퍼 버디 러시 (Super Birdie Rush).smc	NO_MATCH	1	0	-	-	1048576
나 홀로 집에 2 - 뉴욕에서의 길을 잃다 (Home Alone 2 - Lost in New York).smc	OK	1	1	0e:a378/a37a	00	524288
SD 울트라 배틀 - 세븐 앤 울트라맨 + ST 바이오스.smc	OK	1	2	00:839b/839d	9d	1572864
토탈 카니지 (Total Carnage).smc	OK	1	16	00:905d/905f	58	1048576
스파크스터 (Sparkster).smc	NO_MATCH	1	0	-	-	1048576
마수왕 (Majuu Ou).smc	NO_MATCH	1	0	-	-	1572864
슈퍼 마리오 RPG (Super Mario RPG - Legend of the Seven Stars).smc	OK	1	16	00:876d/876f	4b	4194304
드래곤 나이트 4 (Dragon Knight 4).smc	NO_MATCH	1	0	-	-	3145728
TV 애니메이션 슬램덩크 - 시쿄 격투츠!! (From TV Animation Slam Dunk - Yonkyou Gekitotsu!!).smc	NO_MATCH	1	0	-	-	1572864
울트라 베이스볼 실명판 2 (Ultra Baseball Jitsumei Ban 2).smc	NO_MATCH	1	0	-	-	1048576
차베즈 II (Chavez II).smc	NO_MATCH	1	0	-	-	1048576
슈퍼 킥오프 (Super Kick Off).smc	OK	1	3	00:83d2/83d4	83	524288
트로이 에이크만 NFL 풋볼 (Troy Aikman NFL Football).smc	NO_MATCH	1	0	-	-	1572864
바클리 샷 업 앤 잼! (Barkley Shut Up and Jam!).smc	NO_MATCH	1	0	-	-	1572864
지미 휴스턴의 배스 토너먼트 USA (Jimmy Houston's Bass Tournament U.S.A.).smc	NO_MATCH	1	0	-	-	1572864
클루 (Clue).smc	NO_MATCH	1	0	-	-	524288
마법 포이 포이 포잇토! (Mahou Poi Poi Poitto!).smc	NO_MATCH	1	0	-	-	1048576
슈퍼 퍼티 (Super Putty).smc	OK	1	1	16:98e6/98e8	b1	1048576
제퍼디! 디럭스 에디션 (Jeopardy! - Deluxe Edition).smc	OK	1	4	00:dc54/dc56	e0	524288
래디컬 렉스 (Radical Rex).smc	NO_MATCH	1	0	-	-	1048576
지큐 케이바 시뮬레이션 - 스테이블 스타 (Stable Star - Kyuusha Monogatari).smc	NO_MATCH	1	0	-	-	4194304
대폭소 인생극장 두근두근 청춘 (Daibakushou Jinsei Gekijou - Dokidoki Seishun Hen).smc	NO_MATCH	1	0	-	-	1310720
윙 커맨더 (Wing Commander).smc	NO_MATCH	1	0	-	-	1048576
스트리트 파이터 2 터보 (Street Fighter II Turbo).smc	NO_MATCH	2	0	-	-	2621440
메리 셸리의 프랑켄슈타인 (Mary Shelley's Frankenstein).smc	NO_MATCH	1	0	-	-	2097152
에어로 더 아크로뱃 (Aero the Acro-Bat).smc	OK	1	1	1c:966e/9670	00	1048576
Ultima VI - Itsuwari no Yogensha (J).smc	NO_MATCH	1	0	-	-	1048576
타케 유타카 G1 메모리 (Take Yutaka GI Memory).smc	OK	2	1	cd:3ed6/3ed8	4a	3145728
슈퍼 동키콩 2 딕시 앤 디디 (Super Donkey Kong 2 - Dixie & Diddy).smc	NO_MATCH	2	0	-	-	4194304
풍래의 시렌 2 (Fushigi no Dungeon 2 - Fuurai no Shiren).smc	NO_MATCH	2	0	-	-	4194304
슈퍼 패미컴 워즈 (Super Famicom Wars).smc	NO_MATCH	1	0	-	-	2097152
베이스 마스터 클래식 프로 에디션 (Bass Masters Classic - Pro Edition).smc	OK	1	1	01:84ea/84ec	00	2097152
타케다 노부히로의 슈퍼 컵 사커 (Takeda Nobuhiro no Super Cup Soccer).smc	NO_MATCH	1	0	-	-	524288
피크로스 NP Vol.6 (Picross NP Vol. 6).smc	NO_MATCH	2	0	-	-	1572864
이스 III - 이스에서 온 방랑자 (Ys III - Wanderers from Ys).smc	NO_MATCH	1	0	-	-	1048576
슈퍼 파이어 프로레슬링 X (Super Fire Pro Wrestling X).smc	NO_MATCH	2	0	-	-	4194304
히가시오 오사무 감수 슈퍼 프로 야구 스타디움 (Higashio Osamu Kanshuu Super Pro Yakyuu Stadium).smc	NO_MATCH	1	0	-	-	524288
브롤 브라더스 (Brawl Brothers).smc	NO_MATCH	1	0	-	-	1572864
소울 블레이더 (Soul Blader).smc	NO_MATCH	1	0	-	-	1048576
몬스터 메이커 3 - 빛의 마술사 (Monster Maker III - Hikari no Majutsushi).smc	NO_MATCH	1	0	-	-	2097152
필살 파친코 컬렉션 3 (Hissatsu Pachinko Collection 3).smc	NO_MATCH	1	0	-	-	2097152
사이드 포켓 (Side Pocket).smc	OK	1	1	10:9526/9528	00	1048576
배틀 닷지볼 2 (Battle Dodge Ball II).smc	NO_MATCH	2	0	-	-	1572864
대항해시대 (Uncharted Waters).smc	NO_MATCH	1	0	-	-	1048576
시뮬레이션 프로 야큐 2 (Furuta Atsuya no Simulation Pro Yakyuu 2).smc	NO_MATCH	1	0	-	-	2097152
렉킹 크루 '98 (Wrecking Crew '98).smc	NO_MATCH	2	0	-	-	2097152
스파이더맨과 베놈 - 세퍼레이션 앤서니어티 (Venom - Spider-Man - Separation Anxiety).smc	NO_MATCH	1	0	-	-	3145728
JWP 여자 프로레슬링 - 퓨어 레슬 퀸즈 (JWP Joshi Pro Wres - Pure Wrestle Queens).smc	NO_MATCH	2	0	-	-	2097152
고속사색 - 장기왕 (Kousoku Shikou Shougi Ou).smc	NO_MATCH	2	0	-	-	1048576
슈퍼 마작 (Super Mahjong).smc	NO_MATCH	1	0	-	-	524288
로열 컨퀘스트 (Royal Conquest).smc	OK	1	10	04:b322/b324	aa	524288
실황 파워풀 프로 야구 - 베이직판 98 (Jikkyou Powerful Pro Yakyuu - Basic '98).smc	NO_MATCH	1	0	-	-	3145728
데몬즈 블레이즌 - 마계촌 문장편 (Demon's Blazon - Makaimura Monshou Hen).smc	NO_MATCH	1	0	-	-	2097152
빌 왈시 칼리지 풋볼 (Bill Walsh College Football).smc	NO_MATCH	2	0	-	-	1048576
패밀리 퓨드 (Family Feud).smc	OK	1	1	0f:e4e9/e4eb	00	524288
그레이트 배틀 4 (Great Battle IV, The).smc	OK	1	1	00:94d1/94d3	66	1572864
쿠니오군의 닷지볼 - 전원 집합! (Kunio-kun no Dodge Ball Da yo Zenin Shuugou!).smc	NO_MATCH	1	0	-	-	1572864
저스티스 리그 태스크 포스 (Justice League Task Force).smc	NO_MATCH	1	0	-	-	2621440
산사라 나가 2 (Samsara Naga 2).smc	NO_MATCH	1	0	-	-	1572864
게임의 철인 - 더 상하이 (Game no Tetsujin - The Shanghai).smc	OK	1	1	24:f312/f314	fa	2097152
피크로스 NP Vol. 3 (Picross NP Vol. 3).smc	NO_MATCH	2	0	-	-	1048576
슈퍼 대항해시대 (Super Daikoukai Jidai).smc	NO_MATCH	1	0	-	-	1048576
슈퍼 매드 챔프 (Super Mad Champ).smc	NO_MATCH	1	0	-	-	1572864
파워 무브즈 (Power Moves).smc	NO_MATCH	1	0	-	-	1048576
마이크로 머신즈 (Micro Machines).smc	NO_MATCH	1	0	-	-	524288
슈퍼 쿄테이 2 (Super Kyoutei 2).smc	NO_MATCH	1	0	-	-	1048576
슈퍼 뿌요뿌요2 (Super Puyo Puyo Tsuu).smc	OK	1	1	00:80aa/80ac	25	2097152
폭구연발!! 슈퍼 비다만 (Bakukyuu Renpatsu!! Super B-Daman).smc	NO_MATCH	2	0	-	-	2097152
서러브레드 브리더 2 (Thoroughbred Breeder II).smc	OK	1	2	00:83c4/83c6	32	2097152
엑셀 브리드 (Accele Brid).smc	NO_MATCH	1	0	-	-	2097152
카코마 나이트 (Cacoma Knight).smc	NO_MATCH	1	0	-	-	524288
마작 전국 모노가타리 (Mahjong Sengoku Monogatari).smc	NO_MATCH	1	0	-	-	1048576
티몬과 품바의 정글 게임 (Timon & Pumbaa's Jungle Games).smc	NO_MATCH	2	0	-	-	1572864
실전 파친코 필승법 2 (Jissen Pachinko Hisshouhou! 2).smc	NO_MATCH	1	0	-	-	1572864
슈퍼 알프레드 치킨 (Super Alfred Chicken).smc	NO_MATCH	1	0	-	-	1048576
니시진 파친코 모노가타리 2 (Nishijin Pachinko Monogatari 2).smc	OK	2	1	dd:0a0a/0a0c	67	2097152
스타폭스 슈퍼 위켄드 콤페티션 (Super Star Fox Weekend).smc	NO_MATCH	1	0	-	-	1048576
웨딩 피치 (Wedding Peach).smc	NO_MATCH	1	0	-	-	1048576
슈퍼 테트리스 + 봄브리스 (Super Tetris 2 + Bombliss).smc	NO_MATCH	1	0	-	-	1048576
소울 블레이저 (Soul Blazer).smc	NO_MATCH	1	0	-	-	1048576
에어 매니지먼트 - 오오조라니 카케루 (Air Management - Oozora ni Kakeru).smc	NO_MATCH	1	0	-	-	1048576
오데카케 레스터 - 레레레의 레 (Odekake Lester - Lelele no Le).smc	NO_MATCH	2	0	-	-	1048576
이르바니아의 성 (Illvanian no Shiro).smc	NO_MATCH	1	0	-	-	2097152
TKO 슈퍼 챔피언십 복싱 (TKO Super Championship Boxing).smc	NO_MATCH	1	0	-	-	524288
에어리어 88 _ U.N. 특수부대 (U.N. Squadron).smc	OK	1	1	00:8127/8129	6a	1048576
미스터 터프.smc	NO_MATCH	1	0	-	-	1572864
아웃 오브 디스 월드 (Out of This World).smc	NO_MATCH	1	0	-	-	1048576
슈퍼 봄버맨 2 (Super Bomberman 2).smc	NO_MATCH	2	0	-	-	1048576
슈퍼 블랙 버스 2 (Super Black Bass 2).smc	NO_MATCH	1	0	-	-	2097152
불사조의 부활 (Rise of the Phoenix).smc	NO_MATCH	2	0	-	-	1572864
어반 스트라이크 (Urban Strike).smc	NO_MATCH	1	0	-	-	2097152
미키와 미니 매지컬 어드벤처 2 (Mickey to Minnie - Magical Adventure 2).smc	OK	2	1	c6:af96/af98	1e	1572864
실황 파워풀 프로 야구 3 (Jikkyou Powerful Pro Yakyuu 3).smc	NO_MATCH	1	0	-	-	3145728
워 2410 (War 2410).smc	NO_MATCH	1	0	-	-	2097152
스타 트렉 - 스타플릿 아카데미 스타십 브릿지 시뮬레이터 (Star Trek - Starfleet Academy - Starship Bridge Simulator).smc	NO_MATCH	1	0	-	-	1048576
자레코 랠리 - 빅 런 - 더 슈프림 4WD 챌린지 (Jaleco Rally - Big Run - The Supreme 4WD Challenge).smc	NO_MATCH	1	0	-	-	1048576
러싱 비트 수라 (Rushing Beat Shura).smc	NO_MATCH	2	0	-	-	2097152
피크로스 NP Vol.8 (Picross NP Vol. 8).smc	NO_MATCH	2	0	-	-	1572864
슈퍼 모프 (Super Morph).smc	NO_MATCH	1	0	-	-	1048576
레밍즈 2 - 더 트라이브 (Lemmings 2 - The Tribes).smc	NO_MATCH	1	0	-	-	2097152
로코의 모던 라이프 - 스펑키의 위험한 하루 (Rocko's Modern Life - Spunky's Dangerous Day).smc	NO_MATCH	1	0	-	-	1572864
슈퍼 패밀리 서킷 (Super Family Circuit).smc	NO_MATCH	1	0	-	-	1048576
바쿠토 도체스 (Bakutou Dochers - Bumps-jima wa Oosawagi).smc	NO_MATCH	2	0	-	-	1048576
가이아 세이버 (Gaia Saver - Hero Saidai no Sakusen).smc	OK	1	3	00:c9e6/c9e8	2f	1572864
배트맨 리턴즈 (Batman Returns).smc	NO_MATCH	1	0	-	-	1048576
모탈 컴뱃 2 궁극신권 (Mortal Kombat II - Kyuukyoku Shinken).smc	NO_MATCH	2	0	-	-	3145728
인터내셔널 테니스 투어 (International Tennis Tour).smc	NO_MATCH	1	0	-	-	1048576
어메이징 스파이더맨 리썰 포스 (Amazing Spider-Man, The - Lethal Foes).smc	NO_MATCH	2	0	-	-	1572864
스털링 샤프 - 엔드 투 엔드 (Sterling Sharpe - End 2 End).smc	NO_MATCH	1	0	-	-	1048576
우주 레이스 - 아스트로 고! 고! (Uchuu Race - Astro Go! Go!).smc	NO_MATCH	1	0	-	-	1048576
전국 고교 사커 2 (Zenkoku Koukou Soccer 2).smc	NO_MATCH	2	0	-	-	1048576
더 마작 동해전 (Mahjong Touhaiden, The).smc	NO_MATCH	1	0	-	-	1048576
페르시아의 왕자 2 (Prince of Persia 2).smc	NO_MATCH	1	0	-	-	2097152
쇼기 산마이 (Shougi Zanmai).smc	NO_MATCH	1	0	-	-	1048576
라군 (Lagoon).smc	NO_MATCH	1	0	-	-	1048576
휠 오브 포춘 (Wheel of Fortune).smc	NO_MATCH	1	0	-	-	524288
인터네셔널 슈퍼스타 사커 (International Superstar Soccer).smc	NO_MATCH	1	0	-	-	1048576
휴먼 (Humans, The).smc	NO_MATCH	1	0	-	-	1048576
존 매든 NFL 94 (Madden NFL '94).smc	NO_MATCH	2	0	-	-	1048576
뉴 3D 골프 시뮬레이션 하루카나루 오거스타 (New 3D Golf Simulation - Harukanaru Augusta).smc	NO_MATCH	1	0	-	-	1048576
울티마 6 - 거짓된 예언자 (Ultima - The False Prophet).smc	NO_MATCH	1	0	-	-	1048576
F-제로 (F-Zero).smc	OK	1	1	00:803a/803c	40	524288
SD 기동전사 건담 V작전 시동 (SD Kidou Senshi Gundam - V Sakusen Shidou).smc	NO_MATCH	1	0	-	-	524288
소드 월드 SFC (Sword World SFC).smc	OK	1	8	00:8533/8535	77	1572864
베른 월드 (Verne World).smc	OK	1	1	25:93c6/93c8	f0	2621440
기기괴계 - 의문의 검은 망토 (Kiki Kaikai - Nazo no Kuro Manteau).smc	NO_MATCH	1	0	-	-	1048576
슈퍼 핀볼 2 - 어메이징 오디세이 (Super Pinball II - The Amazing Odyssey).smc	NO_MATCH	1	0	-	-	1572864
이타다키 스트리트 2 - 네온 사인은 장미빛으로 (Itadaki Street 2 - Neon Sign wa Barairo ni).smc	NO_MATCH	1	0	-	-	1572864
파치슬롯 러브 스토리 (Pachi-Slot Love Story).smc	NO_MATCH	1	0	-	-	1048576
디트 트랙스 FX (Dirt Trax FX).smc	NO_MATCH	1	0	-	-	524288
스트라이크 거너 (Strike Gunner S.T.G).smc	NO_MATCH	1	0	-	-	1048576
크러스티의 슈퍼 펀하우스 (Krusty's Super Fun House).smc	OK	1	1	00:a9af/a9b1	e6	524288
슈퍼 굿슨 오요요 2 (Super Gussun Oyoyo 2).smc	NO_MATCH	1	0	-	-	1310720
엑조스트 히트 2 - 에프-1 드라이버의 기적 (Exhaust Heat II - F1 Driver e no Michi).smc	NO_MATCH	1	0	-	-	1048576
비밀의 마나 (Secret of Mana).smc	NO_MATCH	2	0	-	-	2097152
크리스탈 빈즈 프롬 던전 익스플로러 (Crystal Beans from Dungeon Explorer).smc	NO_MATCH	2	0	-	-	1572864
블레이즈 온 (Blaze On).smc	OK	1	1	00:849e/84a0	50	1048576
SD 건담 제너레이션 D - 바빌로니아 건국 전기 + ST 바이오스.smc	OK	1	1	00:839b/839d	9d	786432
구약 여신전생 (Kyuuyaku Megami Tensei).smc	NO_MATCH	1	0	-	-	2097152
체스마스터 (Chessmaster, The).smc	NO_MATCH	1	0	-	-	524288
M.A.C.S. 베이직 라이플 시뮬레이터.smc	NO_MATCH	1	0	-	-	524288
라스베이거스 드림 (Las Vegas Dream in Golden Paradise).smc	NO_MATCH	1	0	-	-	1048576
란마 1_2 - 주묘단적비보 (Ranma 1-2 - Akanekodan Teki Hihou).smc	NO_MATCH	1	0	-	-	1572864
돌럭키의 A리그 사커 (Dolucky no A.League Soccer).smc	NO_MATCH	1	0	-	-	1572864
카부이 (Ka-blooey).smc	NO_MATCH	1	0	-	-	524288
브레이니 (Brainies, The).smc	NO_MATCH	1	0	-	-	524288
슈퍼 경륜 (Super Keirin).smc	NO_MATCH	1	0	-	-	1572864
비룡의 권S - 하이퍼버전 (Hiryuu no Ken S - Hyper Version).smc	NO_MATCH	1	0	-	-	1572864
백열 프로야구 '93 - 간바 리그 (Hakunetsu Pro Yakyuu '93 - Ganba League).smc	NO_MATCH	1	0	-	-	1572864
파르러! 미니 6 - 파친코 실기 시뮬레이션 게임 (Parlor! Mini 6 - Pachinko Jikki Simulation Game).smc	NO_MATCH	2	0	-	-	1048576
존 매든 풋볼 '93 (John Madden Football '93).smc	NO_MATCH	1	0	-	-	1048576
카비의 아발란체 (Kirby's Avalanche).smc	OK	1	1	00:80cd/80cf	25	1048576
슈퍼 니치부츠 마작 2 - 전국 제패 편 (Super Nichibutsu Mahjong 2 - Zenkoku Seiha Hen).smc	OK	1	1	1b:ca68/ca6a	f0	2097152
유유백서 파이널 - 마계최강열전 (Yu Yu Hakusho Final - Makai Saikyou Retsuden).smc	OK	2	1	e5:960e/9610	b8	3145728
돌럭키의 풀야구 (Dolucky no Kusayakiu).smc	NO_MATCH	1	0	-	-	2097152
카키노키 쇼기 (Kakinoki Shougi).smc	OK	1	1	01:cd5d/cd5f	55	1572864
실전 경정 (Jissen Kyoutei).smc	NO_MATCH	2	0	-	-	1572864
슈퍼 알레스트 (Super Aleste).smc	OK	1	1	00:8358/835a	25	1048576
킹 아서의 월드 (King Arthur's World).smc	OK	1	10	04:b322/b324	aa	524288
실황 월드 사커2 - 파이팅 일레븐 (Jikkyou World Soccer 2 - Fighting Eleven).smc	NO_MATCH	1	0	-	-	3145728
미라클 카지노 파라다이스 (Miracle Casino Paradise).smc	OK	1	3	00:83e7/83e9	87	1048576
월로 (Whirlo).smc	NO_MATCH	1	0	-	-	1048576
야광충 (Yakouchuu).smc	NO_MATCH	1	0	-	-	2097152
Mega Man X 2 (U) [!].smc	NO_MATCH	1	0	-	-	1572864
알라딘 (Aladdin).smc	NO_MATCH	1	0	-	-	1310720
아랑전설 2 (Fatal Fury 2).smc	NO_MATCH	2	0	-	-	2621440
신 열혈경파 - 쿠니오들의 만가 (Shin Nekketsu Kouha - Kunio-tachi no Banka).smc	NO_MATCH	1	0	-	-	3145728
송 마스터 (Song Master).smc	NO_MATCH	1	0	-	-	1048576
필승 파치슬롯 펀 (Hisshou Pachi-Slot Fun).smc	NO_MATCH	1	0	-	-	1048576
엔에이치엘 95 (NHL 95).smc	NO_MATCH	2	0	-	-	1048576
스페이스 풋볼 - 원 온 원 (Space Football - One on One).smc	OK	1	8	00:81d8/81da	fa	524288
슈퍼 SWIV (Super SWIV).smc	NO_MATCH	1	0	-	-	1048576
캐슬바니아 - 뱀파이어 키스 (Castlevania - Vampire's Kiss).smc	NO_MATCH	1	0	-	-	2097152
시엔의 복수 (Shien's Revenge).smc	NO_MATCH	1	0	-	-	2097152
히어로 전기 - 프로젝트 올림포스 (Hero Senki - Project Olympus).smc	NO_MATCH	1	0	-	-	1572864
타카하시명인의 대모험도 (Takahashi Meijin no Daibouken-jima).smc	NO_MATCH	1	0	-	-	1048576
슛테 하쿤 (Sutte Hakkun).smc	NO_MATCH	2	0	-	-	3145728
FIFA 사커 96 (FIFA Soccer 96).smc	OK	1	5	1e:8ba9/8bab	07	1572864
제이 (Adventures of Dr. Franken, The).smc	NO_MATCH	1	0	-	-	1048576
가메라 - 가오스 격멸 작전 (Gamera - Gyaos Gekimetsu Sakusen).smc	NO_MATCH	1	0	-	-	1572864
메가로 매니아 시공대전략 (Mega lo Mania - Jikuu Daisenryaku).smc	OK	1	1	00:8398/839a	2d	1048576
테이블 게임 대집합! 쇼기 마작 하나후다 (Table Game Daishuugou!!).smc	OK	2	2	c0:0c72/0c74	7b	1048576
캡틴 츠바사 J - 웨이 투 월드 유스 (Captain Tsubasa J - The Way to World Youth).smc	NO_MATCH	1	0	-	-	2097152
캡콤 사커 슛아웃 (Capcom's Soccer Shootout).smc	OK	1	1	17:bd3d/bd3f	39	1572864
USA 아이스 하키 (USA Ice Hockey).smc	NO_MATCH	1	0	-	-	1048576
크레용 신짱 - 장화를 풍덩!! + ST BIOS.smc	OK	1	1	00:839b/839d	9d	786432
경마 에이트 스페셜 (Keiba Eight Special).smc	NO_MATCH	1	0	-	-	1048576
별의 카비3.smc	NO_MATCH	1	0	-	-	4194304
레스터 더 언라이클리 (Lester the Unlikely).smc	NO_MATCH	2	0	-	-	1048576
카시와기 시게타카의 탑 워터 베이싱 (Kashiwagi Shigetaka no Top Water Bassing).smc	NO_MATCH	1	0	-	-	2097152
이지의 올림픽 링 탐험 (Izzy's Quest for the Olympic Rings).smc	NO_MATCH	1	0	-	-	2097152
퍼스트 퀸 - 오닉 전기 (First Queen - Ornic Senki).smc	NO_MATCH	2	0	-	-	1048576
쇼기 - 풍림화산 (Shougi Fuurinkazan).smc	NO_MATCH	1	0	-	-	1048576
클레이메이트 (Claymates).smc	NO_MATCH	2	0	-	-	1048576
팔라딘 퀘스트 (Paladin's Quest).smc	NO_MATCH	1	0	-	-	1572864
더비 스탤리온 2 (Derby Stallion II).smc	OK	1	3	00:8391/8393	42	1572864
아스테릭스 (Asterix).smc	NO_MATCH	1	0	-	-	524288
포키 피그의 헌티드 할리데이 (Porky Pig's Haunted Holiday).smc	OK	1	1	02:8782/8784	00	2097152
귀신동자 젠키 - 천지 명도 (Kishin Douji Zenki - Tenchi Meidou).smc	OK	2	1	c0:0273/0275	20	2097152
피크로스 NP Vol.7 (Picross NP Vol. 7).smc	NO_MATCH	2	0	-	-	1572864
마이티 모핀 파워레인저 - 더 무비 (Mighty Morphin Power Rangers - The Movie).smc	NO_MATCH	1	0	-	-	1572864
젤리 보이 (Jelly Boy).smc	NO_MATCH	1	0	-	-	1048576
배틀테크 3050 (BattleTech 3050).smc	OK	2	1	d6:64b7/64b9	00	1572864
WCW 슈퍼 브롤 레슬링 (WCW Super Brawl Wrestling).smc	OK	1	1	01:bb72/bb74	40	1572864
클래식 로드 2 (Classic Road II).smc	NO_MATCH	1	0	-	-	2097152
파이터즈 히스토리 - 미조구치 위기일발 (Fighter's History - Mizoguchi Kikiippatsu!!).smc	OK	2	2	c0:5005/5007	b8	3145728
윌리엄스 아케이드 베스트 히츠 (Williams Arcade's Greatest Hits).smc	OK	1	2	03:8633/8635	b9	524288
슈퍼 제임스 폰드 (Super James Pond).smc	NO_MATCH	1	0	-	-	524288
리틀 마스터 - 무지개빛 마석 (Little Master - Nijiiro no Maseki).smc	OK	1	2	00:e3cf/e3d1	4a	2097152
더 그레이트 왈도 서치 (Great Waldo Search, The).smc	NO_MATCH	1	0	-	-	524288
컴퓨터 능력 해석 - 울트라 마권 (Computer Nouryoku Kaiseki - Ultra Baken).smc	NO_MATCH	1	0	-	-	1048576
닌타마 란타로 스페셜 (Nintama Rantarou Special).smc	NO_MATCH	1	0	-	-	524288
하멜의 바이올린 연주 (Hameln no Violin Hiki).smc	NO_MATCH	1	0	-	-	1572864
파이널 파이트 2 (Final Fight 2).smc	NO_MATCH	1	0	-	-	1310720
스핀디지 월드 (Spindizzy Worlds).smc	NO_MATCH	1	0	-	-	1048576
램파트 (Rampart).smc	OK	1	1	00:fa29/fa2b	00	524288
파워 드라이브 (Power Drive).smc	NO_MATCH	1	0	-	-	1048576
격주전대 카레인저 + ST BIOS.smc	OK	1	1	00:839b/839d	9d	786432
권투왕 월드 챔피언 (Kentou Ou World Champion).smc	NO_MATCH	1	0	-	-	524288
스타 트렉 - 딥 스페이스 나인 - 크로스로드 오브 타임 (Star Trek - Deep Space Nine - Crossroads of Time).smc	NO_MATCH	1	0	-	-	1048576
논탄과 함께 - 쿠루쿠루 퍼즐 (Nontan to Issho - Kurukuru Puzzle).smc	OK	1	1	00:855d/855f	20	524288
장난꾸러기 데니스 (Dennis the Menace).smc	NO_MATCH	1	0	-	-	1048576
SM 조교사 히토미 Vol 2.52 마키의 러브 러브 패닉 (SM Choukyoushi Hitomi - Bangai Hen 2 - Maki no Love Love Panic).smc	NO_MATCH	1	0	-	-	524288
메탈 맥스 리턴즈 (Metal Max Returns).smc	NO_MATCH	1	0	-	-	4194304
하시리야 타마시이 - 라이더 스피릿츠 (Bike Daisuki! Hashiriya Tamashii).smc	NO_MATCH	2	0	-	-	524288
피구왕 통키 (Honoo no Toukyuuji - Dodge Danpei).smc	OK	1	2	00:830c/830e	2f	1048576
센서블 사커 - 인터내셔널 에디션 (International Sensible Soccer - World Champions).smc	OK	1	1	06:d9fa/d9fc	df	524288
드래곤볼 Z 초무투전 (Dragon Ball Z - Super Butouden).smc	NO_MATCH	1	0	-	-	2097152
챔피언십 풀 (Championship Pool).smc	OK	1	1	00:bb66/bb68	00	1048576
Romance of the Three Kingdoms III - Dragon of Destiny (U).smc	NO_MATCH	2	0	-	-	1572864
파이널 녹아웃 (Final Knockout).smc	NO_MATCH	1	0	-	-	1048576
경마 예상 바켄 연금술 (Kachiuma Yosou Soft - Baken Renkinjutsu).smc	NO_MATCH	1	0	-	-	524288
임페리움 (Imperium).smc	OK	1	1	0c:adde/ade0	45	1048576
대전략 엑스퍼트 (Daisenryaku Expert).smc	NO_MATCH	1	0	-	-	1048576
GD 린 (Gdleen).smc	NO_MATCH	1	0	-	-	1048576
이소즈리 - 리토우 헨 (Isozuri - Ritou Hen).smc	OK	2	1	d9:a0ec/a0ee	f0	2097152
오토보케 닌자 콜로세움 (Otoboke Ninja Colosseum).smc	NO_MATCH	1	0	-	-	1048576
얼티밋 풋볼 (Ultimate Football).smc	NO_MATCH	1	0	-	-	1048576
실전 파친코슬롯 필승법 트윈 (Jissen Pachi-Slot Hisshouhou! Twin).smc	NO_MATCH	2	0	-	-	524288
수파푼 DX (Supapoon DX).smc	NO_MATCH	2	0	-	-	1048576
틴에이지 뮤턴트 히어로 터틀즈 토너먼트 파이터즈 (Teenage Mutant Hero Turtles - Tournament Fighters).smc	NO_MATCH	1	0	-	-	2097152
제복전설 - 프리티 파이터 (Seifuku Densetsu - Pretty Fighter).smc	NO_MATCH	2	0	-	-	2097152
테크모 슈퍼 볼 III 파이널 에디션 (Tecmo Super Bowl III - Final Edition).smc	NO_MATCH	1	0	-	-	2097152
웨인 그레츠키 NHLPA 올스타즈 (Wayne Gretzky and the NHLPA All-Stars).smc	OK	1	1	00:9271/9273	09	1572864
헤베레케 포포이토 (Hebereke's Popoitto).smc	OK	1	1	00:8758/875a	2f	524288
안젤리크 보이스 판타지 (Angelique - Voice Fantasy).smc	NO_MATCH	2	0	-	-	3145728
섀도우런 (Shadowrun).smc	NO_MATCH	1	0	-	-	1048576
라모스 월드 와이드 사커 (Ramos Ruy no World Wide Soccer).smc	NO_MATCH	1	0	-	-	1048576
싱크 오어 스윔 (S.O.S - Sink or Swim).smc	NO_MATCH	1	0	-	-	524288
솔저스 오브 포츈 (Soldiers of Fortune).smc	NO_MATCH	2	0	-	-	1572864
헤이와 파를러! 미니 8 - 파친코 실기 시뮬레이션 게임 (Heiwa Parlor! Mini 8 - Pachinko Jikki Simulation Game).smc	NO_MATCH	2	0	-	-	1048576
레밍즈 (Lemmings).smc	OK	1	1	01:a1ff/a201	20	1048576
기신 공린전 오니 (Kijin Kourinden Oni).smc	NO_MATCH	2	0	-	-	1572864
최고속 사고 쇼기 마작 (Saikousoku Shikou Shougi Mahjong).smc	NO_MATCH	1	0	-	-	524288
슈퍼 파이어 프로레슬링 3 파이널 바우트 (Super Fire Pro Wrestling III - Final Bout).smc	NO_MATCH	2	0	-	-	1572864
블록 쿠즈시 (Block Kuzushi).smc	NO_MATCH	1	0	-	-	524288
마신전생 (Majin Tensei).smc	NO_MATCH	1	0	-	-	1572864
프로 마작 극 (Pro Mahjong Kiwame).smc	NO_MATCH	1	0	-	-	524288
금어 주의보! 튀어나와라 게임 학원 (Kingyo Chuuihou! - Tobidase! Game Gakuen).smc	OK	2	1	cc:2af7/2af9	f0	2097152
암흑의 바다 해적 (Pirates of Dark Water, The).smc	OK	1	1	00:a97b/a97d	1f	1048576
패미콤 문고 - 시작의 숲 (Famicom Bunko - Hajimari no Mori).smc	OK	2	1	f8:b48b/b48d	00	4194304
유진의 프리프리 걸스 (Yuujin no Furi Furi Girls).smc	NO_MATCH	1	0	-	-	1048576
바이오 메탈 (BioMetal).smc	NO_MATCH	1	0	-	-	1048576
사이버리온 (Syvalion).smc	NO_MATCH	1	0	-	-	1048576
키드 클리츠의 모험 (Adventures of Kid Kleets, The).smc	NO_MATCH	1	0	-	-	1310720
핀볼 핀볼 (Pinball Pinball).smc	NO_MATCH	1	0	-	-	1048576
페블 비치 골프 링크스 (True Golf Classics - Pebble Beach Golf Links).smc	OK	1	1	14:e0cc/e0ce	4d	1048576
페이퍼보이 2 (Paperboy 2).smc	NO_MATCH	1	0	-	-	524288
바운티 소드 (Bounty Sword).smc	NO_MATCH	2	0	-	-	3145728
후네 타로 (Fune Tarou).smc	NO_MATCH	2	0	-	-	2097152
SOS (SOS).smc	NO_MATCH	1	0	-	-	1048576
슈퍼 봉크 (Super Bonk).smc	NO_MATCH	2	0	-	-	1572864
워터월드 (Waterworld).smc	NO_MATCH	1	0	-	-	2097152
슈퍼 닌텐도 스코프 6 (Nintendo Scope 6).smc	NO_MATCH	1	0	-	-	1048576
파친코 팬 - 승리 선언 (Pachinko Fan - Shouri Sengen).smc	NO_MATCH	1	0	-	-	1048576
데자몬 써서 만들어서 즐기기 (Dezaemon).smc	NO_MATCH	1	0	-	-	524288
사상 최강 리그 세리에 A - 에이스 스트라이커 (Shijou Saikyou League Serie A - Ace Striker).smc	NO_MATCH	1	0	-	-	1572864
J리그 엑사이트 스테이지 '94 (J.League Excite Stage '94).smc	NO_MATCH	1	0	-	-	1572864
파이어 엠블렘 - 트라키아 776 (Fire Emblem - Thracia 776).smc	NO_MATCH	1	0	-	-	4194304
테라니그마 (Terranigma).smc	NO_MATCH	2	0	-	-	4194304
슈퍼 블랙 버스 3 (Super Black Bass 3).smc	NO_MATCH	1	0	-	-	4194304
수파푼 (Supapoon).smc	NO_MATCH	2	0	-	-	524288
트래져헌터G.smc	NO_MATCH	1	0	-	-	4194304
코스모 갱 더 비디오 (Cosmo Gang - The Video).smc	NO_MATCH	1	0	-	-	1048576
프론트 미션 (Front Mission).smc	NO_MATCH	2	0	-	-	3145728
엔비에이 라이브 98 (NBA Live 98).smc	NO_MATCH	1	0	-	-	2097152
에프원 로크 - 레이스 오브 챔피언스 (F1 ROC - Race of Champions).smc	NO_MATCH	1	0	-	-	1048576
백열 프로야구 - 간바 리그 (Hakunetsu Pro Yakyuu - Ganba League).smc	NO_MATCH	1	0	-	-	1048576
세일러 문 (Sailormoon).smc	OK	2	3	c0:936c/936e	2f	1572864
미키와 도널드 매지컬 어드벤처 3 (Mickey to Donald - Magical Adventure 3).smc	OK	2	1	c0:97dd/97df	67	2097152
원조 파친코 왕 (Ganso Pachinko Ou).smc	NO_MATCH	1	0	-	-	1048576
슈퍼 고교 야구 - 일구입혼 (Super Koukou Yakyuu - Ikkyuu Nyuukon).smc	NO_MATCH	1	0	-	-	1048576
악마성 드라큘라 XX (Akumajou Dracula XX).smc	NO_MATCH	1	0	-	-	2097152
슈퍼 마리오 카트 (Super Mario Kart).smc	OK	2	1	c0:805c/805e	44	1048576
키테레츠 대백과 - 초시공 스고로쿠 (Kiteretsu Daihyakka - Choujikuu Sugoroku).smc	NO_MATCH	1	0	-	-	1310720
NCAA 농구 (NCAA Basketball).smc	NO_MATCH	1	0	-	-	1048576
동키콩 컨트리 컴피티션 카트리지 (Donkey Kong Country - Competition Cartridge).smc	NO_MATCH	2	0	-	-	4194304
소드 월드 SFC 2 (Sword World SFC 2 - Inishie no Kyojin Densetsu).smc	OK	1	8	00:8427/8429	80	2097152
저지 드레드 (Judge Dredd).smc	NO_MATCH	1	0	-	-	2097152
슈퍼 노아의 방주 3D (Super Noah's Ark 3D).smc	NO_MATCH	2	0	-	-	1048576
올 아메리칸 챔피언십 풋볼 (All-American Championship Football).smc	NO_MATCH	1	0	-	-	524288
슈퍼 어드벤처 아일랜드 (Super Adventure Island).smc	NO_MATCH	1	0	-	-	1048576
위자프! - 암흑의 왕 (Wizap! - Ankoku no Ou).smc	OK	2	1	d3:0e82/0e84	13	2097152
프로 야구 열투 - 퍼즐 스타디움 (Pro Yakyuu Nettou - Puzzle Stadium).smc	NO_MATCH	1	0	-	-	524288
워 3010 - 더 레볼루션 (War 3010 - The Revolution).smc	NO_MATCH	1	0	-	-	1048576
스타폭스2 (Star Fox 2).smc	NO_MATCH	1	0	-	-	1048576
알버트 오딧세이2 - 사신의 태동 (Albert Odyssey 2 - Jashin no Taidou).smc	NO_MATCH	2	0	-	-	2097152
우미하라 카와세 (Umihara Kawase).smc	OK	1	1	04:eceb/eced	f0	1048576
갬블러 지코츄신하 - 마작 항전 (Gambler Jiko Chuushinha - Mahjong Ooisen).smc	NO_MATCH	1	0	-	-	524288
좀비스 에이트 마이 네이버스 (Zombies Ate My Neighbors).smc	NO_MATCH	1	0	-	-	1048576
트럼프 아일랜드 (Trump Island).smc	NO_MATCH	1	0	-	-	524288
포춘 퀘스트 - 주사위를 굴려라 (Fortune Quest - Dice o Korogase).smc	NO_MATCH	2	0	-	-	1048576
달려라 헤베레케 (Hashire Hebereke).smc	NO_MATCH	1	0	-	-	1310720
엘파리아 (Elfaria - A Fantastic Theater).smc	NO_MATCH	1	0	-	-	1572864
에도노 키바 (Edono Kiba).smc	NO_MATCH	2	0	-	-	1048576
스포팅 뉴스 파워 베이스볼 (Sporting News, The - Baseball).smc	NO_MATCH	2	0	-	-	1048576
아웃 투 런치 (Out to Lunch).smc	OK	1	7	00:8524/8526	10	1048576
브레스 오브 파이어 (Breath of Fire).smc	NO_MATCH	1	0	-	-	1572864
모테케 오! 도로보우 (Motteke Oh! Dorobou).smc	OK	2	1	c0:2af2/2af4	49	1572864
바비의 세계 (Bobby's World).smc	NO_MATCH	1	0	-	-	1048576
캡틴 츠바사 5 - 패자의 칭호 챔피오네 (Captain Tsubasa V - Hasha no Shougou Campione).smc	OK	1	1	15:cdd2/cdd4	26	2097152
매지컬 드롭 2 (Magical Drop 2).smc	OK	2	2	c0:c44f/c451	49	2097152
아스테릭스와 오벨릭스 (Asterix & Obelix).smc	NO_MATCH	1	0	-	-	1572864
도카포 외전 불꽃의 오디션 (Dokapon Gaiden - Honoo no Audition).smc	NO_MATCH	1	0	-	-	1048576
에어로 파이터즈 (Aero Fighters).smc	NO_MATCH	1	0	-	-	1310720
용기병단 단자루브 (Ryuukiheidan Dunzarv).smc	OK	2	1	c8:c04d/c04f	4e	1048576
조지 포먼의 KO 복싱 (George Foreman's KO Boxing).smc	NO_MATCH	1	0	-	-	1048576
CB 캐릭터 워즈 - 잃어버린 개그 (CB Chara Wars - Ushinawareta Gag).smc	OK	1	17	00:9011/9013	2a	1048576
리썰 웨폰 (Lethal Weapon).smc	OK	1	2	00:8b04/8b06	2d	1048576
온 더 볼 (On the Ball).smc	NO_MATCH	1	0	-	-	1048576
슈퍼 패밀리 게렌데 (Super Family Gelaende).smc	NO_MATCH	1	0	-	-	2097152
노스페라투 (Nosferatu).smc	NO_MATCH	1	0	-	-	2097152
ACME 애니메이션 팩토리 (ACME Animation Factory).smc	NO_MATCH	1	0	-	-	1048576
탑 기어 (Top Gear).smc	OK	1	1	00:86c5/86c7	0c	524288
란마 1_2 (Ranma 1-2).smc	NO_MATCH	2	0	-	-	1572864
동키콩 컨트리 (Donkey Kong Country).smc	NO_MATCH	2	0	-	-	4194304
레드 옥토버 (Hunt for Red October, The).smc	NO_MATCH	1	0	-	-	524288
월드 사커 94 - 로드 투 글로리 (World Soccer 94 - Road to Glory).smc	NO_MATCH	1	0	-	-	524288
SD 건담 제너레이션 A - 1년 전쟁기 + ST 바이오스.smc	OK	1	1	00:839b/839d	9d	786432
마작 오공 천축 (Mahjong Gokuu Tenjiku).smc	NO_MATCH	1	0	-	-	524288
비비스 앤 벗헤드 (Beavis and Butt-Head).smc	NO_MATCH	1	0	-	-	1572864
슈퍼 스타워즈 제다이의 귀환 (Super Star Wars - Return of the Jedi).smc	OK	1	2	01:c0bd/c0bf	19	2097152
피맨 (P-Man).smc	OK	1	3	00:81af/81b1	22	1048576
포이포이 닌자 월드.smc	OK	1	1	00:839b/839d	9d	786432
SD 건담 G 넥스트 - 데이터 팩 2.smc	NO_MATCH	1	0	-	-	524288
초대 열혈 경파 쿠니오군 (Shodai Nekketsu Kouha Kunio-kun).smc	NO_MATCH	1	0	-	-	1048576
슈퍼 알타입 (Super R-Type).smc	NO_MATCH	1	0	-	-	1048576
머나먼 오거스타 2 - 마스터즈 (Harukanaru Augusta 2 - Masters).smc	NO_MATCH	1	0	-	-	1572864
NBA 기브 앤 고 (NBA Give 'n Go).smc	NO_MATCH	1	0	-	-	2097152
디노 시티 (DinoCity).smc	NO_MATCH	1	0	-	-	1048576
닌타마 란타로.smc	NO_MATCH	1	0	-	-	1572864
모노폴리 2 (Monopoly Game 2, The).smc	OK	1	1	2d:fdf3/fdf5	c1	1572864
바람돌이 소닉 (Sonic The Hedgehog).smc	NO_MATCH	1	0	-	-	1048576
싸워라 원시인3 - 주역은 역시 조&맥 (Tatakae Genshijin 3 - Shuyaku wa Yappari Joe & Mac).smc	OK	1	1	00:831b/831d	32	1048576
슈퍼 F1 서커스 3 (Super F1 Circus 3).smc	NO_MATCH	1	0	-	-	2097152
드래곤 퀘스트 5 - 천공의 신부 (Dragon Quest V - Tenkuu no Hanayome).smc	NO_MATCH	1	0	-	-	1572864
턴 앤 번 - 노 플라이 존 (Turn and Burn - No-Fly Zone).smc	OK	1	1	1f:e175/e177	00	2097152
파친코 워즈 2 (Pachinko Wars II).smc	NO_MATCH	1	0	-	-	1048576
슈퍼 하나후다 (Super Hanafuda).smc	NO_MATCH	1	0	-	-	524288
디어 보이즈 (Dear Boys).smc	NO_MATCH	1	0	-	-	1572864
스페이스 메가포스 (Space Megaforce).smc	OK	1	1	00:8415/8417	25	1048576
미키와 미니의 위대한 서커스 미스터리 (Great Circus Mystery Starring Mickey & Minnie, The).smc	OK	2	1	c6:af96/af98	1e	1572864
JRR 톨킨의 반지의 제왕 - 제1권 (J.R.R. Tolkien's The Lord of the Rings - Volume 1).smc	NO_MATCH	1	0	-	-	1048576
마블 슈퍼 히어로즈 - 워 오브 더 젬스 (Marvel Super Heroes in War of the Gems).smc	NO_MATCH	2	0	-	-	2097152
미라클 걸스 (Miracle Girls - Tomomi to Mikage no Fushigi Sekai no Daibouken).smc	NO_MATCH	2	0	-	-	1048576
제독의 결단 (Teitoku no Ketsudan).smc	NO_MATCH	1	0	-	-	1310720
람보르기니 아메리칸 챌린지 (Lamborghini American Challenge).smc	NO_MATCH	1	0	-	-	524288
슈퍼 포메이션 사커 94 (Super Formation Soccer 94 - World Cup Edition).smc	NO_MATCH	1	0	-	-	1048576
마그나 브라반 - 편력의 용사 (Magna Braban - Henreki no Yuusha).smc	NO_MATCH	1	0	-	-	1572864
베스 마스터즈 클래식 (Bass Masters Classic).smc	NO_MATCH	1	0	-	-	1572864
울버린 아다만티움 레이지 (Wolverine - Adamantium Rage).smc	NO_MATCH	1	0	-	-	2097152
올림픽 썸머 게임 애틀랜타 96 (Olympic Summer Games).smc	NO_MATCH	2	0	-	-	2097152
SD 건담 외전 - 기사 건담 이야기 - 위대한 유산 (SD Gundam Gaiden - Knight Gundam Monogatari - Ooinaru Isan).smc	NO_MATCH	1	0	-	-	1048576
스쿠비 두 미스터리 (Scooby-Doo Mystery).smc	NO_MATCH	1	0	-	-	2097152
제로 4 챔프 RR (Zero4 Champ RR).smc	NO_MATCH	1	0	-	-	2097152
짐 리의 와일드캣츠 (Jim Lee's WildC.A.T.S - Covert-Action-Teams).smc	NO_MATCH	1	0	-	-	2097152
슈퍼 F1 서커스 외전 (Super F1 Circus Gaiden).smc	NO_MATCH	2	0	-	-	1310720
도라에몽 3 노비타와 시간의 보옥 (Doraemon 3 - Nobita to Toki no Hougyoku).smc	NO_MATCH	2	0	-	-	1572864
초아니키 - 폭렬란투편 (Chou Aniki - Bakuretsu Rantou Hen).smc	NO_MATCH	1	0	-	-	2097152
팩 어택 (Pac-Attack).smc	OK	1	1	00:8369/836b	0e	524288
WWF 로열 럼블 (WWF Royal Rumble).smc	NO_MATCH	1	0	-	-	2097152
센서블 사커 (Sensible Soccer - European Champions).smc	OK	1	1	06:d734/d736	df	524288
마케루나! 마켄도우 (Makeruna! Makendou).smc	NO_MATCH	1	0	-	-	1048576
뉴 슈퍼마리오랜드 (New Super Mario Land).smc	NO_MATCH	2	0	-	-	2097152
슈퍼 아오키 오오카미 토 시로키 메시카 - 겐초 히시 (Super Aoki Ookami to Shiroki Mejika - Genchou Hishi).smc	NO_MATCH	2	0	-	-	1572864
수제전기 (Jutei Senki).smc	NO_MATCH	2	0	-	-	1572864
달의 요정 세일러문 S - 이번엔 퍼즐로 혼내주겠다! (Bishoujo Senshi Sailor Moon S - Kondo wa Puzzle de Oshioki yo!!).smc	OK	1	1	00:8046/8048	a8	524288
슈퍼 스타디움 (Super Stadium).smc	NO_MATCH	1	0	-	-	1048576
플라잉 히어로 - 부규루의 대모험 (Flying Hero - Bugyuru no Daibouken).smc	NO_MATCH	1	0	-	-	1048576
아케이드 베스트 히츠 아타리 컬렉션 1 (Arcade's Greatest Hits - The Atari Collection 1).smc	NO_MATCH	1	0	-	-	524288
제노사이드 2 (Genocide 2).smc	OK	1	3	00:96e4/96e6	78	2097152
슈퍼 닌자쿤 (Super Ninja-kun).smc	NO_MATCH	1	0	-	-	1048576
슈퍼 드라켄 (Super Drakkhen).smc	NO_MATCH	1	0	-	-	2097152
배틀 그랑프리 (Battle Grand Prix).smc	NO_MATCH	1	0	-	-	1048576
디멘션 포스 (Dimension-Force).smc	NO_MATCH	1	0	-	-	1048576
결전! 도카폰 왕국 IV - 전설의 용사들 (Kessen! Dokapon Oukoku IV - Densetsu no Yuusha-tachi).smc	NO_MATCH	1	0	-	-	1048576
J리그 '96 드림 스타디움 (J.League '96 Dream Stadium).smc	NO_MATCH	1	0	-	-	2621440
슈퍼 스코프 6 (Super Scope 6).smc	NO_MATCH	1	0	-	-	1048576
파르러! 미니 - 파친코 실기 시뮬레이션 게임 (Parlor! Mini - Pachinko Jikki Simulation Game).smc	NO_MATCH	2	0	-	-	1048576
마법진 구루구루 (Mahoujin Guruguru).smc	NO_MATCH	2	0	-	-	2097152
종합격투기 - 아스트랄 바우트 2 - 토탈 파이터즈 (Sougou Kakutougi - Astral Bout 2 - The Total Fighters).smc	NO_MATCH	1	0	-	-	1572864
슈퍼 카지노 시저스 팰리스 (Super Casino - Caesars Palace).smc	NO_MATCH	1	0	-	-	524288
요코야마 미츠테루 - 삼국지 (Yokoyama Mitsuteru Sangokushi).smc	NO_MATCH	1	0	-	-	1048576
실황 파워풀 프로야구3 - '97 봄 (Jikkyou Powerful Pro Yakyuu 3 - '97 Haru).smc	NO_MATCH	1	0	-	-	3145728
슈퍼 트롤 아일랜드 (Super Troll Islands).smc	NO_MATCH	1	0	-	-	524288
삼국지 2 (Romance of the Three Kingdoms II).smc	NO_MATCH	1	0	-	-	1048576
더블 드래곤 V - 더 섀도우 폴즈 (Double Dragon V - The Shadow Falls).smc	OK	2	1	c2:87bf/87c1	13	3145728
다운 더 월드 머빌의 야망 (Down the World - Mervil's Ambition).smc	NO_MATCH	2	0	-	-	2097152
스타오션 - 파트A (Star Ocean).sfc	OK	1	1	01:84b2/84b4	d9	8388608
닥터 마리오 (Dr. Mario).smc	NO_MATCH	1	0	-	-	524288
대괴수 이야기 (Daikaijuu Monogatari).smc	NO_MATCH	2	0	-	-	3145728
A.S.P. 에어 스트라이크 패트롤 (A.S.P. - Air Strike Patrol).smc	NO_MATCH	1	0	-	-	1048576
토코로의 마작 (Tokoro's Mahjong).smc	NO_MATCH	1	0	-	-	1048576
RPG 츠쿠루 2 (RPG Tsukuru 2).smc	NO_MATCH	1	0	-	-	2097152
실전 파친코슬롯 필승법 (Jissen! Pachi-Slot Hisshouhou!).smc	NO_MATCH	1	0	-	-	524288
RHI 롤러 하키 95 (RHI Roller Hockey '95).smc	NO_MATCH	1	0	-	-	2097152
슈퍼 에어 다이버 2 (Super Air Diver 2).smc	NO_MATCH	2	0	-	-	1310720
혼케 산쿄 피버 - 실황 시뮬레이션 (Honke Sankyo Fever - Jikki Simulation).smc	NO_MATCH	1	0	-	-	1572864
구피 트룹 (Goof Troop).smc	NO_MATCH	1	0	-	-	524288
쇼넨 닌자 사스케 (Shounen Ninja Sasuke).smc	NO_MATCH	1	0	-	-	1572864
슈퍼 리니어볼 (Super Linearball).smc	OK	1	8	00:81d9/81db	fa	524288
미소녀 레슬러 열전 - 블리자드 유키 난입!! (Bishoujo Wrestler Retsuden - Blizzard Yuki Rannyuu!!).smc	NO_MATCH	1	0	-	-	2621440
슈퍼 모모타로 전철 DX (Super Momotarou Dentetsu DX).smc	NO_MATCH	2	0	-	-	2097152
켄 그리피 주니어의 위닝 런 (Ken Griffey Jr.'s Winning Run).smc	NO_MATCH	2	0	-	-	4194304
파치슬롯 승부사 (Pachi-Slot Gambler).smc	NO_MATCH	1	0	-	-	1048576
리딩 조키 (Leading Jockey).smc	NO_MATCH	2	0	-	-	524288
캐리어 에이스 (Carrier Aces).smc	OK	1	10	00:94c2/94c4	d9	2097152
드래곤볼 Z 라 레전드 사이엔 (Dragon Ball Z - La Legende Saien).smc	NO_MATCH	1	0	-	-	2097152
래리 닉슨의 슈퍼 배스 피싱 (Larry Nixon's Super Bass Fishing).smc	NO_MATCH	2	0	-	-	1572864
FIFA 인터내셔널 사커 (FIFA International Soccer).smc	NO_MATCH	1	0	-	-	1048576
벤케이 외전 - 모래의 장 (Benkei Gaiden - Suna no Shou).smc	NO_MATCH	1	0	-	-	1572864
드래곤 뷰 (Dragon View).smc	NO_MATCH	1	0	-	-	2097152
로고스 패닉 (Logos Panic Goaisatsu).smc	NO_MATCH	1	0	-	-	1310720
스트리트 레이서 (Street Racer).smc	NO_MATCH	1	0	-	-	1048576
커비의 드림 코스 (Kirby's Dream Course).smc	NO_MATCH	1	0	-	-	1048576
월드 마스터즈 골프 (World Masters Golf).smc	NO_MATCH	1	0	-	-	2097152
강철의 기사 2 - 사막의 롬멜 장군 (Koutetsu no Kishi 2 - Sabaku no Rommel Gundan).smc	NO_MATCH	1	0	-	-	1572864
헤이세이 신 오니가시마 - 전편 (Heisei Shin Onigashima - Zenpen).smc	OK	2	1	ec:f77f/f781	db	3145728
페블 비치의 파도 (New 3D Golf Simulation - Pebble Beach no Hatou).smc	OK	1	1	14:e0cc/e0ce	4d	1048576
캡틴 츠바사 4 - 프로의 라이벌들 (Captain Tsubasa IV - Pro no Rival-tachi).smc	NO_MATCH	1	0	-	-	1572864
프랜틱 플리 (Frantic Flea).smc	NO_MATCH	1	0	-	-	2097152
슈퍼 위젯 (Super Widget).smc	NO_MATCH	1	0	-	-	1048576
사이보그 009 (Cyborg 009).smc	NO_MATCH	1	0	-	-	1048576
알카에스트 (Alcahest).smc	NO_MATCH	1	0	-	-	1048576
필승 777 파이터 III - 흑룡왕의 부활 (Hisshou 777 Fighter III - Kokuryuu Ou no Fukkatsu).smc	NO_MATCH	1	0	-	-	1048576
신 나키노류 - 마작 필승전 (Mahjong Hishouden - Shin Naki no Ryuu).smc	OK	1	1	00:8725/8727	32	1048576
슈퍼 마리오 올스타즈 (Super Mario All-Stars).smc	NO_MATCH	1	0	-	-	2097152
아처 맥클레인의 드롭존 (Archer Maclean's Super Dropzone).smc	NO_MATCH	1	0	-	-	1048576
패성마작 료가 (Haisei Mahjong - Ryouga).smc	NO_MATCH	1	0	-	-	1048576
다이내믹 스타디움 (Dynamic Stadium).smc	OK	1	1	00:807d/807f	a8	1048576
열혈 대륙 버닝 히어로즈 (Nekketsu Tairiku - Burning Heroes).smc	NO_MATCH	2	0	-	-	2097152
마리오의 어린 시절 - 글자와 함께 놀기 (Mario's Early Years - Fun with Letters).smc	NO_MATCH	2	0	-	-	1048576
선셋 라이더스 (Sunset Riders).smc	OK	1	2	1a:8b23/8b25	c0	1048576
성검전설 3 (Seiken Densetsu 3).smc	OK	2	2	fd:834e/8350	e7	4194304
남국 소년 파푸와군 (Nangoku Shounen Papuwa-kun).smc	NO_MATCH	1	0	-	-	1048576
엑조스트 히트 (Exhaust Heat).smc	NO_MATCH	1	0	-	-	1048576
잼머스 (Jammes).smc	NO_MATCH	1	0	-	-	524288
액트레이저 (ActRaiser).smc	NO_MATCH	1	0	-	-	1048576
미식전대 바라야로 (Gourmet Sentai Barayarou).smc	NO_MATCH	1	0	-	-	2097152
격투 버닝 프로 레슬링 (Gekitou Burning Pro Wres).smc	NO_MATCH	2	0	-	-	2621440
대전략 엑스퍼트 WW2 유럽 전쟁 (Daisenryaku Expert WWII - War in Europe).smc	NO_MATCH	1	0	-	-	2097152
슈퍼 파이널 매치 테니스 (Super Final Match Tennis).smc	NO_MATCH	1	0	-	-	1048576
듀얼 오브 (Dual Orb - Seirei Tama Densetsu).smc	NO_MATCH	1	0	-	-	1572864
더비 스탈리온 3 (Derby Stallion III).smc	OK	1	2	00:884b/884d	42	3145728
요괴소년 호야 (Ushio to Tora).smc	NO_MATCH	1	0	-	-	1048576
NFL 쿼터백 클럽 (NFL Quarterback Club).smc	NO_MATCH	1	0	-	-	3145728
드래곤볼 Z 초사이어인 전설 (Dragon Ball Z - Super Saiya Densetsu).smc	NO_MATCH	1	0	-	-	1048576
JB 더 슈퍼 배스 (JB The Super Bass).smc	NO_MATCH	2	0	-	-	2621440
슈퍼 오즈모 열선 제일반 (Super Oozumou - Nessen Ooichiban).smc	NO_MATCH	1	0	-	-	1048576
싸워라 원시인2 - 루키의 모험 (Tatakae Genshijin 2 - Rookie no Bouken).smc	OK	1	1	00:8548/854a	aa	524288
스타폭스 (Star Fox).smc	NO_MATCH	1	0	-	-	1048576
리버티 오어 데스 (Liberty or Death).smc	NO_MATCH	2	0	-	-	1310720
노부나가의 야망 - 천성기 (Nobunaga no Yabou - Tenshouki).smc	NO_MATCH	2	0	-	-	3145728
파르러! 미니 4 - 파친코 실기 시뮬레이션 게임 (Parlor! Mini 4 - Pachinko Jikki Simulation Game).smc	NO_MATCH	2	0	-	-	1572864
와간 파라다이스 (Wagyan Paradise).smc	NO_MATCH	1	0	-	-	1310720
Dragon Ball Z - Super Butouden 2 (J) (V1.1).smc	NO_MATCH	1	0	-	-	2097152
프로 쿼터백 (Pro Quarterback).smc	NO_MATCH	1	0	-	-	1048576
다운타운 열혈야구 이야기 - 야구로 승부다! 쿠니오군 (Downtown - Nekketsu Baseball Monogatari - Yakyuu de Shoubu da! Kunio-kun).smc	NO_MATCH	1	0	-	-	1572864
실황 파워풀 프로 야구 94 (Jikkyou Powerful Pro Yakyuu '94).smc	NO_MATCH	1	0	-	-	2097152
WWF 로우 (WWF Raw).smc	NO_MATCH	2	0	-	-	3145728
한국프로야구 (Hanguk Pro Yagu).smc	NO_MATCH	1	0	-	-	1572864
스턴트 레이스 FX (Stunt Race FX).smc	NO_MATCH	1	0	-	-	1048576
바다낚시 명인 스즈키편 (Umizuri Meijin - Suzuki Hen).smc	NO_MATCH	1	0	-	-	1048576
슈퍼 패미스타 5 (Super Famista 5).smc	NO_MATCH	1	0	-	-	2621440
니치부츠 아케이드 클래식스 2 - 헤이안쿄 에일리언 (Nichibutsu Arcade Classics 2 - Heiankyou Alien).smc	NO_MATCH	1	0	-	-	524288
슈퍼 발리스 - 붉은 달의 소녀 (Super Valis - Akaki Tsuki no Otome).smc	NO_MATCH	1	0	-	-	1048576
엔에이치엘 97 (NHL 97).smc	NO_MATCH	2	0	-	-	1572864
쿠니오군의 돗지볼 전원집합 (Kunio-kun no Dodge Ball Da yo Zenin Shuugou! - Tournament Special).smc	NO_MATCH	1	0	-	-	524288
프로 풋볼 93 (Pro Football '93).smc	NO_MATCH	1	0	-	-	1048576
슈퍼 패미스타 2 (Super Famista 2).smc	NO_MATCH	1	0	-	-	1048576
라이덴전설 (Raiden Densetsu).smc	NO_MATCH	1	0	-	-	1048576
가이아 환상기 (Illusion of Gaia).smc	NO_MATCH	2	0	-	-	2097152
아레사 2 아리엘의 이상한 여행 (Aretha II - Ariel no Fushigi na Tabi).smc	NO_MATCH	1	0	-	-	2097152
와랏테 이이토모! 타모린픽 (Waratte Iitomo! Tamolympic).smc	OK	1	1	00:8177/8179	50	1048576
푸른 수정의 지팡이 (Blue Crystal Rod, The).smc	NO_MATCH	1	0	-	-	2097152
상하이 3 (Shanghai III).smc	NO_MATCH	1	0	-	-	1048576
전설의 오거 배틀 (Densetsu no Ogre Battle - The March of the Black Queen).smc	OK	1	9	00:a84e/a850	53	1572864
리딕 보우 복싱 (Riddick Bowe Boxing).smc	NO_MATCH	1	0	-	-	524288
아담스 패밀리 - 퍼즐리의 스케빈저 헌트 (Addams Family, The - Pugsley's Scavenger Hunt).smc	NO_MATCH	1	0	-	-	1048576
클록 웍스 (ClockWerx).smc	NO_MATCH	1	0	-	-	524288
초마계촌 (Super Ghouls 'N Ghosts).smc	NO_MATCH	1	0	-	-	1048576
스펠 크래프트.smc	OK	1	1	11:82cb/82cd	9c	1048576
슈퍼 모모타로 전철 II (Super Momotarou Dentetsu II).smc	OK	1	1	00:c7ea/c7ec	c5	1048576
타임 환상기 (Illusion of Time).smc	NO_MATCH	2	0	-	-	2097152
와일드 스네이크 (WildSnake).smc	NO_MATCH	1	0	-	-	524288
골!! (Goal!).smc	NO_MATCH	1	0	-	-	1048576
셉텐트리온 (Septentrion).smc	NO_MATCH	1	0	-	-	1048576
니치부츠 아케이드 클래식스 (Nichibutsu Arcade Classics).smc	NO_MATCH	2	0	-	-	524288
슈퍼 쇼기 2 (Super Shougi 2).smc	NO_MATCH	1	0	-	-	1572864
슈퍼 노부나가의 야망 - 전국 판 (Super Nobunaga no Yabou - Zenkoku Ban).smc	NO_MATCH	2	0	-	-	524288
슈퍼 상하이 드래곤즈 아이 (Super Shanghai - Dragon's Eye).smc	NO_MATCH	1	0	-	-	1048576
타임슬립 (Timeslip).smc	NO_MATCH	1	0	-	-	1048576
테트리스 & 닥터 마리오 (Tetris & Dr. Mario).smc	NO_MATCH	1	0	-	-	1048576
슈퍼 하키 94 (Super Hockey '94).smc	NO_MATCH	2	0	-	-	1048576
크레용 신짱 2 - 대마왕의 역습 (Crayon Shin-chan 2 - Daimaou no Gyakushuu).smc	OK	1	1	00:8dc4/8dc6	94	524288
하야자시 2단 모리타 장기 (Hayazashi Nidan Morita Shougi).smc	NO_MATCH	1	0	-	-	524288
탕탕 - 태양의 감옥 (Tintin - Prisoners of the Sun).smc	NO_MATCH	1	0	-	-	2097152
파치오군 스페셜 (Pachio-kun Special).smc	OK	1	1	00:80a9/80ab	19	1048576
스카이 미션 (Sky Mission).smc	NO_MATCH	1	0	-	-	524288
고인돌 (Prehistorik Man).smc	OK	1	3	00:81af/81b1	22	1572864
트레저 헌터 G (Treasure Hunter G).smc	NO_MATCH	1	0	-	-	3145728
노부나가의 야망 (Nobunaga's Ambition).smc	NO_MATCH	2	0	-	-	524288
드래곤스 레어 (Dragon's Lair).smc	OK	1	1	00:f081/f083	3a	524288
케빈 키건의 플레이어 매니저 (Kevin Keegan's Player Manager).smc	OK	1	3	00:83ad/83af	83	524288
고스트 체이서 전성 (Ghost Chaser Densei).smc	NO_MATCH	2	0	-	-	2097152
철완 아톰 (Tetsuwan Atom).smc	OK	1	2	00:8ff3/8ff5	50	1310720
프린세스 미네르바 (Princess Minerva).smc	NO_MATCH	1	0	-	-	2097152
신일본 프로레슬링 '95 - 도쿄 돔 배틀 7 (Shin Nihon Pro Wrestling Kounin - '95 Tokyo Dome Battle 7).smc	NO_MATCH	1	0	-	-	3145728
점보 오사키의 홀인원 (Jumbo Ozaki no Hole in One).smc	NO_MATCH	1	0	-	-	1048576
인스펙터 가젯 (Inspector Gadget).smc	OK	2	18	c0:dfe8/dfea	70	1048576
슈퍼 리얼 마작 PIV (Super Real Mahjong PIV).smc	NO_MATCH	1	0	-	-	2097152
NHL 스탠리 컵 (NHL Stanley Cup).smc	OK	1	1	0e:fb58/fb5a	04	1048576
종합격투기 링스 - 아스트랄 바우트 3 (Sougou Kakutougi Rings - Astral Bout 3).smc	NO_MATCH	1	0	-	-	2097152
파워 몽거 (Power Monger).smc	NO_MATCH	1	0	-	-	1048576
미니욘쿠 렛츠 앤 고!! - 파워 WGP 2 (Mini Yonku Let's & Go!! - Power WGP 2).smc	NO_MATCH	2	0	-	-	2097152
피크로스 NP Vol. 2 (Picross NP Vol. 2).smc	NO_MATCH	2	0	-	-	1048576
마츠무라 쿠니 히로덴 - 최강의 역사를 다시 칠하라! (Matsumura Kunihiro Den - Saikyou no Rekishi o Nurikaero!).smc	OK	2	15	c0:90e5/90e7	2c	3145728
윈터 골드 (Winter Gold).smc	NO_MATCH	1	0	-	-	2097152
캐논데일 컵 (Cannondale Cup).smc	NO_MATCH	1	0	-	-	1572864
교라쿠산요 마루혼 파르코! 파르코! 5 (Parlor! Parlor! 5).smc	NO_MATCH	2	0	-	-	1572864
필승 777 파이터 II - 파치슬롯 비밀 정보 (Hisshou 777 Fighter II - Pachi-Slot Maruhi Jouhou).smc	NO_MATCH	1	0	-	-	524288
듀얼 오브 II (Dual Orb II).smc	OK	2	4	dc:551a/551c	07	2621440
얼티밋 모탈 컴뱃 3 (Ultimate Mortal Kombat 3).smc	NO_MATCH	2	0	-	-	4194304
로드 러너 데스 밸리 랠리 (Road Runner's Death Valley Rally).smc	NO_MATCH	1	0	-	-	1048576
실황 파워프로 레슬링 96 - 맥스 볼티지 (Jikkyou Power Pro Wrestling '96 - Max Voltage).smc	NO_MATCH	1	0	-	-	4194304
뉴먼-하스 인디카 레이싱 (Newman Haas IndyCar Featuring Nigel Mansell).smc	NO_MATCH	1	0	-	-	2097152
울티마 7 - 검은 문 (Ultima - The Black Gate).smc	NO_MATCH	1	0	-	-	1048576
틴 스타 (Tin Star).smc	NO_MATCH	1	0	-	-	2097152
후크 (Hook).smc	NO_MATCH	1	0	-	-	1048576
고! 고! 아크맨 2 (Go Go Ackman 2).smc	OK	1	2	00:82e2/82e4	2f	1572864
라이덴 트레이드 (Raiden Trad).smc	NO_MATCH	1	0	-	-	1048576
사운더스 중사의 컴뱃! (Sgt. Saunders' Combat!).smc	NO_MATCH	2	0	-	-	1572864
슈퍼 마리오 올스타즈 + 슈퍼 마리오 월드 (Super Mario All-Stars + Super Mario World).smc	OK	1	1	30:807b/807d	10	2621440
심시티 주니어 (SimCity Jr.).smc	NO_MATCH	2	0	-	-	2097152
랩 잼 볼륨 원 (RapJam - Volume One).smc	NO_MATCH	1	0	-	-	2097152
기기괴계 3 월야초자 (Kiki Kaikai - Tsukiyo Soushi).smc	NO_MATCH	1	0	-	-	2621440
게임의 달인 (Game no Tatsujin).smc	NO_MATCH	1	0	-	-	2097152
태즈매니아 (Taz-Mania).smc	NO_MATCH	1	0	-	-	1048576
천지무용! 게임편 (Tenchi Muyou! - Game Hen).smc	NO_MATCH	2	0	-	-	2097152
상인이여, 야망을 품어라!! (Shounin yo, Taishi o Idake!!).smc	NO_MATCH	2	0	-	-	1572864
스매시 테니스 (Smash Tennis).smc	OK	1	1	00:881c/881e	0e	1048576
밀리샤 (Militia).smc	NO_MATCH	1	0	-	-	1572864
릴리프 피처 (Relief Pitcher).smc	NO_MATCH	1	0	-	-	2097152
오니즈카 카츠야 슈퍼 버추얼 복싱 (Onizuka Katsuya Super Virtual Boxing - Shin Kentou Ou Densetsu).smc	NO_MATCH	1	0	-	-	1048576
이밋 Vol.3 - 나에게 작별을 (Emit Vol. 3 - Watashi ni Sayonara o).smc	OK	2	1	ed:d02c/d02e	60	3145728
슈퍼 닌자 보이 (Super Ninja Boy).smc	NO_MATCH	1	0	-	-	1048576
핫트릭 히어로 (Hat Trick Hero).smc	NO_MATCH	1	0	-	-	524288
월드 클래스 럭비 (World Class Rugby).smc	NO_MATCH	1	0	-	-	524288
슈퍼 니치부츠 마작 (Super Nichibutsu Mahjong).smc	NO_MATCH	1	0	-	-	1048576
드래곤볼 Z 얼티메이트 메나스 (Dragon Ball Z - Ultime Menace).smc	NO_MATCH	1	0	-	-	2097152
데빌스 코스 3D 골프 (New 3D Golf Simulation - Devil's Course).smc	NO_MATCH	1	0	-	-	1048576
아구리 스즈키 F-1 슈퍼 드라이빙 (Aguri Suzuki F-1 Super Driving).smc	NO_MATCH	1	0	-	-	1048576
빌 레임비어의 컴뱃 농구 (Bill Laimbeer's Combat Basketball).smc	OK	1	1	00:80de/80e0	00	524288
원더 프로젝트 J - 기계의 소년 피노 (Wonder Project J - Kikai no Shounen Pino).smc	NO_MATCH	2	0	-	-	3145728
슈퍼 하이 임팩트 (Super High Impact).smc	NO_MATCH	1	0	-	-	1048576
슈퍼 와간랜드2 (Super Wagyan Land 2).smc	NO_MATCH	1	0	-	-	1048576
스타더스트 수플렉스 (Stardust Suplex).smc	NO_MATCH	1	0	-	-	2621440
서러브레드 브리더 (Thoroughbred Breeder).smc	OK	1	2	00:8377/8379	32	1048576
라 웨어즈 (La Wares).smc	NO_MATCH	2	0	-	-	1572864
빅 스카이 트루퍼 (Big Sky Trooper).smc	NO_MATCH	1	0	-	-	1048576
도라에몽 4 노비타와 달의 왕국 (Doraemon 4 - Nobita to Tsuki no Oukoku).smc	NO_MATCH	1	0	-	-	1572864
슈퍼 쇼기 3 기타이헤이 (Super Shougi 3 - Kitaihei).smc	NO_MATCH	1	0	-	-	1572864
파워 애슬리트 (Power Athlete).smc	NO_MATCH	1	0	-	-	1048576
닌텐도 파워 메뉴 프로그램 (Nintendo Power Menu Program).smc	NO_MATCH	1	0	-	-	524288
대전 컬렉션 (VS. Collection).smc	NO_MATCH	1	0	-	-	524288
곤벽의 함대 (Konpeki no Kantai).smc	NO_MATCH	1	0	-	-	1572864
올리비아의 미스터리 (Olivia no Mystery).smc	OK	1	1	10:8b4e/8b50	11	1048576
디그 앤 스파이크 발리볼 (Dig & Spike Volleyball).smc	NO_MATCH	1	0	-	-	1048576
핑크 고즈 투 할리우드 (Pink Goes to Hollywood).smc	NO_MATCH	1	0	-	-	1048576
본격 쇼기 - 풍운지 류오 (Honkaku Shougi - Fuuunji Ryuuou).smc	NO_MATCH	1	0	-	-	1048576
기동장갑 디온 (Kidou Soukou Dion).smc	OK	1	1	0c:adde/ade0	45	1048576
고고 악맨 3 (Go Go Ackman 3).smc	OK	1	2	00:841a/841c	8c	2097152
심시티 2000 (SimCity 2000 - The Ultimate City Simulator).smc	NO_MATCH	2	0	-	-	2097152
4인 쇼기 (4-nin Shougi).smc	OK	1	2	00:8266/8268	52	524288
록맨 X (Mega Man X).smc	NO_MATCH	1	0	-	-	1572864
심슨 가족 - 바트의 이상한 꿈의 대모험 (Simpsons, The - Bart no Fushigi na Yume no Daibouken).smc	NO_MATCH	1	0	-	-	1048576
하타야마 핫치의 프로야구 뉴스! 실명판 (Hatayama Hatch no Pro Yakyuu News! - Jitsumei Ban).smc	OK	2	1	c0:8b64/8b66	67	1048576
격돌 탄환 자동차 결전 - 배틀 모바일 (Gekitotsu Dangan Jidousha Kessen - Battle Mobile).smc	NO_MATCH	1	0	-	-	1048576
휴먼 그랑프리 4 - F1 드림 배틀 (Human Grand Prix IV - F1 Dream Battle).smc	NO_MATCH	2	0	-	-	2097152
항룡전설 빌구스트 - 사라진 소녀 (Kouryuu Densetsu Villgust - Kieta Shoujo).smc	OK	1	1	08:c724/c726	12	1048576
주간 패미통 No.380 - 어른들의 시스템 - 환상의 대지의 시스템 1.smc	NO_MATCH	1	0	-	-	524288
미소녀 전사 세일러 문 (Bishoujo Senshi Sailor Moon).smc	OK	2	3	c0:9367/9369	2f	1572864
야마네코 법시의 대모험 (Yamaneko Bubsy no Daibouken).smc	NO_MATCH	1	0	-	-	2097152
초마계대전! - 도라보짱 (Chou Makai Taisen! Dorabocchan).smc	NO_MATCH	1	0	-	-	1048576
실전 파친코슬롯 필승법 트윈 2 (Jissen Pachi-Slot Hisshouhou! Twin Vol. 2).smc	NO_MATCH	1	0	-	-	524288
닌자 가이덴 트릴로지 (Ninja Gaiden Trilogy).smc	NO_MATCH	1	0	-	-	1572864
바비 슈퍼 모델 (Barbie Super Model).smc	OK	1	2	00:8144/8146	17	1048576
키드 클라운 인 크레이지 체이스 (Kid Klown in Crazy Chase).smc	NO_MATCH	1	0	-	-	1048576
신디케이트 (Syndicate).smc	NO_MATCH	1	0	-	-	1048576
히트 더 아이스 (Hit the Ice - VHL - The Official Video Hockey League).smc	NO_MATCH	1	0	-	-	524288
슈퍼 드리프트 아웃 (Super Drift Out).smc	NO_MATCH	1	0	-	-	2097152
미라클 피아노 티칭 시스템 (Miracle Piano Teaching System, The).smc	NO_MATCH	1	0	-	-	524288
GT 레이싱 (GT Racing).smc	NO_MATCH	1	0	-	-	2097152
이치 앤 스크래치 게임 (Itchy & Scratchy Game, The).smc	OK	1	14	0d:be52/be54	e9	1048576
배틀 마스터 궁극의 전사들 (Battle Master - Kyuukyoku no Senshi-tachi).smc	NO_MATCH	1	0	-	-	2097152
파르러! 미니 2 - 파친코 실기 시뮬레이션 게임 (Parlor! Mini 2 - Pachinko Jikki Simulation Game).smc	NO_MATCH	2	0	-	-	1048576
Earthbound (Korea-patch U-K v20260704 v1.0).smc	NO_MATCH	2	0	-	-	6291456
스머프 (Smurfs, The).smc	NO_MATCH	1	0	-	-	1048576
베가스 스테이크 (Vegas Stakes).smc	NO_MATCH	1	0	-	-	1048576
라이트 판타지 (Light Fantasy).smc	NO_MATCH	1	0	-	-	1048576
타임캅 (Timecop).smc	NO_MATCH	1	0	-	-	2097152
틴틴 티베트에서의 모험 (Tintin in Tibet).smc	NO_MATCH	1	0	-	-	1572864
유유백서2 - 격투의 장 (Yu Yu Hakusho 2 - Kakutou no Shou).smc	OK	1	1	1d:8282/8284	e3	2097152
젬파이어 (Gemfire).smc	NO_MATCH	1	0	-	-	1048576
슈퍼 고지라 (Super Godzilla).smc	NO_MATCH	1	0	-	-	1572864
배틀테크 (BattleTech).smc	NO_MATCH	1	0	-	-	1048576
SD 더 그레이트 배틀 (SD The Great Battle - Aratanaru Chousen).smc	NO_MATCH	1	0	-	-	1048576
슈퍼 하키 (Super Hockey).smc	OK	1	1	0e:fb58/fb5a	04	1048576
체스터치타 - Wild Wild Quest.smc	OK	1	1	14:c06b/c06d	a3	1310720
본격 마작 - 철만 (Honkaku Mahjong - Tetsuman).smc	NO_MATCH	1	0	-	-	524288
앨리스의 페인트 어드벤처 (Alice no Paint Adventure).smc	NO_MATCH	2	0	-	-	1048576
슬램덩크 - SD 히트 업!! (From TV Animation Slam Dunk - SD Heat Up!!).smc	NO_MATCH	1	0	-	-	1572864
SM 조교사 히토미 Vol 3.04.smc	NO_MATCH	1	0	-	-	1048576
SD 건담 외전 2 - 원탁의 기사 (SD Gundam Gaiden 2 - Entaku no Kishi).smc	NO_MATCH	1	0	-	-	1048576
실전! 마작 지남 (Jissen! Mahjong Shinan).smc	NO_MATCH	1	0	-	-	1048576
힘내라!고에몽2 - 기천열장군 맛기네스 (Ganbare Goemon 2 - Kiteretsu Shougun McGuiness).smc	NO_MATCH	1	0	-	-	2097152
미스틱아크 (Mystic Ark).smc	NO_MATCH	2	0	-	-	4194304
스와트 캐츠 - 래디컬 스쿼드론 (SWAT Kats - The Radical Squadron).smc	NO_MATCH	2	0	-	-	2097152
이카리의 요새 (Ikari no Yousai).smc	NO_MATCH	1	0	-	-	1048576
꿈 환상과 같이 (Yumemaboroshi no Gotoku).smc	NO_MATCH	1	0	-	-	1572864
마이클 안드레티의 인디카 챌린지 (Michael Andretti's Indy Car Challenge).smc	NO_MATCH	2	0	-	-	1048576
학교에서 있었던 무서운 이야기 (Gakkou de Atta Kowai Hanashi).smc	NO_MATCH	2	0	-	-	3145728
오라가 랜드 주최 - 베스트 파머 수확제 (Oraga Land Shusai - Best Farmer Shuukakusai).smc	NO_MATCH	1	0	-	-	524288
트래버스 - 별빛과 대초원 (Traverse - Starlight & Prairie).smc	OK	2	3	c0:c277/c279	b8	4194304
슈퍼 백 투 더 퓨처 2 (Super Back to the Future Part II).smc	OK	1	1	00:815a/815c	1c	1048576
브레이크스루! (BreakThru!).smc	NO_MATCH	1	0	-	-	524288
배트맨 포에버 (Batman Forever).smc	NO_MATCH	2	0	-	-	3145728
원더러스 매직 (Wondrous Magic).smc	NO_MATCH	1	0	-	-	2097152
언홀리나잇 다크니스 헌터.smc	NO_MATCH	1	0	-	-	4194304
서킷 USA (Circuit USA).smc	OK	2	2	c0:935d/935f	3a	2097152
슈퍼 더블 드래곤 (Super Double Dragon).smc	NO_MATCH	1	0	-	-	1048576
슈퍼 고모쿠 쇼기 (Super Gomoku Shougi - Jouseki Kenkyuu Hen).smc	NO_MATCH	1	0	-	-	1048576
와이알라에의 기적 (New 3D Golf Simulation - Waialae no Kiseki).smc	NO_MATCH	1	0	-	-	1048576
호나우딩요 사커 97 (Ronaldinho Soccer 97).smc	NO_MATCH	1	0	-	-	2097152
드래곤볼 Z 초오공전 - 각성편 (Dragon Ball Z - Super Gokuu Den - Kakusei Hen).smc	OK	1	1	14:b5d2/b5d4	04	2097152
신기동전기 건담W - 엔들리스 듀얼 (Shin Kidou Senki Gundam W - Endless Duel).smc	NO_MATCH	1	0	-	-	2097152
토우게 전설 - 최속 배틀 (Touge Densetsu - Saisoku Battle).smc	NO_MATCH	1	0	-	-	3145728
슈퍼 스트리트 파이터 2 더 뉴 챌린저스.smc	NO_MATCH	1	0	-	-	32768
북두의 권 6 - 격투전승권 - 패왕으로의 길 (Hokuto no Ken 6 - Gekitou Denshouken Haou e no Michi).smc	NO_MATCH	1	0	-	-	1572864
NHL 프로 하키 94 (NHL Pro Hockey '94).smc	NO_MATCH	1	0	-	-	1048576
론모어 맨 (Lawnmower Man, The).smc	NO_MATCH	1	0	-	-	1048576
카라반 슈팅 컬렉션 (Caravan Shooting Collection).smc	OK	2	1	c0:8a0b/8a0d	43	524288
조&맥 - 싸워라 원시인 (Joe & Mac - Tatakae Genshijin).smc	OK	1	1	00:9619/961b	88	1048576
다마고치 타운 (Tamagotch Town).smc	NO_MATCH	1	0	-	-	1048576
핫트릭 히어로 2 (Hat Trick Hero 2).smc	NO_MATCH	1	0	-	-	1048576
파친코 렌찬 천국 - 슈퍼 CR 스페셜 (Pachinko Ren-chan Tengoku - Super CR Special).smc	NO_MATCH	1	0	-	-	524288
마작 대회 2 (Mahjong Taikai II).smc	NO_MATCH	1	0	-	-	1048576
간 간 간쨩 (Gangan Gan-chan).smc	NO_MATCH	1	0	-	-	1048576
슈퍼 제임스 폰드 2 (Super James Pond II).smc	NO_MATCH	1	0	-	-	1048576
켄 그리피 주니어 프레젠츠 메이저 리그 베이스볼 (Ken Griffey Jr. Presents Major League Baseball).smc	NO_MATCH	1	0	-	-	2097152
부거맨 - 어 픽 앤 플릭 어드벤처 (Boogerman - A Pick and Flick Adventure).smc	NO_MATCH	2	0	-	-	3145728
플록! (Plok).smc	NO_MATCH	1	0	-	-	1048576
위저드리 V - 대유회의 심장 (Wizardry V - Heart of the Maelstrom).smc	NO_MATCH	1	0	-	-	1048576
루인 아머 (Ruin Arm).smc	NO_MATCH	1	0	-	-	2621440
방과 후 in 벳핀 여학원 (Houkago in Beppin Jogakuin).smc	NO_MATCH	1	0	-	-	1572864
프로 마작 극 2 (Pro Mahjong Kiwame II).smc	OK	1	2	00:82ab/82ad	81	524288
워드트리스 (Wordtris).smc	NO_MATCH	1	0	-	-	524288
마루코는 아홉살 - 목표! 남쪽 섬!! (Chibi Maruko-chan - Mezase! Minami no Island!!).smc	NO_MATCH	1	0	-	-	2097152
구울 패트롤 (Ghoul Patrol).smc	NO_MATCH	1	0	-	-	1048576
슈퍼 삼국지 2 (Super Sangokushi II).smc	NO_MATCH	1	0	-	-	1048576
슈퍼 포메이션 사커 96 월드 클럽 에디션 (Super Formation Soccer 96 - World Club Edition).smc	NO_MATCH	2	0	-	-	1572864
슈퍼 스타워즈 - 제다이의 복수.smc	OK	1	2	01:c0c3/c0c5	19	2097152
파이널 세트 테니스 (Finalset).smc	NO_MATCH	1	0	-	-	1048576
가면라이더 (Kamen Rider).smc	NO_MATCH	1	0	-	-	1572864
엑스레이 (Axelay).smc	NO_MATCH	1	0	-	-	1048576
전일본 프로레슬링 2 - 3-4 부도칸 (Zen-Nihon Pro Wres 2 - 3-4 Budoukan).smc	NO_MATCH	2	0	-	-	3145728
어스 라이트 (Earth Light).smc	NO_MATCH	1	0	-	-	1048576
버추얼 사커 (Virtual Soccer).smc	NO_MATCH	1	0	-	-	1048576
호혈사 일족 (Power Instinct).smc	NO_MATCH	2	0	-	-	2621440
슈퍼콤 파트너 A 바이오스.smc	NO_MATCH	1	0	-	-	3145216
슈퍼 파워 리그 2 (Super Power League 2).smc	NO_MATCH	2	0	-	-	2097152
스트리트 파이터 제로2 (Street Fighter Zero 2).smc	NO_MATCH	1	0	-	-	4194304
더 킹 오브 랠리 (King of Rally, The - Paris-Moscow-Beijing).smc	NO_MATCH	1	0	-	-	1048576
실바 사가 II - 빛과 어둠의 전설 (Silva Saga II - The Legend of Light and Darkness).smc	NO_MATCH	1	0	-	-	2097152
백열 프로야구 '94 - 간바 리그 3 (Hakunetsu Pro Yakyuu '94 - Ganba League 3).smc	NO_MATCH	1	0	-	-	1048576
인크레더블 크래시 더미 (Incredible Crash Dummies, The).smc	NO_MATCH	1	0	-	-	1048576
루팡 3세 - 전설의 비보를 쫓아라! (Lupin Sansei - Densetsu no Hihou o Oe!).smc	NO_MATCH	2	0	-	-	1572864
헤이와 파친코 월드 2 (Heiwa Pachinko World 2).smc	NO_MATCH	2	0	-	-	2621440
쇼기 사이쿄 2 - 지센 타이쿄쿠 헨 (Shougi Saikyou II - Jissen Taikyoku Hen).smc	NO_MATCH	1	0	-	-	524288
반숙 영웅 - 아아 세계여 반숙이 되어라 (Hanjuku Hero - Ah, Sekai yo Hanjuku Nare...!!).smc	OK	1	1	02:d13c/d13e	00	1048576
매스 블래스터 에피소드 1 (Math Blaster - Episode 1).smc	OK	1	2	00:8f25/8f27	61	1048576
더 킹 오브 드래곤즈 (King of Dragons).smc	NO_MATCH	2	0	-	-	2097152
모탈 컴뱃 (Mortal Kombat).smc	NO_MATCH	1	0	-	-	2097152
NBA 라이브 95 (NBA Live 95).smc	NO_MATCH	1	0	-	-	1572864
모호크 앤 헤드폰 잭 (Mohawk & Headphone Jack).smc	NO_MATCH	1	0	-	-	2097152
소닉 블래스트 맨 2 (Sonic Blast Man II).smc	NO_MATCH	2	0	-	-	1572864
슈퍼 F1 서커스 2 (Super F1 Circus 2).smc	NO_MATCH	1	0	-	-	1572864
록맨 X (Rockman X).smc	NO_MATCH	1	0	-	-	1572864
RPG 츠쿠루 - 슈퍼 단테 (RPG Tsukuru - Super Dante).smc	NO_MATCH	1	0	-	-	1048576
파이널 판타지 3 (Final Fantasy III).smc	OK	2	44	c0:0566/0568	55	3145728
에스트폴리스 전기 (Estpolis Denki).smc	NO_MATCH	1	0	-	-	1048576
교라쿠산요 마루혼 파르코! 파르코! 3 (Parlor! Parlor! 3).smc	NO_MATCH	2	0	-	-	2621440
파워 인스팅트 (Gouketsuji Ichizoku).smc	NO_MATCH	2	0	-	-	3145728
마루코는 아홉살 - 의기양양 365일의 권 (Chibi Maruko-chan - Harikiri 365-nichi no Maki).smc	OK	1	1	00:81ba/81bc	64	524288
사커 키드 (Soccer Kid).smc	NO_MATCH	1	0	-	-	1310720
일발역전 - 경마 경륜 경정 (Ippatsu Gyakuten).smc	OK	1	1	00:8034/8036	20	1048576
월드 클래스 럭비 2 - 국내 격투 편 '93 (World Class Rugby 2 - Kokunai Gekitou Hen '93).smc	NO_MATCH	1	0	-	-	1048576
렉스 로난 실험 외과의사 (Rex Ronan - Experimental Surgeon).smc	OK	1	1	0e:a27e/a280	2a	524288
3 닌자 킥 백 (3 Ninjas Kick Back).smc	OK	1	20	00:dc11/dc13	61	2097152
그란히스토리아 - 원시세계기 (Granhistoria - Genshi Sekaiki).smc	NO_MATCH	1	0	-	-	2097152
슈퍼 스매시 T.V. (Super Smash T.V.).smc	NO_MATCH	1	0	-	-	524288
로맨싱 사가 2 (Romancing Sa-Ga 2).smc	NO_MATCH	2	0	-	-	2097152
리버스 키즈 (Reverse Kids).smc	NO_MATCH	1	0	-	-	524288
썬더버드 - 국제 구조대 출동하라! (Gerry Anderson's Thunderbirds - Kokusai Kyuujotai Shutsudou Seyo!!).smc	NO_MATCH	1	0	-	-	1048576
아우터 월드 (Outer World).smc	NO_MATCH	1	0	-	-	1048576
갤럭시 로보 (Galaxy Robo).smc	NO_MATCH	1	0	-	-	1572864
테일즈 오브 판타지아 (Tales of Phantasia).smc	OK	2	1	c9:d96e/d970	b1	7340032
슈퍼 빅쿠리맨 (Super Bikkuriman).smc	NO_MATCH	1	0	-	-	1048576
슈퍼 프로야구 (Super Professional Baseball).smc	NO_MATCH	1	0	-	-	1048576
헤이세이 군인장기 (Heisei Gunjin Shougi).smc	NO_MATCH	1	0	-	-	524288
드래곤볼 Z 초무투전 2 (Dragon Ball Z - Super Butouden 2).smc	NO_MATCH	1	0	-	-	2097152
꼬마 괴물들의 모험 - 엉뚱한 스포츠 챌린지 (Tiny Toon Adventures - Wacky Sports Challenge).smc	NO_MATCH	1	0	-	-	1048576
마천전설 전율의 오파츠 (Maten Densetsu - Senritsu no Ooparts).smc	NO_MATCH	2	0	-	-	3145728
울프 차일드 (Wolfchild).smc	NO_MATCH	1	0	-	-	1048576
강철의 기사 3 - 격돌 유럽 전선 (Koutetsu no Kishi 3 - Gekitotsu Europe Sensen).smc	NO_MATCH	1	0	-	-	1572864
기동전사 V 건담 (Kidou Senshi V Gundam).smc	NO_MATCH	1	0	-	-	1572864
몬스터 메이커 키즈 - 왕이 되고 싶어 (Monster Maker Kids - Ousama ni Naritai).smc	NO_MATCH	1	0	-	-	1048576
메탈 마린즈 (Metal Marines).smc	NO_MATCH	1	0	-	-	1572864
별의 카비 - 슈퍼디럭스 (Hoshi no Kirby Super Deluxe).smc	NO_MATCH	1	0	-	-	4194304
혼케 산쿄 피버 - 실황 시뮬레이션 2 (Honke Sankyo Fever 2 - Jikki Simulation).smc	NO_MATCH	1	0	-	-	1572864
이나즈마 서브다!! 슈퍼 비치 발리 (Inazuma Serve da! Super Beach Volley).smc	NO_MATCH	1	0	-	-	1048576
키쿠니 마사히코의 잔토시 도라오 (Kikuni Masahiko no Jantoushi Doraou).smc	NO_MATCH	1	0	-	-	1048576
프로 사커 (Pro Soccer).smc	NO_MATCH	1	0	-	-	524288
나츠메 챔피언십 레슬링 (Natsume Championship Wrestling).smc	NO_MATCH	2	0	-	-	2097152
클래식 로드 (Classic Road).smc	NO_MATCH	1	0	-	-	1048576
블루스 브라더스 (Blues Brothers, The).smc	OK	1	1	0b:e2af/e2b1	f0	524288
플린트스톤 (Flintstones, The).smc	NO_MATCH	1	0	-	-	2097152
본격 마작 - 철만 2 (Honkaku Mahjong - Tetsuman II).smc	NO_MATCH	1	0	-	-	524288
커비의 고스트 트랩 (Kirby's Ghost Trap).smc	OK	1	1	00:80cd/80cf	25	1048576
전설의 신비한 닌자 (Legend of the Mystical Ninja, The).smc	NO_MATCH	1	0	-	-	1048576
돗슨 암석 배틀 (Dossun! Ganseki Battle).smc	NO_MATCH	1	0	-	-	1048576
대폭소 인생극장 즛코케 샐러리맨 편 (Daibakushou Jinsei Gekijou - Zukkoke Salaryman Hen).smc	OK	2	6	ca:f7d6/f7d8	b2	2097152
멀티 플레이 발리볼 (Multi Play Volleyball).smc	NO_MATCH	1	0	-	-	1048576
스고이 헤베레케 (Sugoi Hebereke).smc	NO_MATCH	1	0	-	-	1310720
슈퍼 발리볼 II (Super Volley II).smc	NO_MATCH	1	0	-	-	1048576
위키드 18 골프 (True Golf Classics - Wicked 18).smc	NO_MATCH	1	0	-	-	1048576
브렛 헐 하키 (Brett Hull Hockey).smc	NO_MATCH	1	0	-	-	2097152
시간의 카르멘 산디에고 (Where in Time Is Carmen Sandiego).smc	NO_MATCH	1	0	-	-	1048576
슈퍼 봄버맨 2 - 카라반 에디션 (Super Bomberman 2 - Caravan You Taikenban).smc	NO_MATCH	2	0	-	-	1048576
슈퍼 섀도우 오브 더 비스트 (Super Shadow of the Beast).smc	NO_MATCH	1	0	-	-	1048576
바이킹의 대실례 (Viking no Daimeiwaku).smc	NO_MATCH	1	0	-	-	1048576
섀도우 (Shadow, The).smc	NO_MATCH	1	0	-	-	2097152
메탈 맥스 2 (Metal Max 2).smc	NO_MATCH	1	0	-	-	1048576
알 운서 주니어 로드 투 더 탑 (Al Unser Jr.'s Road to the Top).smc	NO_MATCH	1	0	-	-	1048576
제퍼디! 스포츠 에디션 (Jeopardy! - Sports Edition).smc	OK	1	4	00:dd67/dd69	e0	524288
TNN 배스 토너먼트 오브 챔피언스 (TNN Bass Tournament of Champions).smc	NO_MATCH	2	0	-	-	1572864
드래곤볼Z - 초오공전2 각성편.smc	OK	1	1	14:b5d2/b5d4	04	2097152
SD 건담 G 넥스트 (SD Gundam G Next).smc	NO_MATCH	1	0	-	-	1572864
WWF 레슬매니아 아케이드 (WWF WrestleMania - The Arcade Game).smc	NO_MATCH	2	0	-	-	3145728
칭기즈 칸 2 회색 늑대의 씨족 (Genghis Khan II - Clan of the Gray Wolf).smc	NO_MATCH	2	0	-	-	1048576
포먼 포 리얼 (Foreman for Real).smc	NO_MATCH	1	0	-	-	3145728
모노폴리 (Monopoly).smc	NO_MATCH	1	0	-	-	524288
제퍼디! (Jeopardy!).smc	OK	1	1	0d:ca50/ca52	00	524288
바스타드!! 암흑의 파괴신 (Bastard!! - Ankoku no Hakaishin).smc	NO_MATCH	1	0	-	-	1572864
브램 스토커의 드라큘라 (Bram Stoker's Dracula).smc	OK	1	1	0b:e46e/e470	f8	1048576
잔 III 스피리츠 (Zan III Spirits).smc	NO_MATCH	1	0	-	-	1572864
언터처블 (Untouchables, The).smc	OK	1	1	01:bf7e/bf80	11	1048576
슈퍼 봄버맨 (Super Bomberman).smc	NO_MATCH	2	0	-	-	524288
NFL 풋볼 (NFL Football).smc	NO_MATCH	1	0	-	-	1048576
시뮬레이션 프로 야큐 (Simulation Pro Yakyuu).smc	OK	1	1	07:86e8/86ea	51	2097152
슈퍼 H.Q. 크리미널 체이서 (Super H.Q. - Criminal Chaser).smc	NO_MATCH	1	0	-	-	1048576
빙빙! 빙고 (Bing Bing! Bingo).smc	NO_MATCH	1	0	-	-	1048576
배틀 조키 (Battle Jockey).smc	NO_MATCH	2	0	-	-	1048576
제절초 (Otogirisou).smc	NO_MATCH	1	0	-	-	1048576
대항해시대 2 (New Horizons).smc	NO_MATCH	2	0	-	-	2097152
아카가와 지로 - 마녀들의 잠 (Akagawa Jirou - Majo-tachi no Nemuri).smc	OK	2	1	c0:98c7/98c9	20	3145728
슈퍼 베이스 로디드 (Super Bases Loaded).smc	NO_MATCH	1	0	-	-	1048576
파친코 비 필승법 (Pachinko Maruhi Hisshouhou).smc	NO_MATCH	1	0	-	-	1048576
에어 매니지먼트 II - 코쿠오오오 메자세 (Air Management II - Koukuuou o Mezase).smc	NO_MATCH	1	0	-	-	1048576
카마이타치의 밤 (Kamaitachi no Yoru).smc	NO_MATCH	1	0	-	-	3145728
상승 마작 텐파이 (Joushou Mahjong Tenpai).smc	NO_MATCH	2	0	-	-	1048576
아랑전설 스페셜 (Garou Densetsu Special).smc	NO_MATCH	2	0	-	-	4194304
드래곤 퀘스트 6 - 몽환의 대지 (Dragon Quest VI - Maboroshi no Daichi).smc	NO_MATCH	2	0	-	-	4194304
로보캅 대 터미네이터 (RoboCop Versus The Terminator).smc	OK	1	1	17:a8aa/a8ac	ff	1048576
윈터 익스트림 스키 앤 스노보딩 (Tommy Moe's Winter Extreme - Skiing and Snowboarding).smc	NO_MATCH	1	0	-	-	1048576
로켓티어 (Rocketeer, The).smc	NO_MATCH	1	0	-	-	1048576
파친코 챌린저 (Pachinko Challenger).smc	NO_MATCH	1	0	-	-	1048576
매지컬 파픈 (Magical Pop'n).smc	NO_MATCH	1	0	-	-	2097152
산드라의 대모험 - 발키리와의 만남 (Xandra no Daibouken - Valkyrie to no Deai).smc	NO_MATCH	1	0	-	-	1048576
렌과 스팀피 쇼 파이어 독스 (Ren & Stimpy Show, The - Fire Dogs).smc	OK	1	14	00:83e8/83ea	0c	524288
이스 V - 엑스퍼트 (Ys V - Expert).smc	NO_MATCH	1	0	-	-	3145728
자디온 (Xardion).smc	NO_MATCH	1	0	-	-	1048576
젤다의 전설 - 신들의 트라이포스 (Legend of Zelda, The - A Link to the Past).smc	OK	1	2	00:8034/8036	12	1048576
빅 이치게키! 파치슬로 대공략 (Big Ichigeki! Pachi-Slot Daikouryaku).smc	NO_MATCH	1	0	-	-	524288
클락 타워 (Clock Tower).smc	NO_MATCH	2	0	-	-	3145728
퍼즐앤 데스! (Puzzle'n Desu!).smc	NO_MATCH	1	0	-	-	1048576
차베즈 (Chavez).smc	NO_MATCH	1	0	-	-	524288
로키 로던트 (Rocky Rodent).smc	NO_MATCH	1	0	-	-	1048576
브랜디쉬 2 - 엑스퍼트 (Brandish 2 - Expert).smc	NO_MATCH	2	0	-	-	3145728
슈퍼 3D 베이스볼 (Super 3D Baseball).smc	NO_MATCH	1	0	-	-	1572864
풀 스로틀 레이싱 (Full Throttle - All-American Racing).smc	NO_MATCH	1	0	-	-	2097152
클레이 파이터 토너먼트 에디션 (Clay Fighter - Tournament Edition).smc	NO_MATCH	2	0	-	-	3145728
피버 피치 사커.smc	NO_MATCH	1	0	-	-	2097152
슈퍼 아쿠아틱 게임 (Super Aquatic Games Starring the Aquabats, The).smc	NO_MATCH	1	0	-	-	524288
아쿠탈리온 (Aqutallion).smc	NO_MATCH	1	0	-	-	1048576
힘내라! 대공의 겐상 (Ganbare! Daiku no Gen-san).smc	NO_MATCH	2	0	-	-	1048576
슈퍼 카지노 2 (Super Casino 2).smc	NO_MATCH	1	0	-	-	524288
나이젤 만셀의 월드 챔피언십 챌린지 (Nigel Mansell's World Championship Racing).smc	NO_MATCH	1	0	-	-	1048576
월드 히어로즈 2 (World Heroes 2).smc	NO_MATCH	1	0	-	-	3145728
로보캅 3 (RoboCop 3).smc	NO_MATCH	1	0	-	-	1048576
용호의 권 (Ryuuko no Ken).smc	OK	2	1	c4:6188/618a	c5	2097152
페이지 마스터 (Pagemaster, The).smc	NO_MATCH	1	0	-	-	2097152
NCAA 풋볼.smc	NO_MATCH	1	0	-	-	1048576
문명 (Sid Meier's Civilization).smc	NO_MATCH	2	0	-	-	1572864
슈퍼 니치부츠 마작 3 - 요시모토 극장 편 (Super Nichibutsu Mahjong 3 - Yoshimoto Gekijou Hen).smc	NO_MATCH	1	0	-	-	2097152
솔스티스 2 (Solstice II).smc	OK	1	2	01:b91b/b91d	2d	1048576
벅스 버니 - 엉뚱한 대모험 (Bugs Bunny - Hachamecha Daibouken).smc	OK	1	19	00:8408/840a	94	1572864
터프 히어로 (Turf Hero).smc	NO_MATCH	1	0	-	-	2097152
언더커버 코웁스.smc	NO_MATCH	2	0	-	-	2097152
로스트 바이킹 2 (Lost Vikings 2).smc	NO_MATCH	1	0	-	-	1048576
파일럿윙즈 (Pilotwings).smc	NO_MATCH	1	0	-	-	524288
파이터즈 히스토리 (Fighter's History).smc	OK	2	2	c0:857f/8581	b0	2621440
인크레더블 헐크 (Incredible Hulk, The).smc	NO_MATCH	1	0	-	-	2097152
귀신동자 젠키 - 배틀 라이덴 (Kishin Douji Zenki - Battle Raiden).smc	NO_MATCH	2	0	-	-	2097152
슈퍼 울트라 야구 2 (Super Ultra Baseball 2).smc	NO_MATCH	1	0	-	-	524288
모령전기 마다라 2 (Mouryou Senki Madara 2).smc	NO_MATCH	1	0	-	-	1572864
가부키 록스 (Kabuki Rocks).smc	NO_MATCH	1	0	-	-	1572864
캡틴 노블린 (Captain Novolin).smc	NO_MATCH	1	0	-	-	524288
슈퍼 마작 3 - 카라쿠치 (Super Mahjong 3 - Karakuchi).smc	NO_MATCH	2	0	-	-	1048576
태권도 (Taekwon-Do).smc	NO_MATCH	1	0	-	-	1048576
초마대륙 WOZZ (Chou Mahou Tairiku WOZZ).smc	NO_MATCH	1	0	-	-	3145728
울트라 리그 - 불타라 사커 대전 (Ultra League - Moero! Soccer Daikessen!!).smc	OK	1	1	2a:8c33/8c35	54	1572864
기동경찰 패트레이버 (Kidou Keisatsu Patlabor).smc	NO_MATCH	1	0	-	-	1572864
신 모모타로 전설 (Shin Momotarou Densetsu).smc	NO_MATCH	2	0	-	-	2097152
Mega Man's Soccer (U) [!].smc	NO_MATCH	1	0	-	-	1310720
짐파워 - 더 로스트디멘션 인3D.smc	NO_MATCH	1	0	-	-	1064960
프린세스 메이커 - 이세계 전설 (Princess Maker - Legend of Another World).smc	NO_MATCH	2	0	-	-	2097152
로드 러너 대 와일 E 코요테 (Looney Tunes - Road Runner vs Wile E. Coyote).smc	NO_MATCH	1	0	-	-	1048576
파치슬롯 완전공략 - 유니버설 신대 입하 편 1 (Pachi-Slot Kanzen Kouryaku - Universal Shindai Nyuuka Volume 1).smc	NO_MATCH	2	0	-	-	524288
슬램덩크 2 - IH예선완전판!! (From Tv Animation - Slam Dunk 2 - Ih Yosen Kanzenban!!).smc	NO_MATCH	2	0	-	-	3145728
닌타마 란타로 2 (Nintama Rantarou 2).smc	NO_MATCH	1	0	-	-	1048576
파이어 엠블렘 - 문장의 수수께끼 (Fire Emblem - Monshou no Nazo).smc	NO_MATCH	1	0	-	-	3145728
마우이 말라드 (Maui Mallard in Cold Shadow).smc	NO_MATCH	1	0	-	-	3145728
파친코 철인 - 칠번 승부 (Pachinko Tetsujin - Nanaban Shoubu).smc	NO_MATCH	1	0	-	-	1572864
슈퍼 콘플릭트 더 미드이스트 (Super Conflict).smc	NO_MATCH	1	0	-	-	1048576
엔비에이 라이브 96 (NBA Live 96).smc	NO_MATCH	1	0	-	-	1572864
드라켄 (Drakkhen).smc	NO_MATCH	1	0	-	-	1048576
멜판드 스토리즈 (Melfand Stories).smc	NO_MATCH	1	0	-	-	1572864
도날드 덕 마법의 모자 (Donald Duck no Mahou no Boushi).smc	NO_MATCH	2	0	-	-	1572864
스즈카 8 아워즈 (Suzuka 8 Hours).smc	OK	2	2	c0:8817/8819	2f	1048576
블레이징 스카이즈 (Blazing Skies).smc	NO_MATCH	1	0	-	-	524288
해머록 레슬링 (Hammerlock Wrestling).smc	NO_MATCH	1	0	-	-	2097152
브레스 오브 파이어 - 용의 전사 (Breath of Fire - Ryuu no Senshi).smc	NO_MATCH	1	0	-	-	1572864
FIFA 사커 97 골드 에디션 (FIFA Soccer 97).smc	NO_MATCH	1	0	-	-	2097152
강철의 기사 (Koutetsu no Kishi).smc	NO_MATCH	1	0	-	-	1048576
마스크 (Mask, The).smc	OK	1	1	00:e732/e734	00	2097152
울트라 베이스볼 실명판 3 (Ultra Baseball Jitsumei Ban 3).smc	NO_MATCH	1	0	-	-	1572864
교라쿠산요 마루혼 파르코! 파르코! 4 CR (Parlor! Parlor! IV CR).smc	NO_MATCH	2	0	-	-	2097152
나키노 류 마작 필승전 (Mahjong Hishouden - Naki no Ryuu).smc	NO_MATCH	1	0	-	-	1048576
액션 파치오 (Action Pachio).smc	NO_MATCH	1	0	-	-	1048576
플래시백 - 아이덴티티를 찾아서 (Flashback - The Quest for Identity).smc	NO_MATCH	2	0	-	-	2097152
요시의 쿠키 (Yoshi's Cookie).smc	NO_MATCH	1	0	-	-	524288
유치원 전기 마두라 (Youchien Senki Madara).smc	NO_MATCH	1	0	-	-	2097152
SD 울트라 배틀 - 울트라맨 앤 세븐 + ST 바이오스.smc	OK	1	2	00:839b/839d	9d	1572864
슈퍼맨의 죽음과 부활 (Death and Return of Superman, The).smc	NO_MATCH	1	0	-	-	2097152
하부 명인의 재미있는 장기 (Habu Meijin no Omoshiro Shougi).smc	NO_MATCH	1	0	-	-	1048576
프라이멀 레이지 (Primal Rage).smc	OK	2	3	c0:0f10/0f12	3a	3145728
링에 걸어라 (Ring ni Kakero).smc	NO_MATCH	1	0	-	-	2621440
탑 기어 3000 (Top Gear 3000).smc	OK	1	1	00:d241/d243	16	1048576
호라이 학원의 모험! - 전학생 스크램블 (Hourai Gakuen no Bouken! - Tenkousei Scramble).smc	OK	2	2	c1:8cc3/8cc5	1c	2097152
삼국지 세이시 - 텐부 스피리츠 (Sangokushi Seishi - Tenbu Spirits).smc	NO_MATCH	1	0	-	-	1572864
루드라의 비보 (Rudra no Hihou).smc	OK	2	1	c0:04a8/04aa	3b	4194304
슈퍼 야구도 (Super Yakyuudou).smc	NO_MATCH	1	0	-	-	1572864
퍼티 문 (Putty Moon).smc	OK	1	1	16:98e6/98e8	b1	1048576
다이노 워즈 공룡왕국 대모험 (Dinowars - Kyouryuu Oukoku e no Daibouken).smc	NO_MATCH	1	0	-	-	1048576
프로 야구 스타 (Pro Yakyuu Star).smc	NO_MATCH	1	0	-	-	1048576
오에스.SMC	NO_MATCH	1	0	-	-	98304
놀란 라이언의 베이스볼 (Nolan Ryan's Baseball).smc	NO_MATCH	1	0	-	-	524288
로맨싱 사가 3 (Romancing Sa-Ga 3).smc	OK	2	3	c5:2296/2298	05	4194304
파워 오브 더 하이어드 (Power of the Hired).smc	NO_MATCH	1	0	-	-	1572864
크리스마스 전야의 소동 (Daze Before Christmas).smc	OK	1	1	0b:8b5e/8b60	f2	2097152
헬로! 팩맨 (Hello! Pac-Man).smc	NO_MATCH	1	0	-	-	1572864
빅 이치게키! 파치슬로 대공략 2 (Big Ichigeki! Pachi-Slot Daikouryaku 2 - Universal Collection).smc	NO_MATCH	2	0	-	-	1572864
슈퍼 스트라이크 이글 (Super Strike Eagle).smc	OK	1	1	01:e8dd/e8df	e7	1048576
테트리스 어택 (Tetris Attack).smc	NO_MATCH	1	0	-	-	1048576
마츠카타 히로키의 슈퍼 트롤링 (Matsukata Hiroki no Super Trolling).smc	NO_MATCH	1	0	-	-	2097152
홈 인프루브먼트 (Home Improvement - Power Tool Pursuit!).smc	OK	1	1	0c:c7ab/c7ad	00	1572864
엄청! 럭키맨 (Tottemo! Lucky Man - Lucky Cookie Roulette de Totsugekii).smc	OK	1	2	00:8037/8039	c4	1048576
아웃랜더 (Outlander).smc	OK	1	5	10:82b1/82b3	b1	1048576
슈퍼 포메이션 사커 (Super Formation Soccer).smc	NO_MATCH	1	0	-	-	524288
유니레이서즈 (Uniracers).smc	NO_MATCH	1	0	-	-	2097152
슈퍼 F1 서커스 리미티드 (Super F1 Circus Limited).smc	NO_MATCH	1	0	-	-	1048576
톰과 제리 (Tom and Jerry).smc	NO_MATCH	1	0	-	-	524288
와일드 건즈 (Wild Guns).smc	NO_MATCH	1	0	-	-	1048576
니치부츠 컬렉션 2 (Nichibutsu Collection 2).smc	NO_MATCH	1	0	-	-	1572864
슈퍼 메트로이드 (Super Metroid).sfc	NO_MATCH	1	0	-	-	3145728
파랜드 스토리 2 (Farland Story 2).smc	NO_MATCH	2	0	-	-	3145728
테트리스 플래시 (Tetris Flash).smc	NO_MATCH	1	0	-	-	1048576
트루 라이즈 (True Lies).smc	NO_MATCH	1	0	-	-	2097152
슈퍼 차이니즈 월드 (Super Chinese World).smc	NO_MATCH	1	0	-	-	1048576
미소녀 마작사 스치파이 (Bishoujo Janshi Suchie-Pai).smc	NO_MATCH	1	0	-	-	2097152
존 매든 풋볼 (John Madden Football).smc	NO_MATCH	1	0	-	-	524288
슈퍼 피싱 빅 파이트 (Super Fishing Bigfight).smc	NO_MATCH	1	0	-	-	1572864
슈퍼 차이니즈월드3 (Super Chinese World 3 - Chou Jigen Daisakusen).smc	NO_MATCH	1	0	-	-	1572864
힘내라!고에몽.smc	NO_MATCH	1	0	-	-	1048576
혼두라 스피리츠 (Contra Spirits).smc	OK	1	2	0a:aaaf/aab1	85	1048576
울티마 - 미덕의 룬 2 (Ultima - Runes of Virtue II).smc	OK	1	10	00:86c8/86ca	2e	1048576
헤이와 파친코 월드 (Heiwa Pachinko World).smc	NO_MATCH	1	0	-	-	1572864
스팽키의 퀘스트 (Spanky's Quest).smc	NO_MATCH	1	0	-	-	524288
슈퍼 캐슬스 (Super Castles).smc	OK	2	1	c1:6d02/6d04	07	1048576
프로거 (Frogger).smc	OK	1	1	0f:ed2d/ed2f	00	524288
데저트 스트라이크 - 걸프로의 귀환 (Desert Strike - Return to the Gulf).smc	NO_MATCH	1	0	-	-	1048576
안드레 아가시 테니스 (Andre Agassi Tennis).smc	NO_MATCH	1	0	-	-	524288
타이쿄쿠 이고 - 이다텐 (Taikyoku Igo - Idaten).smc	OK	1	2	00:8eb9/8ebb	7b	1048576
F-1 그랑프리 (F-1 Grand Prix).smc	NO_MATCH	1	0	-	-	1048576
건포스 - 배틀 파이어 인걸프드 테러 아일랜드 (GunForce).smc	NO_MATCH	1	0	-	-	524288
슈퍼 체이스 H.Q. (Super Chase H.Q.).smc	NO_MATCH	1	0	-	-	1048576
자뉴키 고크우 란다 (Janyuuki - Gokuu Randa).smc	NO_MATCH	1	0	-	-	1048576
타로 미스터리 (Tarot Mystery).smc	OK	2	13	c0:0179/017b	84	1048576
슈퍼 패왕 '95 (Super Baken Ou '95).smc	NO_MATCH	1	0	-	-	1048576
팩맨 2 새로운 모험 (Pac-Man 2 - The New Adventures).smc	NO_MATCH	1	0	-	-	1572864
MLBPA 베이스볼 (MLBPA Baseball).smc	NO_MATCH	1	0	-	-	1048576
볼텍스 (Vortex).smc	NO_MATCH	1	0	-	-	524288
슈퍼 파친코 (Super Pachinko).smc	NO_MATCH	1	0	-	-	1048576
다크 에이지의 파워 피그스 (Power Piggs of the Dark Age).smc	NO_MATCH	1	0	-	-	1048576
프로 마작 극 3 (Pro Mahjong Kiwame III).smc	NO_MATCH	1	0	-	-	1048576
닌자거북이 - 뮤턴트 워리어 (Teenage Mutant Ninja Turtles - Mutant Warriors).smc	NO_MATCH	1	0	-	-	2097152
슈퍼 스타워즈.smc	NO_MATCH	1	0	-	-	1048576
트로들러스 (Troddlers).smc	NO_MATCH	1	0	-	-	524288
미소녀전사 세일러문R (Bishoujo Senshi Sailor Moon R).smc	OK	2	2	c0:cbf4/cbf6	2f	2097152
카멜트라이 (Cameltry).smc	NO_MATCH	1	0	-	-	1048576
패키 앤 말론 (Packy & Marlon).smc	OK	1	1	00:81ee/81f0	8b	1048576
파이어맨 (Firemen, The).smc	OK	1	1	00:815f/8161	c1	1048576
슈퍼 굿슨 오요요 (Super Gussun Oyoyo).smc	NO_MATCH	1	0	-	-	1572864
스타 트렉 - 넥스트 제너레이션 - 퓨처스 패스트 (Star Trek - The Next Generation - Future's Past).smc	OK	1	1	14:f6ac/f6ae	0b	2097152
베토벤 2 (Beethoven - The Ultimate Canine Caper!).smc	NO_MATCH	1	0	-	-	524288
러싱비트 란 (Rushing Beat Ran - Fukusei Toshi).smc	NO_MATCH	1	0	-	-	1572864
쇼단쿠라이 닌테이 - 쇼단 프로 마작 (Shodani Nintei - Shodan Pro Mahjong).smc	NO_MATCH	1	0	-	-	524288
슈퍼 패미스타 4 (Super Famista 4).smc	NO_MATCH	1	0	-	-	2097152
SD 울트라 배틀 - 세븐 전설 + ST 바이오스.smc	OK	1	1	00:839b/839d	9d	786432
가라바레 고에몬 3 - 시시 쥬로쿠베에의 가라쿠리 만지가타메 (Ganbare Goemon 3 - Shishi Juurokubee no Karakuri Manjigatame).smc	NO_MATCH	1	0	-	-	2097152
파이어파워 2000 (Firepower 2000).smc	NO_MATCH	1	0	-	-	1048576
기동전사 건담 - 크로스 디멘션 0079 (Kidou Senshi Gundam - Cross Dimension 0079).smc	NO_MATCH	1	0	-	-	1572864
포퓰러스 2 - 올림피안 신들의 시련 (Populous II - Trials of the Olympian Gods).smc	OK	1	5	03:810e/8110	4e	1310720
터프 메모리즈 (Turf Memories).smc	NO_MATCH	1	0	-	-	2097152
SD 기동전사 건담 2 (SD Kidou Senshi Gundam 2).smc	NO_MATCH	1	0	-	-	1048576
노부나가의 야망 패왕전 (Nobunaga no Yabou - Haouden).smc	NO_MATCH	2	0	-	-	2097152
스텔스 (Stealth).smc	NO_MATCH	1	0	-	-	1048576
파이어 프로 여자 - 올스타 드림 슬램 (Fire Pro Joshi - All Star Dream Slam).smc	NO_MATCH	2	0	-	-	2097152
젤다의 전설 - 신들의 트라이포스 (Zelda no Densetsu - Kamigami no Triforce).smc	OK	1	2	00:8034/8036	12	1048576
개조정인 슈비빈맨 제로.smc	NO_MATCH	2	0	-	-	1048576
마이클 조던 카오스 인 더 윈디 시티 (Michael Jordan - Chaos in the Windy City).smc	NO_MATCH	2	0	-	-	1310720
쥬-또 마작! (Zootto Mahjong!).smc	NO_MATCH	2	0	-	-	2621440
울티마 - 공룡 제국 (Ultima - Kyouryuu Teikoku - The Savage Empire).smc	NO_MATCH	1	0	-	-	1572864
캣츠 런 - 전일본 K-Car 선수권 (Kat's Run - Zen-Nihon K-Car Senshuken).smc	NO_MATCH	1	0	-	-	2621440
슈퍼 레슬 엔젤스 (Super Wrestle Angels).smc	NO_MATCH	1	0	-	-	1572864
배틀 타이쿤 (Battle Tycoon - Flash Hiders SFX).smc	NO_MATCH	2	0	-	-	3145728
달마 도장 (Dharma Doujou).smc	NO_MATCH	1	0	-	-	1048576
아아악!!! 리얼 몬스터 (Aaahh!!! Real Monsters).smc	NO_MATCH	1	0	-	-	2097152
대항해시대 2 (Daikoukai Jidai II).smc	NO_MATCH	2	0	-	-	2097152
미소녀전사 세일러문 슈퍼S - 전원 참가!! 주역쟁탈전 (Bishoujo Senshi Sailor Moon SuperS - Zenin Sanka!! Shuyaku Soudatsusen).smc	OK	2	1	c0:8360/8362	6c	3145728
아랑전설 (Art of Fighting).smc	OK	2	1	c4:6188/618a	c5	2097152
에밋 스미스 풋볼 (Emmitt Smith Football).smc	OK	1	1	17:98bb/98bd	00	1048576
아담스 패밀리 밸류스 (Addams Family Values).smc	NO_MATCH	1	0	-	-	2097152
슈퍼 골! 2 (Super Goal! 2).smc	NO_MATCH	1	0	-	-	524288
슈퍼 봄버맨 3 (Super Bomberman 3).smc	OK	2	1	cc:ad44/ad46	09	1572864
SD 건담 제너레이션 B - 그리프스 전기 + ST 바이오스.smc	OK	1	2	00:839b/839d	9d	786432
모토코짱의 원더 키친 (Motoko-chan no Wonder Kitchen).smc	NO_MATCH	1	0	-	-	1048576
슈퍼 극진 하리키리 스타디움 (Super Kyuukyoku Harikiri Stadium).smc	NO_MATCH	2	0	-	-	1572864
심시티 (SimCity).smc	NO_MATCH	1	0	-	-	524288
트리네아 (Trinea).smc	OK	2	3	c0:e234/e236	43	2097152
그레이트 배틀II - Last Fighter Twin (Great Battle II, The - Last Fighter Twin).smc	NO_MATCH	1	0	-	-	1048576
SD 울트라 배틀 - 세븐 전설.smc	NO_MATCH	1	0	-	-	524288
슈퍼 어스 디펜스 포스 (Earth Defense Force).smc	NO_MATCH	1	0	-	-	1048576
근대 마작 스페셜 (Kindai Mahjong Special).smc	NO_MATCH	1	0	-	-	1048576
파치슬롯 이야기 - 유니버설 스페셜 (Pachi-Slot Monogatari - Universal Special).smc	OK	1	1	14:8fee/8ff0	3f	1048576
핀볼 판타지스 (Pinball Fantasies).smc	NO_MATCH	1	0	-	-	1048576
점핀 더비 (Jumpin' Derby).smc	NO_MATCH	1	0	-	-	2097152
