3 닌자 킥 백 (3 Ninjas Kick Back).smc	BOOT_CRASH	-	-	-	-	-	-	
3x3 아이즈 세이마 코우린덴 (3x3 Eyes - Seima Kourinden).smc	OK	35476	69.94	1.36	0	$00:820e	000051	13773
3x3 아이즈 주마 호우칸 (3x3 Eyes - Juuma Houkan).smc	OK	57006	71.19	0.00	0	$c0:0122	00002a	15040
46억년 이야기 - 아득한 에덴으로 (46 Okunen Monogatari - Harukanaru Eden e).smc	OK	8790	41.06	11.81	0	$1e:ccec	00005e	14689
4인 쇼기 (4-nin Shougi).smc	OK	57167	71.10	3.28	0	$00:8268	000052	14880
90분 유러피안 프라임 골 (90 Minutes - European Prime Goal).smc	OK	3	100.00	0.00	0	$82:884a	000ffb	16244
A.S.P. 에어 스트라이크 패트롤 (A.S.P. - Air Strike Patrol).smc	BOOT_CRASH	-	-	-	-	-	-	
ABC 먼데이 나이트 풋볼 (ABC Monday Night Football).smc	OK	54415	57.49	16.60	0	$00:8334	00007d	15122
ACME 애니메이션 팩토리 (ACME Animation Factory).smc	OK	19405	71.64	8.53	0	$81:a834	8007b4	13698
AD&D 아이 오브 더 비홀더 (Advanced Dungeons & Dragons - Eye of the Beholder).smc	OK	53448	0.00	0.00	50387	$1d:81fa	1d2140	2125
Aladdin (U) [!].smc	UNRENDERED	0	27.64	3.67	0	$83:ab16	80146b	13472
A열차로 가자 3 슈퍼 버전 (AIII S.V. - A Ressha de Ikou 3 - Super Version).smc	OK	57134	25.84	0.22	0	$b0:8052	b0038b	11054
B.O.B (B.O.B.).smc	UNRENDERED	0	40.74	2.52	0	$00:8245	0a026a	14211
BS 3시의 와이드쇼.smc	UNRENDERED	0	0.00	0.00	0	-	-	8131
BS NP 매거진 107.smc	UNRENDERED	0	0.00	0.00	0	-	-	8202
BS 골프 다이스키! - 아웃 오브 바운드 클럽.smc	UNRENDERED	0	49.57	4.35	0	$80:991d	000047	14200
BS 굿즈 프레스 3월호.smc	OK	491	66.33	0.00	0	$c0:99a1	7e0742	11859
BS 굿즈 프레스 6월호.smc	UNRENDERED	0	0.00	0.00	0	-	-	8134
BS 굿즈 프레스 7월호.smc	OK	491	66.37	0.00	0	$c0:99a1	7e0742	11858
BS 니치부츠 4인 마작 1.smc	OK	54243	24.31	1.21	0	$00:8621	00047c	13742
BS 니치부츠 4인 마작 2.smc	OK	54243	24.31	1.21	0	$00:8621	00047c	13742
BS 니치부츠 마작.smc	BOOT_CRASH	-	-	-	-	-	-	
BS 닌타마 란타로 2.smc	OK	48916	57.68	14.46	0	$80:856a	8000e5	12617
BS 닌텐도 HP 5-17.smc	OK	491	66.43	0.00	0	$c0:99a1	7e0742	11856
BS 닌텐도 HP 5-31.smc	OK	491	66.43	0.00	0	$c0:99a1	7e0742	11856
BS 다이나미 트레이서.smc	OK	10575	3.22	1.21	0	$c2:265c	00006a	16450
BS 닥터 마리오.smc	BOOT_CRASH	-	-	-	-	-	-	
BS 단단 벨트 컨베이어 우유의 권.smc	OK	56680	67.43	0.00	0	$c0:99a1	7e0742	11858
BS 대폭소 인생극장.smc	OK	57344	82.98	0.70	0	$00:80bb	000000	14846
BS 도레미 2호 5-10.smc	OK	491	67.57	0.00	0	$c0:99a1	7e0742	11857
BS 도레미 2호 5-25.smc	OK	491	67.57	0.00	0	$c0:99a1	7e0742	11857
BS 도카본 외전 - 불꽃의 오디션.smc	UNRENDERED	0	0.00	99.80	0	$1c:807b	002140	13224
BS 드래곤 슬레이어 - 영웅전설.smc	UNRENDERED	0	4.54	0.00	0	$1e:d259	0005ef	13058
BS 드래곤 퀘스트.smc	UNRENDERED	0	0.00	0.00	0	-	-	12401
BS 라디칼 드리머즈.smc	UNRENDERED	0	55.93	0.66	0	$c0:a894	000004	14163
BS 렛츠 파친코 난테 긴다마 1.smc	OK	54517	0.00	66.27	0	$c3:514d	004212	14252
BS 렛츠 파친코 난테 긴다마 2.smc	OK	54517	0.00	66.27	0	$c3:5153	004212	14252
BS 렛츠 파친코 난테 긴다마 3.smc	OK	54517	0.00	66.28	0	$c3:5154	004212	14252
BS 렛츠 파친코 난테 긴다마 4.smc	OK	54517	0.00	66.27	0	$c3:5148	004212	14252
BS 로드 모나크.smc	OK	56940	38.39	9.91	0	$00:ee4a	000098	14783
BS 마리오 페인트 - 우수 내장판.smc	OK	56238	46.93	0.00	0	$01:e5cf	00016a	12109
BS 마리오 페인트 6-4.smc	OK	56238	46.93	0.00	0	$01:e5cf	00016a	12109
BS 마블러스 캠프 아놀드 코스 1.smc	BOOT_CRASH	-	-	-	-	-	-	
BS 마블러스 캠프 아놀드 코스 2.smc	BOOT_CRASH	-	-	-	-	-	-	
BS 마블러스 캠프 아놀드 코스 3.smc	BOOT_CRASH	-	-	-	-	-	-	
BS 마블러스 캠프 아놀드 코스 4.smc	BOOT_CRASH	-	-	-	-	-	-	
BS 마블러스 타임 애슬레틱 코스 1.smc	BOOT_CRASH	-	-	-	-	-	-	
BS 마블러스 타임 애슬레틱 코스 2.smc	BOOT_CRASH	-	-	-	-	-	-	
BS 마블러스 타임 애슬레틱 코스 3.smc	BOOT_CRASH	-	-	-	-	-	-	
BS 마블러스 타임 애슬레틱 코스 4.smc	BOOT_CRASH	-	-	-	-	-	-	
BS 버스터즈 - 디지털 매거진 4-12-98.smc	OK	491	67.30	0.00	0	$c0:99a1	7e0742	11861
BS 버스터즈 - 디지털 매거진 5-10-98.smc	OK	491	67.27	0.00	0	$c0:99a1	7e0742	11861
BS 버스터즈 - 디지털 매거진 5-24-98.smc	OK	491	67.31	0.00	0	$c0:99a1	7e0742	11861
BS 버스터즈 - 디지털 매거진 8-23-98.smc	OK	491	67.46	0.00	0	$c0:99a1	7e0742	11861
BS 분노의 요새.smc	OK	57344	0.00	76.16	0	$80:8271	814210	13497
BS 비대시 2월호.smc	OK	493	65.41	0.00	0	$c0:99a1	7e0742	11854
BS 비대시 3월호.smc	OK	493	65.42	0.00	0	$c0:99a1	7e0742	11854
BS 사랑은 밸런스 - 배틀 오브 러버즈.smc	OK	55910	80.11	1.34	0	$c1:39fb	000077	12498
BS 사텔라 워커 2 - 사테보우를 구출하라!.smc	BOOT_CRASH	-	-	-	-	-	-	
BS 상하이 - 만리장성.smc	OK	55469	0.00	3.24	0	$9f:f8a3	002140	11433
BS 세인트 기가 10월호.smc	OK	491	67.46	0.00	0	$c0:99a1	7e0742	11858
BS 세임 게임 코마 데이터.smc	UNRENDERED	0	0.00	0.00	0	-	-	8271
BS 소사전대 와퍼즈 1.smc	OK	493	65.09	0.00	0	$c0:99a1	7e0742	11849
BS 소우사 센타이 와퍼즈 2.smc	OK	493	65.08	0.00	0	$c0:99a1	7e0742	11849
BS 소우사 센타이 와퍼즈 총집편.smc	OK	493	65.40	0.00	0	$c0:99a1	7e0742	11849
BS 슈퍼 닌자군.smc	OK	57344	0.00	53.83	0	$80:80af	804210	13085
BS 슈퍼 마리오 USA 1.smc	BOOT_CRASH	-	-	-	-	-	-	
BS 슈퍼 마리오 USA 2.smc	BOOT_CRASH	-	-	-	-	-	-	
BS 슈퍼 마리오 USA 3.smc	BOOT_CRASH	-	-	-	-	-	-	
BS 슈퍼 마리오 USA 4.smc	BOOT_CRASH	-	-	-	-	-	-	
BS 슈퍼 마리오 컬렉션 3.smc	BOOT_CRASH	-	-	-	-	-	-	
BS 슈퍼 마작 대회.smc	OK	44984	1.91	2.84	3712	$01:c84b	012140	11493
BS 슈퍼 지구 방위군.smc	OK	16869	0.00	62.35	0	$00:8529	004210	13468
BS 슈퍼 츠메쇼기 1000.smc	OK	57344	70.77	0.00	0	$00:8038	001fff	14278
BS 슈퍼 패미컴 워즈.smc	BOOT_CRASH	-	-	-	-	-	-	
BS 슛테 하쿤 2 10-8.smc	OK	57344	0.00	0.00	0	$c3:e0dc	002140	11766
BS 슛테 하쿤 2 6-3.smc	OK	57344	0.00	0.00	0	$c3:e0dc	002140	11766
BS 슛테 하쿤 98 윈터 이벤트 버전.smc	OK	57344	0.00	0.00	0	$c3:e0dc	002140	11818
BS 슛테 하쿤.smc	OK	57344	0.00	0.00	0	$c3:e175	002140	11749
BS 스페셜 티샷.smc	BOOT_CRASH	-	-	-	-	-	-	
BS 스프리간 파워드.smc	OK	17247	45.16	0.02	0	$80:88df	7f0003	12255
BS 신 오니가시마 제1화.smc	OK	38031	0.00	0.00	0	$c0:01a5	002140	11586
BS 신 오니가시마 제2화.smc	OK	38031	0.00	0.00	0	$c0:01a5	002140	11586
BS 신 오니가시마 제3화.smc	OK	38031	0.00	0.00	0	$c0:01a5	002140	11586
BS 신 오니가시마 제4화.smc	OK	38031	0.00	0.00	0	$c0:01a5	002140	11586
BS 아동 조사단 마이티 포켓츠 1.smc	BOOT_CRASH	-	-	-	-	-	-	
BS 아동 조사단 마이티 포켓츠 2.smc	BOOT_CRASH	-	-	-	-	-	-	
BS 아동 조사단 마이티 포켓츠 3.smc	BOOT_CRASH	-	-	-	-	-	-	
BS 아르카노이드 - 도 잇 어게인.smc	OK	41276	0.00	0.00	0	$84:8093	002140	12641
BS 알베르 오디세이.smc	OK	11571	88.60	0.97	0	$80:85ec	0000e1	15328
BS 에프 제로 그랑프리 2.smc	BOOT_CRASH	-	-	-	-	-	-	
BS 에프 제로 그랑프리 나이트 리그.smc	OK	50136	98.09	0.00	0	$80:8057	000040	15454
BS 에프 제로 그랑프리 에이스 리그.smc	OK	50136	98.09	0.00	0	$80:8057	000040	15454
BS 에프 제로 그랑프리 퀸 리그.smc	OK	50136	98.09	0.00	0	$80:8057	000040	15454
BS 에프 제로 그랑프리 킹 리그.smc	OK	50136	98.09	0.00	0	$80:8057	000040	15454
BS 에프 제로.smc	OK	53187	75.75	0.06	0	$00:803c	000040	14252
BS 와리오의 숲.smc	OK	55971	52.06	1.05	0	$80:833b	0000d7	14564
BS 와이와이 체크 3-7.smc	BOOT_CRASH	-	-	-	-	-	-	
BS 요시의 패널퐁.smc	OK	57344	0.49	2.81	0	$80:942c	802143	12441
BS 월간 코인 토스 덱 1.smc	OK	491	66.69	0.00	0	$c0:99a1	7e0742	11864
BS 위저드리 V - 재화의 중심.smc	OK	44112	0.00	0.00	0	$08:80c4	082140	11995
BS 융 박사의 진찰실 1.smc	OK	491	66.79	0.00	0	$c0:99a1	7e0742	11856
BS 융 박사의 진찰실 2.smc	OK	491	66.79	0.00	0	$c0:99a1	7e0742	11856
BS 익사이트바이크 분분 마리오 배틀 스타디움 1.smc	OK	50123	88.27	0.00	0	$80:80fe	80081a	13323
BS 익사이트바이크 분분 마리오 배틀 스타디움 2.smc	OK	50123	88.27	0.00	0	$80:80fe	80081a	13323
BS 익사이트바이크 분분 마리오 배틀 스타디움 3 1-11.smc	OK	50062	88.11	0.00	0	$80:8103	800817	13321
BS 익사이트바이크 분분 마리오 배틀 스타디움 3 2-8.smc	OK	50062	88.11	0.00	0	$80:8103	800817	13321
BS 익사이트바이크 분분 마리오 배틀 스타디움 4.smc	OK	49843	88.11	0.00	0	$80:8103	800817	13321
BS 젤다의 전설 고대의 석판 제1화.smc	BOOT_CRASH	-	-	-	-	-	-	
BS 젤다의 전설 고대의 석판 제2화.smc	BOOT_CRASH	-	-	-	-	-	-	
BS 젤다의 전설 고대의 석판 제3화.smc	BOOT_CRASH	-	-	-	-	-	-	
BS 젤다의 전설 고대의 석판 제4화.smc	BOOT_CRASH	-	-	-	-	-	-	
BS 젤다의 전설 리믹스.smc	UNRENDERED	0	0.00	0.00	0	-	-	0
BS 젤다의 전설.smc	BOOT_CRASH	-	-	-	-	-	-	
BS 즛토 마작! 이벤트 버전.smc	UNRENDERED	0	0.00	0.00	0	$c4:bbb3	002140	12421
BS 즛토 마작! 프리뷰 버전.smc	UNRENDERED	0	0.00	0.00	0	$c4:bbb3	002140	12421
BS 칩데고저스 1.smc	OK	493	65.43	0.00	0	$c0:99a1	7e0742	11854
BS 커비의 장난감 상자 - 룰루 볼.smc	BOOT_CRASH	-	-	-	-	-	-	
BS 커비의 장난감 상자 - 별 부수기.smc	BOOT_CRASH	-	-	-	-	-	-	
BS 코보 검증 매거진.smc	UNRENDERED	0	0.00	0.00	0	-	-	0
BS 콜럼버스의 계란말이 1.smc	OK	491	66.78	0.00	0	$c0:99a1	7e0742	11857
BS 콜럼버스의 계란말이 2.smc	OK	491	66.78	0.00	0	$c0:99a1	7e0742	11857
BS 콜럼버스의 계란말이 3.smc	OK	491	66.78	0.00	0	$c0:99a1	7e0742	11857
BS 큐온파 SFC.smc	BOOT_CRASH	-	-	-	-	-	-	
BS 크로노 트리거 - 뮤직 라이브러리.smc	OK	6812	99.19	0.00	0	$c0:02b2	000501	13056
BS 크로노 트리거 - 캐릭터 라이브러리.smc	OK	57188	92.84	0.00	0	$c0:00df	7e0d01	12840
BS 탐정 클럽 - 눈에 사라진 과거 1.smc	UNRENDERED	0	0.00	0.00	0	$c0:cb8a	002140	10006
BS 탐정 클럽 - 눈에 사라진 과거 2.smc	UNRENDERED	0	0.00	0.00	0	$c0:cb8a	002140	10006
BS 탐정 클럽 - 눈에 사라진 과거 3.smc	UNRENDERED	0	0.00	0.00	0	$c0:cb8a	002140	8128
BS 토라노 마키 5-17.smc	UNRENDERED	0	0.00	0.00	0	-	-	8110
BS 토라노 마키 5-31.smc	UNRENDERED	0	0.00	0.00	57435	-	-	291
BS 트레저 컨플릭스.smc	OK	24913	0.00	0.00	0	$cc:07ac	002140	12217
BS 파르러! 파르러!.smc	OK	54710	0.00	65.58	0	$c3:52e8	004212	14213
BS 파이어 엠블렘 아카네이아 전기 1 - 궁전 함락.smc	BOOT_CRASH	-	-	-	-	-	-	
BS 파이어 엠블렘 아카네이아 전기 2 - 붉은 용기사.smc	BOOT_CRASH	-	-	-	-	-	-	
BS 파이어 엠블렘 아카네이아 전기 3 - 정의의 도적단.smc	BOOT_CRASH	-	-	-	-	-	-	
BS 파이어 엠블렘 아카네이아 전기 4 - 시작의 때.smc	BOOT_CRASH	-	-	-	-	-	-	
BS 패널 데 폰 - 이벤트 98.smc	OK	57190	0.73	2.59	0	$80:919d	802143	12312
BS 페네크 - 6월호.smc	UNRENDERED	0	0.00	0.00	0	-	-	8277
BS 포케카메 매거진.smc	OK	491	66.79	0.00	0	$c0:99a1	7e0742	11856
BS 플로이트의 도전장 1.smc	OK	491	66.72	0.00	0	$c0:99a1	7e0742	11855
BS 플로이트의 도전장 2.smc	OK	491	66.80	0.00	0	$c0:99a1	7e0742	11856
BS 플로이트의 도전장 3.smc	OK	491	66.79	0.00	0	$c0:99a1	7e0742	11856
BS 플로이트의 도전장 4.smc	OK	491	66.79	0.00	0	$c0:99a1	7e0742	11856
BS 플로이트의 도전장 5.smc	OK	491	66.79	0.00	0	$c0:99a1	7e0742	11856
BS 플로이트의 도전장 6.smc	OK	491	66.79	0.00	0	$c0:99a1	7e0742	11856
BS 헤이세이 군인 장기.smc	OK	57344	25.33	0.47	0	$80:8078	800a94	12325
BS-X 바이오스.smc	UNRENDERED	0	0.00	88.86	0	$80:900a	804213	14107
CB 캐릭터 워즈 - 잃어버린 개그 (CB Chara Wars - Ushinawareta Gag).smc	UNRENDERED	0	24.44	1.37	0	$00:e344	00002c	14118
Captain Commando (U).smc	UNRENDERED	0	0.00	0.00	0	$c0:3340	002140	9791
Cool Spot (U) [!].smc	OK	49072	56.50	0.46	117	$00:d4c1	0008bc	12998
Dragon Ball Z - Super Butouden 2 (J) (V1.1).smc	UNRENDERED	0	0.00	90.03	0	$81:9228	804212	15766
E.V.O. 에덴을 찾아서 (E.V.O. - Search for Eden).smc	OK	8023	55.41	11.97	0	$1e:cdd7	00005e	14467
ESPN 내셔널 하키 나이트 (ESPN National Hockey Night).smc	BOOT_CRASH	-	-	-	-	-	-	
ESPN 베이스볼 투나잇 (ESPN Baseball Tonight).smc	OK	30879	35.98	0.31	0	$8f:d1b3	000091	12310
ESPN 선데이 나잇 NFL (ESPN Sunday Night NFL).smc	UNRENDERED	0	1.06	1.21	33522	$bd:ae57	832141	6072
ESPN 스피드 월드 (ESPN Speed World).smc	OK	32834	88.15	2.40	0	$80:cd3d	000001	13257
Earthbound (Korea-patch U-K v20260704 v1.0).smc	OK	57344	73.59	4.07	0	$c0:8762	7e002b	13206
F-1 그랑프리 (F-1 Grand Prix).smc	OK	4852	55.40	5.64	0	$00:800f	000196	13934
F-1 그랑프리 파트 2 (F-1 Grand Prix Part II).smc	UNRENDERED	0	0.00	3.83	0	$c0:a378	002140	10671
F-제로 (F-Zero).smc	OK	53187	75.75	0.06	0	$00:803c	000040	14252
F-제로.smc	OK	53195	75.75	0.06	0	$00:803c	000040	14252
F1 월드 챔피언십 에디션 (F1 - World Championship Edition).smc	BOOT_CRASH	-	-	-	-	-	-	
F1 폴 포지션 (F1 Pole Position).smc	OK	33103	0.00	5.46	0	$00:8feb	1f2140	11168
FIFA 사커 96 (FIFA Soccer 96).smc	OK	19185	52.01	11.15	0	$80:8710	00004c	13043
FIFA 사커 97 골드 에디션 (FIFA Soccer 97).smc	OK	25707	75.24	2.59	0	$80:8776	000052	13245
FIFA 인터내셔널 사커 (FIFA International Soccer).smc	OK	54422	62.66	8.77	0	$80:85e5	800865	12298
G.O.D - 눈을 뜨라고 부르는 소리가 들려 (G.O.D - Mezame yo to Yobu Koe ga Kikoe).smc	OK	26234	77.20	4.27	0	$00:ca67	000049	14852
GD 린 (Gdleen).smc	OK	21992	44.48	0.00	0	$00:9efe	0003df	11993
GP-1 (GP-1).smc	OK	56383	0.00	3.90	0	$1a:81fd	1a2140	12025
GP-1 래피드 스트림 (GP-1 RS - Rapid Stream).smc	OK	55508	0.00	4.82	0	$c3:01ff	002141	13133
GP-1 파트 2 (GP-1 - Part II).smc	OK	55508	0.00	6.28	0	$c3:01ff	002141	13015
GS 미카미 - 퇴마사는 나이스 바디 (GS Mikami - Joreishi wa Nice Body).smc	OK	30940	87.81	0.50	0	$00:8390	000008	14877
GT 레이싱 (GT Racing).smc	OK	55136	37.74	15.52	0	$9f:8014	9f0c05	13482
HAL의 홀인원 골프 (HAL's Hole in One Golf).smc	OK	54874	61.24	2.83	0	$00:8bd2	7e0029	12995
JB 더 슈퍼 배스 (JB The Super Bass).smc	UNRENDERED	0	0.00	0.43	0	$e5:03f5	002140	13942
JRR 톨킨의 반지의 제왕 - 제1권 (J.R.R. Tolkien's The Lord of the Rings - Volume 1).smc	BOOT_CRASH	-	-	-	-	-	-	
JWP 여자 프로레슬링 - 퓨어 레슬 퀸즈 (JWP Joshi Pro Wres - Pure Wrestle Queens).smc	OK	59912	0.00	17.10	0	$c0:97ff	004210	12522
J리그 '96 드림 스타디움 (J.League '96 Dream Stadium).smc	BOOT_CRASH	-	-	-	-	-	-	
J리그 사커 프라임 골 (J.League Soccer - Prime Goal).smc	OK	56127	56.45	4.22	0	$00:820c	7e0101	12324
J리그 사커 프라임 골 2 (J.League Soccer - Prime Goal 2).smc	OK	52856	49.90	13.48	0	$00:8219	7e0101	12618
J리그 사커 프라임 골 3 (J.League Soccer - Prime Goal 3).smc	OK	55547	59.32	13.71	0	$00:81db	000107	11580
J리그 슈퍼 사커 '95 - 직쿄 스타디움 (J.League Super Soccer '95 - Jikkyou Stadium).smc	OK	57344	0.00	3.49	0	$c2:e083	002140	12844
J리그 슈퍼 사커 (J.League Super Soccer).smc	OK	57020	35.83	6.94	0	$80:88f3	000047	13608
J리그 엑사이트 스테이지 '94 (J.League Excite Stage '94).smc	OK	52815	2.04	0.37	0	$9c:8584	002140	11154
J리그 엑사이트 스테이지 '95 (J.League Excite Stage '95).smc	OK	57156	2.19	0.23	0	$9c:8584	002140	12060
J리그 엑사이트 스테이지 '96 (J.League Excite Stage '96).smc	OK	4160	2.07	0.23	0	$9c:859c	002140	11137
K.H. 루메니게의 플레이어 매니저 - 20주 체험판.smc	OK	534	97.21	0.00	0	$07:8543	000083	15419
Lethal Enforcers (U).smc	OK	37577	1.69	0.00	0	$80:813d	000055	13545
M.A.C.S. 베이직 라이플 시뮬레이터.smc	BOOT_CRASH	-	-	-	-	-	-	
MLBPA 베이스볼 (MLBPA Baseball).smc	BOOT_CRASH	-	-	-	-	-	-	
Mega Man X 2 (U) [!].smc	BOOT_CRASH	-	-	-	-	-	-	
Mega Man X 3 (U) [!].smc	BOOT_CRASH	-	-	-	-	-	-	
Mega Man's Soccer (U) [!].smc	UNRENDERED	0	44.72	13.36	0	$80:8c42	00003d	13108
Mighty Morphin Power Rangers (U).smc	OK	40188	76.57	8.44	0	$00:838e	000002	14490
NBA 기브 앤 고 (NBA Give 'n Go).smc	BOOT_CRASH	-	-	-	-	-	-	
NBA 라이브 95 (NBA Live 95).smc	OK	16544	74.97	5.49	0	$80:86ba	800565	12013
NBA 쇼다운 (NBA Showdown).smc	BOOT_CRASH	-	-	-	-	-	-	
NBA 실황 바스켓 위닝 덩크 (NBA Jikkyou Basket - Winning Dunk).smc	BOOT_CRASH	-	-	-	-	-	-	
NBA 올스타 챌린지 (NBA All-Star Challenge).smc	UNRENDERED	0	53.13	7.94	0	$81:80a0	00000a	13332
NBA 잼 (NBA Jam).smc	OK	21483	79.50	0.00	0	$8a:8085	000104	11826
NBA 잼 토너먼트 에디션 (NBA Jam - Tournament Edition).smc	OK	22270	73.52	4.51	0	$8a:8084	0000b2	13081
NBA 프로 농구 94 불스 vs 선스 (NBA Pro Basketball '94 - Bulls vs Suns).smc	BOOT_CRASH	-	-	-	-	-	-	
NBA 프로 농구 불스 vs 블레이저스 (NBA Pro Basketball - Bulls vs Blazers and the NBA Playoffs).smc	UNRENDERED	0	73.76	4.42	0	$86:a5d3	000000	13627
NBA 행타임 (NBA Hang Time).smc	OK	39567	0.00	25.18	0	$c6:5f11	004212	12858
NCAA 농구 (NCAA Basketball).smc	OK	27037	72.88	6.36	0	$03:8313	0001a1	11944
NCAA 파이널 포 바스켓볼 (NCAA Final Four Basketball).smc	OK	49868	0.00	2.40	0	$80:9098	002141	13509
NCAA 풋볼.smc	OK	44746	89.12	0.00	0	$80:854d	000004	15297
NFL 쿼터백 클럽 (NFL Quarterback Club).smc	OK	7245	74.50	1.66	0	$b2:c7c8	b2166a	13384
NFL 쿼터백 클럽 96 (NFL Quarterback Club 96).smc	UNRENDERED	0	82.57	1.25	0	$84:f8c4	840601	11815
NFL 풋볼 (NFL Football).smc	OK	57140	8.60	5.97	0	$9d:8667	802140	12472
NFL 프로 풋볼 94 (John Madden NFL Pro Football '94).smc	OK	12746	0.58	10.96	42750	$c1:69a9	002143	3686
NHL 스탠리 컵 (NHL Stanley Cup).smc	BOOT_CRASH	-	-	-	-	-	-	
NHL 프로 하키 94 (NHL Pro Hockey '94).smc	OK	56440	27.17	6.25	0	$80:858a	800765	14066
NHLPA 하키 93 (NHLPA Hockey 93).smc	OK	33721	16.29	1.90	0	$83:fa40	000001	12627
NTT JRA PAT (JRA PAT).smc	OK	17421	93.05	0.00	0	$80:8dd5	000089	15225
NTT JRA PAT 와이드 마권 태양.smc	OK	17277	90.70	0.00	0	$80:9688	80008a	11566
P.T.O. 태평양의 함대 (P.T.O. - Pacific Theater of Operations).smc	OK	57344	86.86	0.91	0	$00:96d2	000b55	13263
PGA 유러피언 투어 (PGA European Tour).smc	BOOT_CRASH	-	-	-	-	-	-	
PGA 투어 96 (PGA Tour 96).smc	BOOT_CRASH	-	-	-	-	-	-	
PGA 투어 골프 (PGA Tour Golf).smc	OK	52824	47.64	4.48	0	$00:c855	000001	12472
Pilotwings (U) [!].smc	UNRENDERED	0	84.41	0.00	0	$00:cada	3fc001	12538
Pinocchio (U).smc	UNRENDERED	0	0.00	80.98	0	$81:9290	834212	13223
Prince of Persia (U).smc	OK	53411	91.31	0.74	0	$03:a2be	030800	11917
Prince of Persia 2 - The Shadow & The Flame (U).smc	OK	50944	85.73	0.11	0	$b1:9b50	000021	13078
R-타입III - 더 써드 라이트닝.smc	UNRENDERED	0	25.96	1.39	0	$81:de2e	810209	13262
RHI 롤러 하키 95 (RHI Roller Hockey '95).smc	UNRENDERED	0	35.28	12.18	0	$ba:e0a3	00004a	14124
RPG 츠쿠루 - 슈퍼 단테 (RPG Tsukuru - Super Dante).smc	OK	56401	0.00	3.17	0	$9f:b754	002140	12291
RPG 츠쿠루 2 (RPG Tsukuru 2).smc	OK	57059	0.00	0.88	0	$ad:bd44	002140	12062
RPM 레이싱 (Radical Psycho Machine Racing).smc	OK	496	0.36	5.01	0	$00:89d9	004212	16356
Rise of the Robots (U) [!].smc	UNRENDERED	0	58.07	6.86	0	$c0:d9ea	000309	12159
Romance of the Three Kingdoms III - Dragon of Destiny (U).smc	OK	57344	74.60	0.00	0	$c0:97ab	000b55	13218
Romance of the Three Kingdoms IV - Wall of Fire (U).smc	OK	20000	70.89	4.82	0	$c0:8980	00002d	14043
SD F-1 그랑프리 (SD F-1 Grand Prix).smc	BOOT_CRASH	-	-	-	-	-	-	
SD 건담 G 넥스트 (SD Gundam G Next).smc	BOOT_CRASH	-	-	-	-	-	-	
SD 건담 G 넥스트 - 데이터 팩 2.smc	BOOT_CRASH	-	-	-	-	-	-	
SD 건담 GX (SD Gundam GX).smc	UNRENDERED	0	100.00	0.00	0	$82:ebf5	3fc000	13236
SD 건담 X (Super Gachapon World - SD Gundam X).smc	OK	54704	0.00	1.20	0	$02:f0da	012140	9526
SD 건담 외전 - 기사 건담 이야기 - 위대한 유산 (SD Gundam Gaiden - Knight Gundam Monogatari - Ooinaru Isan).smc	BOOT_CRASH	-	-	-	-	-	-	
SD 건담 외전 2 - 원탁의 기사 (SD Gundam Gaiden 2 - Entaku no Kishi).smc	OK	52283	0.00	6.12	0	$00:d718	002140	12871
SD 건담 제너레이션 A - 1년 전쟁기 + ST 바이오스.smc	BOOT_CRASH	-	-	-	-	-	-	
SD 건담 제너레이션 B - 그리프스 전기 + ST 바이오스.smc	BOOT_CRASH	-	-	-	-	-	-	
SD 건담 제너레이션 C - 액시스 전기 + ST 바이오스.smc	BOOT_CRASH	-	-	-	-	-	-	
SD 건담 제너레이션 D - 바빌로니아 건국 전기 + ST 바이오스.smc	BOOT_CRASH	-	-	-	-	-	-	
SD 건담 제너레이션 E - 잔스카르 전기 + ST 바이오스.smc	BOOT_CRASH	-	-	-	-	-	-	
SD 건담 제너레이션 F - 콜로니 카쿠 전기 + ST 바이오스.smc	BOOT_CRASH	-	-	-	-	-	-	
SD 건담 파워 포메이션 퍼즐 (SD Gundam - Power Formation Puzzle).smc	UNRENDERED	0	36.82	25.04	0	$83:8856	001fff	11968
SD 기동전사 건담 2 (SD Kidou Senshi Gundam 2).smc	OK	9618	13.68	0.46	0	$80:b2a4	00007f	13175
SD 기동전사 건담 V작전 시동 (SD Kidou Senshi Gundam - V Sakusen Shidou).smc	OK	1302	82.90	0.29	0	$00:996e	0000b9	15254
SD 더 그레이트 배틀 (SD The Great Battle - Aratanaru Chousen).smc	UNRENDERED	0	0.00	4.49	42594	$00:8173	002140	3533
SD 울트라 배틀 - 세븐 앤 울트라맨 + ST 바이오스.smc	OK	29784	70.43	4.95	0	$20:83ec	00007c	13953
SD 울트라 배틀 - 세븐 전설 + ST 바이오스.smc	BOOT_CRASH	-	-	-	-	-	-	
SD 울트라 배틀 - 세븐 전설.smc	UNRENDERED	0	0.00	0.00	0	-	-	13990
SD 울트라 배틀 - 울트라맨 앤 세븐 + ST 바이오스.smc	OK	29756	70.95	4.91	0	$20:83ec	00007c	13964
SD 울트라 배틀 - 울트라맨 전설 + ST 바이오스.smc	BOOT_CRASH	-	-	-	-	-	-	
SD비룡의 권 (SD Hiryuu no Ken).smc	OK	37789	40.46	13.51	0	$80:86d4	0000e5	13771
SM 조교사 히토미 Vol 1 (SM Choukyoushi Hitomi Vol. 1).smc	OK	38887	98.83	0.00	0	$00:8c3a	00002d	13222
SM 조교사 히토미 Vol 2 (SM Choukyoushi Hitomi Vol. 2).smc	OK	49899	96.73	2.19	0	$00:a37e	000000	17092
SM 조교사 히토미 Vol 2 리믹스 (SM Choukyoushi Hitomi Vol. 2 Remix).smc	BOOT_CRASH	-	-	-	-	-	-	
SM 조교사 히토미 Vol 2.5 (SM Choukyoushi Hitomi - Bangai Hen).smc	OK	52504	94.82	2.21	0	$00:98ff	000000	16949
SM 조교사 히토미 Vol 2.52 마키의 러브 러브 패닉 (SM Choukyoushi Hitomi - Bangai Hen 2 - Maki no Love Love Panic).smc	OK	8910	16.26	8.02	0	$80:a317	00000d	14249
SM 조교사 히토미 Vol 3.04.smc	UNRENDERED	0	0.00	0.00	0	$00:80d9	002140	15766
SM 조교사 히토미 Vol 3.10.smc	UNRENDERED	0	0.00	0.00	0	-	-	15766
SM 조교사 히토미 Vol.2 체험판.smc	BOOT_CRASH	-	-	-	-	-	-	
SOS (SOS).smc	OK	510	0.00	5.60	0	$80:9525	8d2140	12454
Star Ocean (KP).sfc	BOOT_CRASH	-	-	-	-	-	-	
StarWing Super Weekend Competition (E) [!].smc	BOOT_CRASH	-	-	-	-	-	-	
Street Fighter II Turbo - Hyper Fighting (U) [!].smc	OK	49296	45.33	4.75	0	$c0:00d8	801840	13509
Super Battletank - War in the Gulf (U) (V1.1) [!].smc	OK	36194	67.27	0.00	0	$00:81f4	000220	13372
Super R-Type (U) [!].smc	OK	10421	76.91	0.69	0	$00:81bb	00004d	13768
TKO 슈퍼 챔피언십 복싱 (TKO Super Championship Boxing).smc	UNRENDERED	0	85.39	0.77	0	$00:81c2	000000	15166
TNN 배스 토너먼트 오브 챔피언스 (TNN Bass Tournament of Champions).smc	UNRENDERED	0	0.00	7.61	0	$d0:84bf	002143	13419
TV 애니메이션 슬램덩크 - 드림팀 슈에이샤 리미티드 (From TV Animation Slam Dunk - Shuueisha Limited).smc	OK	57344	0.00	10.88	0	$80:f48d	804212	14227
TV 애니메이션 슬램덩크 - 시쿄 격투츠!! (From TV Animation Slam Dunk - Yonkyou Gekitotsu!!).smc	OK	57344	0.00	10.85	0	$80:f6eb	804212	14224
Toy Story (U) [!].smc	UNRENDERED	0	31.20	0.19	1695	$87:e1ed	7e29ad	11747
UFO 가면 야키소반 - 케틀러의 검은 음모 (U.F.O. Kamen Yakisoban - Kettler no Kuroi Inbou).smc	OK	2220	55.74	7.16	0	$81:8855	00001d	12138
USA 아이스 하키 (USA Ice Hockey).smc	OK	55276	0.00	1.31	0	$80:bb2a	002140	11505
Ultima VI - Itsuwari no Yogensha (J).smc	OK	36126	96.20	0.56	0	$00:82d5	000042	15450
Ultraman - Towards the Future (U) [!].smc	OK	12460	0.00	0.00	48307	$00:8cc4	002140	2322
WCW 슈퍼 브롤 레슬링 (WCW Super Brawl Wrestling).smc	BOOT_CRASH	-	-	-	-	-	-	
WWF 레슬매니아 아케이드 (WWF WrestleMania - The Arcade Game).smc	OK	13581	3.04	21.02	39578	$80:9166	802140	5251
WWF 로열 럼블 (WWF Royal Rumble).smc	OK	23911	38.24	4.43	0	$80:ac2a	000001	13424
WWF 로우 (WWF Raw).smc	OK	38054	71.73	4.30	0	$80:e9d2	000001	13117
WWF 슈퍼 레슬매니아 (WWF Super WrestleMania).smc	OK	37474	50.73	7.24	0	$00:8da0	000001	13678
Wild Guns (U).smc	OK	56880	73.69	1.96	0	$00:80bb	000067	12873
X 존 (X Zone).smc	UNRENDERED	0	60.83	0.23	0	$00:8352	00024a	13304
X-Men - Mutant Apocalypse (U).smc	OK	57344	57.94	13.90	0	$c0:00ab	8000d4	13436
X-밴드 모뎀 바이오스 (XBAND).smc	UNRENDERED	0	0.00	0.00	0	-	-	2476
X-칼리버 2097 (X-Kaliber 2097).smc	OK	52345	60.49	15.46	0	$00:8454	008432	12698
Yoshi no Cookie (J).smc	OK	57718	52.83	5.39	0	$0d:83fa	0001d9	13125
가라바레 고에몬 3 - 시시 쥬로쿠베에의 가라쿠리 만지가타메 (Ganbare Goemon 3 - Shishi Juurokubee no Karakuri Manjigatame).smc	BOOT_CRASH	-	-	-	-	-	-	
가루라오 (Karura Ou).smc	OK	51665	66.74	10.78	0	$04:da50	00003c	13806
가마즈 퍼즐 (Gamars Puzzle).smc	BOOT_CRASH	-	-	-	-	-	-	
가메라 - 가오스 격멸 작전 (Gamera - Gyaos Gekimetsu Sakusen).smc	OK	57344	0.00	1.36	0	$2c:8577	002140	12130
가면라이더 (Kamen Rider).smc	UNRENDERED	0	90.92	0.02	0	$80:b494	001fff	15664
가면라이더SD - 출격! 라이더머신 (Kamen Rider SD - Shutsugeki!! Rider Machine).smc	OK	49918	0.00	0.16	0	$00:e18e	002140	11828
가부키 록스 (Kabuki Rocks).smc	BOOT_CRASH	-	-	-	-	-	-	
가부키초 리치 마작 (Kabuki Chou Reach Mahjong Tonpuusen).smc	OK	58562	82.78	1.68	0	$00:ed49	000099	15053
가이아 세이버 (Gaia Saver - Hero Saidai no Sakusen).smc	UNRENDERED	0	41.06	14.15	0	$00:ca08	00002f	14223
가이아 환상기 (Gaia Gensouki) (3).smc	OK	55282	0.00	66.88	0	$82:8172	804210	11981
가이아 환상기 (Gaia Gensouki).smc	OK	55344	0.00	66.89	0	$82:8172	804210	11980
가이아 환상기 (Illusion of Gaia).smc	OK	55279	0.00	57.26	0	$82:804d	804210	12363
간 간 간쨩 (Gangan Gan-chan).smc	OK	57157	44.35	6.46	0	$80:9258	000010	14788
간바레 고에몬 - 내가 댄서가 된 이유 - 키라키라 도츄우 (Ganbare Goemon Kirakira Douchuu - Boku ga Dancer ni Natta Wake).smc	BOOT_CRASH	-	-	-	-	-	-	
간바레 고에몬 - 유키히메 구출 에마키 (Ganbare Goemon - Yuki Hime Kyuushutsu Emaki).smc	OK	53368	0.00	0.02	0	$00:9e90	012140	12395
간푸루 - 건맨즈 프루프 (Ganpuru - Gunman's Proof).smc	OK	2015	51.49	11.69	0	$84:8112	840102	13392
갓즈 (Gods).smc	OK	30573	56.38	8.47	0	$9f:ef5b	0000a3	14405
갓즈.smc	OK	30573	56.38	8.47	0	$9f:ef5b	0000a3	14405
강의 주인 낚시 2 (Kawa no Nushi Tsuri 2).smc	OK	56349	86.36	0.94	0	$00:e36c	001364	13099
강철의 기사 (Koutetsu no Kishi).smc	OK	57226	62.70	9.69	0	$80:8727	000098	14604
강철의 기사 2 - 사막의 롬멜 장군 (Koutetsu no Kishi 2 - Sabaku no Rommel Gundan).smc	OK	56726	58.19	22.38	0	$80:873a	000098	14538
강철의 기사 3 - 격돌 유럽 전선 (Koutetsu no Kishi 3 - Gekitotsu Europe Sensen).smc	OK	55614	0.00	8.09	0	$92:8186	002140	9663
개조정인 슈비빈맨 제로.smc	OK	52796	0.00	3.66	0	$c0:01a5	814212	13181
갤럭시 로보 (Galaxy Robo).smc	OK	57088	86.09	0.37	0	$00:8d06	00006b	13216
갬블러 지코츄신하 - 마작 항전 (Gambler Jiko Chuushinha - Mahjong Ooisen).smc	OK	52908	66.71	2.37	0	$00:8c1f	0000f9	12155
갬블러 지코츄신하 2 - 도라폰 퀘스트 (Gambler Jiko Chuushinha 2 - Dorapon Quest).smc	OK	53582	51.25	7.11	0	$00:9edb	001eff	13754
건포스 - 배틀 파이어 인걸프드 테러 아일랜드 (GunForce).smc	OK	47233	34.63	0.00	0	$00:83ac	001b00	15543
검용전설 야이바 (Kenyuu Densetsu Yaiba).smc	OK	57190	0.00	6.50	30443	$80:8c0b	872140	6581
게게게의 귀태랑 - 부활! 천마대왕.smc	OK	496	6.54	3.04	0	$80:87b0	810530	11774
게게게의 키타로 - 부활! 천마대왕 (Gegege no Kitarou - Fukkatsu! Tenma Daiou).smc	OK	496	6.54	3.04	0	$80:87b0	810530	11774
게게게의 키타로 - 요괴 돈자라 + ST BIOS.smc	BOOT_CRASH	-	-	-	-	-	-	
게게게의 키타로 - 요괴 돈자라.smc	BOOT_CRASH	-	-	-	-	-	-	
게임의 달인 (Game no Tatsujin).smc	OK	57344	0.00	7.11	0	$07:84d5	072143	10864
게임의 철인 - 더 상하이 (Game no Tetsujin - The Shanghai).smc	OK	47762	90.40	1.24	0	$83:9fac	00002e	15001
격돌 탄환 자동차 결전 - 배틀 모바일 (Gekitotsu Dangan Jidousha Kessen - Battle Mobile).smc	OK	29177	75.61	0.41	0	$01:82b6	0000e8	11768
격주전대 카레인저 + ST BIOS.smc	BOOT_CRASH	-	-	-	-	-	-	
격주전대 카레인저.smc	BOOT_CRASH	-	-	-	-	-	-	
격투 버닝 프로 레슬링 (Gekitou Burning Pro Wres).smc	OK	57344	77.39	6.99	0	$c0:5fcf	00005b	14101
결전! 도카폰 왕국 IV - 전설의 용사들 (Kessen! Dokapon Oukoku IV - Densetsu no Yuusha-tachi).smc	OK	57285	51.57	14.50	0	$80:a3cd	000047	14022
경마 에이트 스페셜 (Keiba Eight Special).smc	OK	57344	0.00	0.00	0	$1c:8203	002140	9863
경마 에이트 스페셜 2 (Keiba Eight Special 2).smc	OK	54516	0.00	69.14	0	$00:91cd	004212	14479
경마 예상 바켄 연금술 (Kachiuma Yosou Soft - Baken Renkinjutsu).smc	BOOT_CRASH	-	-	-	-	-	-	
고! 고! 닷지 리그 (Go! Go! Dodge League).smc	OK	56051	43.89	0.00	0	$00:807d	000040	14976
고! 고! 아크맨 1 (Go Go Ackman).smc	UNRENDERED	0	40.77	21.36	0	$80:85b0	800270	13099
고! 고! 아크맨 2 (Go Go Ackman 2).smc	UNRENDERED	0	55.95	0.63	0	$00:82e2	00002f	13548
고고 아쿠맨.smc	UNRENDERED	0	40.77	21.36	0	$80:85b0	800270	13099
고고 아쿠맨2.smc	UNRENDERED	0	58.46	0.52	0	$00:82e2	00002f	13675
고고 아쿠맨3.smc	OK	56454	58.36	0.99	0	$00:841c	00008c	13665
고고 악맨 3 (Go Go Ackman 3).smc	OK	56454	58.36	0.99	0	$00:841c	00008c	13665
고속사색 - 장기왕 (Kousoku Shikou Shougi Ou).smc	OK	57344	94.44	0.49	0	$c0:8362	00005c	15354
고쇼 신라이 모노가타리 - 무샤 (Gousou Jinrai Densetsu - Musha).smc	OK	57231	85.52	0.32	0	$00:d3cd	000360	13251
고스트 체이서 전성 (Ghost Chaser Densei).smc	OK	48105	0.00	10.30	0	$81:9e29	802140	12553
고스트 체이서 전정.smc	OK	48105	0.00	10.30	0	$81:9e29	802140	12552
고스트스위퍼 미카미 - 제령사는 나이스바디.smc	OK	30940	87.81	0.50	0	$00:8390	000008	14877
고시엔 2 (Koushien 2).smc	OK	57344	0.00	6.33	0	$04:81f8	042140	11665
고시엔 3 (Koushien 3).smc	OK	57344	60.25	2.30	0	$00:ede0	00026d	13333
고시엔 4 (Koushien 4).smc	OK	57005	50.26	0.00	0	$80:810a	000021	13743
고인돌가족 플린스톤 - 시에라 매드락의 보물.smc	OK	53583	0.00	1.99	0	$80:8fdf	802140	12108
고인돌가족 플린스톤.smc	OK	57152	44.56	7.03	0	$83:82a4	00008c	13048
고질라 괴수대결전 (Gojira - Kaijuu Daikessen).smc	UNRENDERED	0	0.00	86.63	0	$c0:99bf	002140	13277
고킨조 모험대 (Gokinjo Boukentai).smc	OK	57344	0.00	3.02	0	$c3:f150	002140	11343
곤 (Gon).smc	OK	6144	6.68	5.83	0	$80:818a	00001d	12831
곤벽의 함대 (Konpeki no Kantai).smc	OK	51534	75.75	2.59	0	$80:82de	0000fe	15103
골!! (Goal!).smc	UNRENDERED	0	0.00	0.00	0	-	-	10511
공략 카지노 바 (Kouryaku Casino Bar).smc	OK	57344	66.07	4.65	0	$00:d9b1	000498	14592
공룡기 (Kouryuuki).smc	OK	57344	49.73	2.38	0	$c0:9fbe	000b62	12433
공상과학세계 걸리버 보이 (Kuusou Kagaku Sekai - Gulliver Boy).smc	OK	39086	58.68	10.17	0	$80:99cf	00008e	12917
과장 시마 코스케 (Kachou Shima Kousaku - Super Business Adventure).smc	BOOT_CRASH	-	-	-	-	-	-	
과학자 할리의 파란만장 (Kagakusha Harley no Haran Banjou).smc	OK	53974	0.00	37.54	0	$05:d057	004212	13817
교라쿠산요 마루혼 파르코! 파르코! (Parlor! Parlor!).smc	OK	57344	0.00	73.39	0	$c2:e3c6	004212	13709
교라쿠산요 마루혼 파르코! 파르코! 2 (Parlor! Parlor! 2).smc	OK	57344	0.00	81.59	0	$c2:7a79	004212	13458
교라쿠산요 마루혼 파르코! 파르코! 3 (Parlor! Parlor! 3).smc	OK	57344	0.00	80.36	0	$c2:1ab6	004212	13461
교라쿠산요 마루혼 파르코! 파르코! 4 CR (Parlor! Parlor! IV CR).smc	OK	56315	0.00	80.96	0	$c2:cc17	004212	13504
교라쿠산요 마루혼 파르코! 파르코! 5 (Parlor! Parlor! 5).smc	OK	57344	0.00	81.57	0	$c2:3b60	004212	13452
구약 여신전생 (Kyuuyaku Megami Tensei) (2).smc	BOOT_CRASH	-	-	-	-	-	-	
구약 여신전생 (Kyuuyaku Megami Tensei).smc	BOOT_CRASH	-	-	-	-	-	-	
구울 패트롤 (Ghoul Patrol).smc	OK	45958	6.61	41.09	45894	$81:d065	802143	2953
구피 트룹 (Goof Troop).smc	OK	57344	0.00	0.47	0	$80:9943	832140	17559
구피와 막스 - 해적섬의 대모험 (Goofy to Max - Kaizoku-jima no Daibouken).smc	OK	57344	0.00	0.47	0	$80:9963	832140	17552
권투왕 월드 챔피언 (Kentou Ou World Champion).smc	OK	57338	83.29	0.68	0	$00:81d5	000000	15020
귀신동자 젠키 - 배틀 라이덴 (Kishin Douji Zenki - Battle Raiden).smc	OK	52787	45.84	4.28	0	$c0:21fe	800081	12503
귀신동자 젠키 - 열투뇌전.smc	OK	52787	45.84	4.28	0	$c0:21fe	800081	12503
귀신동자 젠키 - 전영 라이브 (Kishin Douji Zenki - Denei Raibu).smc	OK	26724	66.75	0.48	0	$c0:0227	000035	14979
귀신동자 젠키 - 천지 명도 (Kishin Douji Zenki - Tenchi Meidou).smc	UNRENDERED	0	0.00	0.00	0	-	-	15070
그라디우스 3 (Gradius III).smc	OK	8946	0.31	0.00	0	$00:9b68	012140	12362
그라디우스III.smc	OK	8946	0.31	0.00	0	$00:9b68	012140	12361
그란히스토리아 - 원시세계기 (Granhistoria - Genshi Sekaiki).smc	OK	57344	87.84	0.00	0	$00:8227	000200	13305
그레이트 배틀 3 (Great Battle III, The).smc	OK	5369	0.00	7.76	35361	$07:a7de	002140	5343
그레이트 배틀 4 (Great Battle IV, The).smc	BOOT_CRASH	-	-	-	-	-	-	
그레이트 배틀 5 (Great Battle V, The).smc	OK	50943	28.23	1.83	0	$80:8510	000080	14671
그레이트 배틀 SD - 새로운 도전.smc	UNRENDERED	0	0.00	4.49	42594	$00:8173	002140	3533
그레이트 배틀 외전 2 (Great Battle Gaiden 2, The - Matsuri da Wasshoi).smc	OK	15653	51.41	27.04	0	$00:852a	000000	13174
그레이트 배틀 외전2 - 축제다 왓쇼이.smc	OK	15653	51.41	27.04	0	$00:852a	000000	13174
그레이트 배틀II - Last Fighter Twin (Great Battle II, The - Last Fighter Twin).smc	OK	11099	0.00	0.00	32721	$00:8fe7	002140	5863
그레이트 배틀III.smc	OK	5369	0.00	7.76	35361	$07:a7de	002140	5343
그레이트 배틀IV.smc	BOOT_CRASH	-	-	-	-	-	-	
그레이트 배틀V.smc	OK	50943	28.23	1.83	0	$80:8510	000080	14671
극상 파로디우스 (Gokujou Parodius).smc	OK	15270	0.00	0.01	0	$80:8121	000043	13107
근대 마작 스페셜 (Kindai Mahjong Special).smc	OK	57344	80.96	5.44	0	$80:82af	00009f	15051
근육맨 - 더티 챌린저 (Kinnikuman - Dirty Challenger).smc	OK	19999	0.00	0.00	42229	$00:8e18	002140	3857
금어 주의보! 튀어나와라 게임 학원 (Kingyo Chuuihou! - Tobidase! Game Gakuen).smc	OK	57344	0.00	9.05	0	$80:e1fa	804210	11674
기갑경찰 메탈잭 (Armored Police - Metal Jack).smc	OK	57344	0.00	96.58	0	$00:f536	004212	15316
기갑경찰 메탈잭.smc	OK	57344	0.00	96.58	0	$00:f536	004212	15316
기관차 토마스와 친구들 (Thomas the Tank Engine & Friends).smc	OK	49044	0.00	0.00	0	$02:89f5	012140	12915
기기괴계 - 의문의 검은 망토 (Kiki Kaikai - Nazo no Kuro Manteau).smc	OK	52975	57.06	1.57	0	$00:81a6	000000	11762
기기괴계 3 월야초자 (Kiki Kaikai - Tsukiyo Soushi).smc	OK	50785	49.72	8.90	0	$00:82c7	000007	12477
기동경찰 패트레이버 (Kidou Keisatsu Patlabor).smc	OK	57222	0.00	0.00	0	$ae:a9e7	ae2140	9164
기동무투전G건담 (Kidou Butouden G Gundam).smc	UNRENDERED	0	51.32	6.22	0	$c0:08a8	00049f	13312
기동장갑 디온 (Kidou Soukou Dion).smc	OK	52461	35.65	35.47	0	$00:b8cf	00036c	13844
기동전사 V 건담 (Kidou Senshi V Gundam).smc	OK	29416	0.00	1.32	0	$80:dd60	802140	13021
기동전사 Z 건담 - 어웨이 투 더 뉴타입 (Kidou Senshi Z Gundam - Away to the Newtype).smc	OK	264	61.83	2.88	0	$80:8515	80114d	13419
기동전사 건담 - 크로스 디멘션 0079 (Kidou Senshi Gundam - Cross Dimension 0079).smc	UNRENDERED	0	52.89	5.56	0	$80:84a8	800ffe	13367
기동전사 건담 F91 - 포뮬러 전기 0122 (Kidou Senshi Gundam F91 - Formula Senki 0122).smc	OK	27214	0.90	1.18	33900	$00:8164	002140	6136
기신 공린전 오니 (Kijin Kourinden Oni).smc	OK	53984	71.78	1.38	0	$00:8372	000100	13278
기왈의 슈퍼 마리오 월드!.smc	OK	13548	79.15	1.67	0	$00:806d	000010	14688
기원화 (Gionbana).smc	OK	45836	68.20	2.17	0	$00:8407	000496	14659
꼬마 괴물들의 모험 - 버스터의 대소동! (Tiny Toon Adventures - Buster Busts Loose!).smc	OK	57344	0.00	0.05	0	$80:9cbc	812140	12581
꼬마 괴물들의 모험 - 엉뚱한 스포츠 챌린지 (Tiny Toon Adventures - Wacky Sports Challenge).smc	BOOT_CRASH	-	-	-	-	-	-	
꼬마 괴물들의 모험 - 와일드 앤 와키 스포츠 (Tiny Toon Adventures - Wild & Wacky Sports).smc	UNRENDERED	0	100.00	0.00	0	$80:83af	81805a	16244
꽃의 케이지 - 구름의 저편에 (Hana no Keiji - Kumo no Kanata ni).smc	UNRENDERED	0	100.00	0.00	0	$80:86ae	00ffe5	14890
꿈 미궁 - 키구루미 대모험 (Dream Maze - Kigurumi Daibouken).smc	OK	56769	0.00	0.00	0	$1c:abd9	002140	12942
꿈 환상과 같이 (Yumemaboroshi no Gotoku).smc	OK	57344	0.00	1.73	0	$1d:c5d9	1d2140	12053
나 홀로 집에 (Home Alone).smc	BOOT_CRASH	-	-	-	-	-	-	
나 홀로 집에 2 - 뉴욕에서의 길을 잃다 (Home Alone 2 - Lost in New York).smc	OK	49181	62.66	0.00	0	$0e:a378	001800	14159
나루호도 더 월드 (Naruhodo! The World).smc	OK	57264	68.77	0.36	0	$00:96bc	000090	14647
나이스 데 샷 (Nice de Shot).smc	OK	19153	35.35	0.04	0	$80:8425	8400b0	13322
나이젤 만셀의 월드 챔피언십 챌린지 (Nigel Mansell's World Championship Racing).smc	UNRENDERED	0	14.19	10.93	0	$08:ea3e	082143	13187
나이젤 맨셀의 F-1 챌린지 (Nigel Mansell F-1 Challenge).smc	UNRENDERED	0	14.17	10.85	0	$08:ea3e	082143	13190
나이츠 오브 더 라운드 (Knights of the Round).smc	OK	44919	51.04	2.76	0	$80:8071	000307	14398
나이츠 오브 더 라운드.smc	OK	44919	51.04	2.76	0	$80:8071	000307	14398
나지 리브레 (Nage Libre - Seijaku no Suishin).smc	OK	3696	63.54	0.44	0	$80:85c2	000d40	14015
나츠메 챔피언십 레슬링 (Natsume Championship Wrestling).smc	UNRENDERED	0	0.00	10.64	0	$c0:f9b1	002140	10233
나츠키 크라이시스 배틀 (Natsuki Crisis Battle).smc	OK	44677	46.81	13.29	0	$c0:01b0	0008e6	13252
나카노 코이치 감수 케이린왕 (Nakano Kouichi Kanshuu Keirin Ou).smc	BOOT_CRASH	-	-	-	-	-	-	
나카요시 월드의 패닉 (Panic in Nakayoshi World).smc	OK	57344	77.09	13.75	0	$00:803b	0000a0	14813
나카지마 사토루 F-1 히어로 94 (Nakajima Satoru Kanshuu - F-1 Hero '94).smc	OK	57344	0.00	81.65	0	$ce:0b54	004210	12949
나키노 류 마작 필승전 (Mahjong Hishouden - Naki no Ryuu).smc	OK	49184	59.21	0.26	0	$00:843e	00022b	13362
낚시 고시엔 (Fishing Koushien).smc	OK	41757	42.78	8.88	0	$03:8780	00041c	13231
남국 소년 파푸와군 (Nangoku Shounen Papuwa-kun).smc	BOOT_CRASH	-	-	-	-	-	-	
남코 오픈 (Namcot Open).smc	BOOT_CRASH	-	-	-	-	-	-	
내일의 죠 (Ashita no Joe).smc	OK	45669	70.98	2.86	0	$00:8cef	00007b	12086
너구리 라스칼 (Araiguma Rascal).smc	OK	57149	0.01	18.21	0	$88:81fa	882140	12541
넘버 파라다이스 (Numbers Paradise).smc	OK	57344	62.07	0.41	0	$00:802b	00102d	13535
네트워크 Q 랠리 (Rally - The Final Round of the World Rally Championship).smc	BOOT_CRASH	-	-	-	-	-	-	
노 이스케이프 (No Escape).smc	OK	57344	13.73	0.00	0	$b7:8067	000021	16317
노마크 바쿠 하이토 - 시죠 사이쿄 노 자쿠시 타츠 (Nomark Baku Haitou - Shijou Saikyou no Janshi-tachi).smc	UNRENDERED	0	0.00	4.42	0	$c1:0719	002140	12239
노부나가 코우키 (Shinchou Kouki).smc	OK	56928	0.00	81.31	0	$00:bb20	004210	13598
노부나가의 야망 (Nobunaga's Ambition).smc	OK	49835	26.59	5.12	0	$c0:9d53	000b62	12290
노부나가의 야망 - 로드 오브 다크니스 (Lord of Darkness).smc	OK	7288	59.13	9.11	0	$00:9290	000b4f	12793
노부나가의 야망 - 천성기 (Nobunaga no Yabou - Tenshouki).smc	OK	56865	30.91	3.96	0	$c0:898b	00002d	12622
노부나가의 야망 패왕전 (Nobunaga no Yabou - Haouden).smc	OK	57088	64.49	6.44	0	$c0:9f49	000b62	12937
노스페라두.smc	UNRENDERED	0	93.79	0.00	0	$a8:85dc	a80207	13304
노스페라투 (Nosferatu).smc	UNRENDERED	0	93.79	0.00	0	$a8:85dc	a80207	13304
노아기어 - 바다와 바람의 고동.smc	OK	57344	0.00	74.12	0	$00:c8cf	004210	15033
노이기어 (Neugier - Umi to Kaze no Kodou).smc	OK	57344	0.00	74.08	0	$00:c8cf	004210	15030
논탄과 함께 - 쿠루쿠루 퍼즐 (Nontan to Issho - Kurukuru Puzzle).smc	OK	57286	57.52	8.58	0	$00:855f	000020	14522
놀란 라이언의 베이스볼 (Nolan Ryan's Baseball).smc	OK	55058	79.11	0.00	0	$00:aeb5	0001ff	17687
뉴 3D 골프 시뮬레이션 하루카나루 오거스타 (New 3D Golf Simulation - Harukanaru Augusta).smc	OK	234	22.92	3.76	0	$01:b981	001807	11637
뉴 슈퍼 마리오 월드.smc	OK	44698	82.32	1.65	0	$00:806d	000010	14768
뉴 슈퍼마리오랜드 (New Super Mario Land).smc	OK	57144	62.98	0.00	0	$c0:75cf	001cc6	10604
뉴 얏타맨 난다이 칸다이 야지로베 (New Yatterman - Nandai Kandai Yajirobee).smc	OK	54363	52.36	3.33	0	$80:8254	00003d	14479
뉴먼-하스 인디카 레이싱 (Newman Haas IndyCar Featuring Nigel Mansell).smc	OK	8133	78.71	6.95	0	$a0:d7b2	80001b	10818
니시진 파친코 모노가타리 (Nishijin Pachinko Monogatari).smc	OK	54047	2.45	7.71	0	$95:82d6	002140	10523
니시진 파친코 모노가타리 2 (Nishijin Pachinko Monogatari 2).smc	OK	57344	51.15	5.87	0	$c0:e0cf	001ffe	12373
니시진 파친코 모노가타리 3 (Nishijin Pachinko 3).smc	OK	57344	75.50	3.46	0	$c0:e0cf	001ffe	12037
니치부츠 아케이드 클래식스 (Nichibutsu Arcade Classics).smc	OK	1119	48.30	4.23	0	$80:81db	82006d	12887
니치부츠 아케이드 클래식스 2 - 헤이안쿄 에일리언 (Nichibutsu Arcade Classics 2 - Heiankyou Alien).smc	OK	56230	59.65	3.86	0	$00:8b82	00007c	13784
니치부츠 컬렉션 1 (Nichibutsu Collection 1).smc	OK	56631	65.57	5.50	0	$20:d9d7	00047f	14478
니치부츠 컬렉션 2 (Nichibutsu Collection 2).smc	OK	564	40.87	9.30	0	$20:821e	0004a7	14022
니켈로디언 가츠 (Nickelodeon GUTS).smc	OK	48869	53.03	4.74	0	$80:83a3	001411	12017
니트로 펑크스 - 마이트 헤즈 (Nitropunks - Might Heads).smc	OK	50154	0.00	0.15	0	$9a:8262	9d1f87	11244
닌자 가이덴 트릴로지 (Ninja Gaiden Trilogy).smc	OK	37284	71.38	0.46	0	$80:85b2	801000	13905
닌자 거북이 - 토너먼트 파이터즈 (Teenage Mutant Ninja Turtles - Tournament Fighters).smc	UNRENDERED	0	0.00	0.00	0	$80:865c	81003c	13260
닌자 류켄전 토모에 (Ninja Ryuuken Den Tomoe).smc	OK	37284	71.37	0.46	0	$80:85b2	801000	13904
닌자거북이 - 뮤턴트 워리어 (Teenage Mutant Ninja Turtles - Mutant Warriors).smc	UNRENDERED	0	0.00	0.00	0	$80:865c	81003c	13296
닌자용검전 토모에.smc	OK	37282	71.37	0.46	0	$80:85b2	801000	13904
닌자워리어즈 어게인.smc	OK	46337	60.71	2.44	0	$00:80c3	00000f	12491
닌타마 란타로 - 닌술학원 퍼즐대회의 단 (Puzzle Nintama Rantarou - Ninjutsu Gakuen Puzzle Taikai no Dan).smc	OK	53038	48.47	6.04	0	$80:856a	8000e5	12834
닌타마 란타로 2 (Nintama Rantarou 2).smc	OK	50926	57.31	14.45	0	$80:856a	8000e5	12621
닌타마 란타로 3 (Nintama Rantarou 3).smc	OK	48850	42.14	11.98	0	$80:856e	8000e5	12684
닌타마 란타로 스페셜 (Nintama Rantarou Special).smc	OK	27931	45.01	12.70	0	$80:856e	8000e5	12622
닌타마 란타로.smc	OK	53731	57.43	14.35	0	$80:856a	8000e5	12640
닌텐도 파워 메뉴 프로그램 (Nintendo Power Menu Program).smc	OK	56944	92.40	0.00	0	$80:8b02	000093	15124
다리우스 트윈 (Darius Twin).smc	OK	57336	69.49	3.14	0	$00:b8c0	7e13fe	14274
다리우스 포스 (Darius Force).smc	OK	23337	0.00	4.11	0	$81:837c	802140	14009
다마고치 타운 (Tamagotch Town).smc	OK	53744	0.00	0.31	0	$81:fee2	002142	10122
다운 더 월드 머빌의 야망 (Down the World - Mervil's Ambition).smc	OK	40700	64.04	9.97	0	$c2:0831	000f05	10961
다운타운 열혈야구 이야기 - 야구로 승부다! 쿠니오군 (Downtown - Nekketsu Baseball Monogatari - Yakyuu de Shoubu da! Kunio-kun).smc	OK	56455	73.82	4.63	0	$80:ec88	8000ad	15011
다이나워즈 - 공룡왕국으로의 대모험.smc	OK	56445	61.95	5.28	0	$00:808d	000031	13883
다이내믹 스타디움 (Dynamic Stadium).smc	OK	15747	63.35	8.59	0	$00:807f	0000a8	14508
다이너마이트 - 더 라스베이거스 (Dynamaite - The Las Vegas).smc	OK	50230	89.96	0.00	0	$c0:0e18	000012	15092
다이노 워즈 공룡왕국 대모험 (Dinowars - Kyouryuu Oukoku e no Daibouken).smc	OK	56447	61.95	5.28	0	$00:808d	000031	13883
다크 에이지의 파워 피그스 (Power Piggs of the Dark Age).smc	OK	57344	54.66	1.02	0	$81:8dc8	000050	14660
다크 킹덤 (Dark Kingdom).smc	UNRENDERED	0	50.90	3.10	0	$c0:0b80	00004c	14677
다크 하프 (Dark Half).smc	OK	57344	68.12	5.31	0	$c0:18f7	7e2100	13297
다크로우 - 죽음의 의미 (Dark Law - Meaning of Death).smc	UNRENDERED	0	0.37	0.10	0	$c0:3ae0	000001	13084
다크하프.smc	OK	57344	68.12	5.31	0	$c0:18f7	7e2100	13297
다테 키미코의 버추얼 테니스 (Date Kimiko no Virtual Tennis).smc	UNRENDERED	0	36.14	0.00	0	$00:c94f	000378	13408
닥터 마리오 (Dr. Mario).smc	OK	61184	0.00	0.00	0	$80:a5b8	802140	14105
달려라 헤베레케 (Hashire Hebereke).smc	OK	57219	72.50	2.66	0	$81:8224	0000be	14726
달마 도장 (Dharma Doujou).smc	OK	57063	62.67	0.69	0	$80:82c3	7e0224	13483
달의 요정 세일러문 - 어나더스토리 (Bishoujo Senshi Sailor Moon - Another Story).smc	OK	57344	85.33	2.86	0	$80:8be7	00006c	14450
달의 요정 세일러문 S - 이번엔 퍼즐로 혼내주겠다! (Bishoujo Senshi Sailor Moon S - Kondo wa Puzzle de Oshioki yo!!).smc	OK	56080	61.79	11.34	0	$00:8048	0000a8	14490
대결!! 브래스 넘버스 (Taiketsu!! Brass Numbers).smc	OK	6625	79.27	1.20	0	$00:8126	00016d	14915
대괴수 이야기 (Daikaijuu Monogatari).smc	OK	9731	47.46	9.04	0	$80:8c47	000030	13577
대만 16 마작 2 - 호로스콥 걸스 에디션 (16 Zhang Mahjong II - Xingzuo Nulang Pian).smc	BOOT_CRASH	-	-	-	-	-	-	
대물 블랙배스 피싱 - 인조호 편 (Oomono Black Bass Fishing - Jinzouko Hen).smc	OK	47933	0.00	5.32	0	$c0:0db5	002140	12896
대전 컬렉션 (VS. Collection).smc	OK	54261	49.37	5.81	0	$00:8052	001fff	14006
대전략 엑스퍼트 (Daisenryaku Expert).smc	OK	61184	87.29	0.00	0	$06:a49a	7fe395	12354
대전략 엑스퍼트 WW2 유럽 전쟁 (Daisenryaku Expert WWII - War in Europe).smc	OK	24489	85.64	2.65	0	$06:a44a	7fe394	12933
대폭소 인생극장 (Daibakushou Jinsei Gekijou).smc	OK	57344	82.98	0.70	0	$00:80bb	000000	14846
대폭소 인생극장 대에도 일기 (Daibakushou Jinsei Gekijou - Ooedo Nikki).smc	OK	55445	0.00	2.88	0	$8c:8392	8c2140	12717
대폭소 인생극장 두근두근 청춘 (Daibakushou Jinsei Gekijou - Dokidoki Seishun Hen).smc	OK	57337	0.00	0.08	0	$27:8215	002140	12360
대폭소 인생극장 즛코케 샐러리맨 편 (Daibakushou Jinsei Gekijou - Zukkoke Salaryman Hen).smc	UNRENDERED	0	0.00	98.23	0	$90:868b	902141	11676
대피 덕 - 마빈 미션 (Daffy Duck - The Marvin Missions).smc	OK	31749	61.73	3.06	0	$80:81e1	001e8d	12277
대항해시대 (Uncharted Waters).smc	OK	52444	80.60	0.00	0	$00:94fc	000b55	13114
대항해시대 2 (Daikoukai Jidai II).smc	OK	57088	47.33	5.60	0	$c0:9f5f	000b62	12804
대항해시대 2 (New Horizons).smc	OK	57344	73.59	3.10	0	$c0:9f5f	000b62	12913
더 그레이트 왈도 서치 (Great Waldo Search, The).smc	BOOT_CRASH	-	-	-	-	-	-	
더 닌자 워리어스 (Ninjawarriors).smc	OK	46328	63.51	2.24	0	$00:80c3	00000f	12633
더 닌자 워리어스 어게인 (Ninjawarriors Again, The).smc	OK	46337	60.56	2.44	0	$00:80c3	00000f	12490
더 마작 동해전 (Mahjong Touhaiden, The).smc	OK	26075	50.84	0.55	0	$80:81f3	7f0003	11166
더 카오스 엔진 (Chaos Engine, The).smc	UNRENDERED	0	8.17	70.69	0	$c3:0a5c	004213	11579
더 컴뱃 트라이브 (Combatribes, The).smc	BOOT_CRASH	-	-	-	-	-	-	
더 킹 오브 드래곤즈 (King of Dragons).smc	OK	44232	0.00	11.86	0	$c4:20f1	002140	12129
더 킹 오브 랠리 (King of Rally, The - Paris-Moscow-Beijing).smc	OK	54775	50.64	6.63	0	$00:819b	000031	13401
더블 드래곤 V - 더 섀도우 폴즈 (Double Dragon V - The Shadow Falls).smc	OK	49851	62.07	4.05	0	$82:87c1	000013	13247
더블 드래곤의 귀환 (Return of Double Dragon).smc	BOOT_CRASH	-	-	-	-	-	-	
더비 스탈리온 3 (Derby Stallion III).smc	OK	61015	2.23	57.96	0	$80:88a8	0007ee	12385
더비 스탈리온 96 (Derby Stallion 96).smc	BOOT_CRASH	-	-	-	-	-	-	
더비 스탤리온 2 (Derby Stallion II).smc	OK	61104	0.61	69.89	51	$80:83c2	00107e	13160
더비 조키 2 (Derby Jockey 2).smc	OK	11163	0.00	2.46	0	$2a:8258	0e2142	10999
더비 조키 기수왕으로의 길 (Derby Jockey - Kishu Ou e no Michi).smc	OK	57088	92.04	0.52	0	$80:808f	800108	13240
던전 마스터 (Dungeon Master).smc	OK	57344	45.99	5.20	0	$06:8938	000031	11478
던퀘스트 - 마신봉인의 전설 (Dun Quest - Majin Fuuin no Densetsu).smc	OK	50639	5.44	1.87	0	$ba:82a5	002140	12281
데니스 (Dennis).smc	OK	16252	10.28	34.23	0	$80:f62c	004212	13391
데니스 더 매너스.smc	OK	16860	10.76	31.79	0	$80:f6fc	004212	13424
데드 댄스 (Dead Dance).smc	OK	56329	45.51	27.63	0	$80:8088	801f6e	12726
데몬즈 블레이즌 - 마계촌 문장편 (Demon's Blazon - Makaimura Monshou Hen) (2).smc	BOOT_CRASH	-	-	-	-	-	-	
데몬즈 블레이즌 - 마계촌 문장편 (Demon's Blazon - Makaimura Monshou Hen).smc	OK	46747	0.00	6.85	0	$80:bbdd	812140	15062
데몬즈 크레스트 (Demon's Crest).smc	OK	47493	0.00	6.51	0	$80:bbf9	812140	15854
데몰리션 맨 (Demolition Man).smc	OK	25010	0.00	69.46	0	$85:89fb	004212	13428
데빌스 코스 3D 골프 (New 3D Golf Simulation - Devil's Course).smc	OK	192	26.14	3.11	0	$80:d582	001cbc	11872
데스 블레이드 (Death Brade).smc	BOOT_CRASH	-	-	-	-	-	-	
데스 앤 리턴 오브 슈퍼맨.smc	UNRENDERED	0	15.88	46.30	0	$80:fd50	802141	13110
데아에 토노사마 아파레 이치반 (Deae Tonosama Appare Ichiban).smc	UNRENDERED	0	35.33	24.60	0	$89:e9d1	0000f1	13933
데어 랑그릿사 (Langrisser, Der).smc	OK	55502	50.41	0.19	0	$00:823d	001a00	13473
데이비드 크레인의 어메이징 테니스 (David Crane's Amazing Tennis).smc	OK	48502	56.62	0.59	0	$0e:f381	001b00	13985
데자몬 써서 만들어서 즐기기 (Dezaemon).smc	OK	943	1.23	0.00	0	$8f:80fe	832140	13544
데저트 스트라이크 - 걸프로의 귀환 (Desert Strike - Return to the Gulf).smc	UNRENDERED	0	0.00	18.65	0	$02:83fe	004212	13288
데저트 파이터 (Desert Fighter).smc	BOOT_CRASH	-	-	-	-	-	-	
도날드 덕 마법의 모자 (Donald Duck no Mahou no Boushi).smc	OK	36729	0.00	1.70	0	$c0:1513	002140	14776
도날드 인 마우이 말라드 (Donald in Maui Mallard).smc	OK	4958	96.27	0.00	0	$00:81cb	000018	15372
도널드덕의 마법의 모자.smc	OK	36729	0.00	1.70	0	$c0:1513	002140	14776
도널드덕의 마우이 맬러드.smc	OK	21878	77.23	3.65	0	$00:81cb	000018	14286
도라에몽 2 노비타의 토이즈 랜드 대모험 (Doraemon 2 - Nobita no Toys Land Daibouken).smc	UNRENDERED	0	0.00	8.80	3	$c0:0c43	002140	543
도라에몽 3 노비타와 시간의 보옥 (Doraemon 3 - Nobita to Toki no Hougyoku).smc	UNRENDERED	0	20.47	7.94	0	$c0:a5c3	00010a	15953
도라에몽 4 노비타와 달의 왕국 (Doraemon 4 - Nobita to Tsuki no Oukoku).smc	UNRENDERED	0	15.20	3.91	0	$80:8789	000080	13128
도라에몽 노비타와 요정의 나라 (Doraemon - Nobita to Yousei no Kuni).smc	UNRENDERED	0	19.19	4.47	0	$c0:826b	000055	13881
도레미 판타지 밀론의 두근두근 대모험 (DoReMi Fantasy - Milon no Dokidoki Daibouken).smc	UNRENDERED	0	21.70	0.11	0	$80:8140	800f26	13627
도레미판타지 - 미론의 두근두근 대모험.smc	UNRENDERED	0	21.70	0.11	0	$80:8140	800f26	13627
도박 방랑기 (Gambling Hourouki).smc	UNRENDERED	0	45.47	10.15	0	$00:93db	000462	13139
도카포 3-2-1 폭풍을 부르는 우정 (Dokapon 3-2-1 - Arashi o Yobu Yuujou).smc	OK	57344	87.68	0.02	0	$80:c194	00007f	14793
도카포 외전 불꽃의 오디션 (Dokapon Gaiden - Honoo no Audition).smc	UNRENDERED	0	0.00	99.80	0	$1c:807b	002140	13224
독립전쟁 리버티 오어 데스 (Dokuritsu Sensou - Liberty or Death).smc	OK	57088	79.25	2.28	0	$c0:9f49	000b62	13154
돌럭키의 A리그 사커 (Dolucky no A.League Soccer).smc	BOOT_CRASH	-	-	-	-	-	-	
돌럭키의 퍼즐 투어 94 (Dolucky no Puzzle Tour '94).smc	OK	1838	37.50	34.94	0	$80:8086	8002a7	11886
돌럭키의 풀야구 (Dolucky no Kusayakiu).smc	BOOT_CRASH	-	-	-	-	-	-	
돌연변이 닌자 거북이 - 시간 속의 거북이 (Teenage Mutant Ninja Turtles - Turtles in Time).smc	OK	57199	0.00	9.88	0	$00:9f16	012140	12896
돗슨 암석 배틀 (Dossun! Ganseki Battle).smc	OK	48187	42.12	8.72	0	$81:9286	000041	12506
동계 올림픽 게임 - 릴레함메르 94 (Winter Olympic Games - Lillehammer '94).smc	OK	57320	0.00	6.27	0	$d9:13f0	00005c	14501
동급생 2 (Doukyuusei 2).smc	OK	13056	72.63	2.16	0	$80:8252	00005e	14922
동키콩 컨트리 (Donkey Kong Country).smc	OK	56813	79.14	10.33	165	$80:c0d4	0001ff	16081
동키콩 컨트리 2 - 디디스 콩 퀘스트 (Donkey Kong Country 2 - Diddy's Kong Quest).smc	OK	49584	81.11	2.51	176	$80:97ca	0001ff	15837
동키콩 컨트리 3 - 딕시 콩의 더블 트러블! (Donkey Kong Country 3 - Dixie Kong's Double Trouble!).smc	OK	1639	0.00	0.00	23138	$b2:84b5	b22140	8053
동키콩 컨트리 컴피티션 카트리지 (Donkey Kong Country - Competition Cartridge).smc	OK	54535	0.00	4.22	30544	$8a:b51a	802140	6294
두근두근 메모리얼 - 전설의 나무 아래에서 (Tokimeki Memorial - Densetsu no Ki no Shita de).smc	BOOT_CRASH	-	-	-	-	-	-	
둠 (Doom).smc	UNRENDERED	0	0.00	0.00	0	-	-	0
둠 트루퍼스 (Doom Troopers).smc	OK	35283	58.19	5.28	0	$82:bb7d	001f01	12944
둠즈데이 워리어 (Doomsday Warrior).smc	OK	6625	75.07	1.15	0	$00:8126	00016d	14808
듀얼 오브 (Dual Orb - Seirei Tama Densetsu).smc	OK	50655	64.30	0.55	0	$00:897d	000060	14610
듀얼 오브 2 (Dual Orb 2).smc	OK	57344	0.00	4.91	0	$c1:2dec	002142	11929
듀얼 오브 II (Dual Orb II).smc	OK	57344	0.00	4.91	0	$c1:2dec	002142	11929
드라켄 (Drakkhen).smc	UNRENDERED	0	33.98	3.14	0	$00:83b6	00023c	15039
드래곤 - 브루스 리 이야기 (Dragon - The Bruce Lee Story).smc	OK	54232	0.00	68.67	0	$c0:01c0	004210	11568
드래곤 나이트 4 (Dragon Knight 4).smc	OK	38364	77.33	0.32	0	$80:8103	0000b0	15302
드래곤 뷰 (Dragon View).smc	OK	24576	66.55	0.53	0	$84:8006	840420	12856
드래곤 슬레이어 - 영웅전설 (Dragon Slayer - Eiyuu Densetsu).smc	UNRENDERED	0	4.54	0.00	0	$1e:d288	0005ef	13058
드래곤 슬레이어 II - 영웅전설 (Dragon Slayer - Eiyuu Densetsu II).smc	OK	57344	23.27	0.45	0	$c1:96ed	000027	13224
드래곤 퀘스트 1 &amp; 2 (Dragon Quest I &amp; II).smc	OK	8443	94.21	0.00	0	$00:85bb	000064	15488
드래곤 퀘스트 3 (Dragon Quest III - Soshite Densetsu e...).smc	OK	2688	82.70	0.00	0	$c0:2795	7e7fdf	10810
드래곤 퀘스트 5 - 천공의 신부 (Dragon Quest V - Tenkuu no Hanayome) (2).smc	BOOT_CRASH	-	-	-	-	-	-	
드래곤 퀘스트 5 - 천공의 신부 (Dragon Quest V - Tenkuu no Hanayome).smc	BOOT_CRASH	-	-	-	-	-	-	
드래곤 퀘스트 6 - 몽환의 대지 (Dragon Quest VI - Maboroshi no Daichi).smc	OK	2688	76.91	1.05	0	$c0:2221	7e5951	11575
드래곤 퀘스트 I & II (Dragon Quest I & II).smc	OK	8443	94.21	0.00	0	$00:85bb	000064	15488
드래곤볼 Z 라 레전드 사이엔 (Dragon Ball Z - La Legende Saien).smc	UNRENDERED	0	0.00	90.03	0	$81:929b	804212	15766
드래곤볼 Z 얼티메이트 메나스 (Dragon Ball Z - Ultime Menace).smc	UNRENDERED	0	0.00	90.03	0	$81:9221	804212	15766
드래곤볼 Z 초무투전 (Dragon Ball Z - Super Butouden) (2).smc	OK	57179	0.11	30.19	0	$80:f4a5	802140	13568
드래곤볼 Z 초무투전 (Dragon Ball Z - Super Butouden).smc	OK	57179	0.11	30.19	0	$80:f4a5	802140	13568
드래곤볼 Z 초무투전 2 (Dragon Ball Z - Super Butouden 2).smc	UNRENDERED	0	0.00	90.03	0	$81:9228	804212	15766
드래곤볼 Z 초무투전 3 (Dragon Ball Z - Super Butouden 3).smc	UNRENDERED	0	0.00	90.03	0	$81:9221	804212	15766
드래곤볼 Z 초사이어인 전설 (Dragon Ball Z - Super Saiya Densetsu).smc	OK	59333	0.00	1.98	0	$04:8612	002140	13552
드래곤볼 Z 초오공전 - 각성편 (Dragon Ball Z - Super Gokuu Den - Kakusei Hen).smc	OK	10240	92.34	0.00	0	$80:8242	0000bc	15141
드래곤볼 Z 초오공전 - 돌격편 (Dragon Ball Z - Super Gokuu Den - Totsugeki Hen) (3).smc	OK	57568	85.96	3.76	0	$80:8147	0000a5	15228
드래곤볼 Z 초오공전 - 돌격편 (Dragon Ball Z - Super Gokuu Den - Totsugeki Hen).smc	OK	57568	85.96	3.76	0	$80:8147	0000a5	15228
드래곤볼 Z 하이퍼디멘션 (Dragon Ball Z - Hyper Dimension).smc	BOOT_CRASH	-	-	-	-	-	-	
드래곤볼Z - 초무투전3 (Dragon Ball Z - Chomutujeon).smc	UNRENDERED	0	0.00	90.03	0	$81:9221	804212	15766
드래곤볼Z - 초사이야전설.smc	OK	59333	0.00	1.98	0	$04:8612	002140	13552
드래곤볼Z - 초오공전2 각성편.smc	OK	10240	92.58	0.00	0	$80:8242	0000bc	15152
드래곤스 레어 (Dragon's Lair).smc	UNRENDERED	0	79.99	4.93	0	$00:f081	00003a	15038
드래곤즈 매직 (Dragon's Magic).smc	UNRENDERED	0	87.69	3.91	0	$00:f392	00003a	15221
드래곤즈 매직.smc	UNRENDERED	0	87.69	3.91	0	$00:f392	00003a	15221
드래곤즈 어스 (Dragon's Earth).smc	UNRENDERED	0	0.00	9.07	0	$02:f695	0e2140	12285
드리프트 킹 - 수도고 배틀 '94 (Drift King Shutokou Battle '94 - Tsuchiya Keiichi & Bandou Masaaki).smc	UNRENDERED	0	0.00	100.00	0	$80:a5e9	807000	13236
드리프트 킹 - 수도고 배틀 2 (Drift King Shutokou Battle 2 - Tsuchiya Keiichi & Bandou Masaaki).smc	UNRENDERED	0	0.00	100.00	0	$80:a019	807000	13236
드림 TV (Dream T.V.).smc	OK	18474	73.21	4.90	0	$81:8275	000091	14830
드림 바스켓볼 - 덩크 앤 훕 (Dream Basketball - Dunk & Hoop).smc	OK	57344	71.46	1.37	0	$af:f4c2	800100	12486
디그 앤 스파이크 발리볼 (Dig & Spike Volleyball).smc	UNRENDERED	0	0.00	100.00	0	$00:b50b	002141	11528
디노 디니 사커 (Dino Dini's Soccer!).smc	OK	60003	12.24	3.10	38935	$0f:83ed	001fde	5107
디노 시티 (DinoCity).smc	OK	56519	64.08	5.29	0	$00:808d	000031	13860
디멘션 포스 (Dimension-Force).smc	OK	61184	75.96	0.00	0	$16:8ae5	001207	13285
디스트럭티브 (Destructive).smc	OK	61184	71.57	0.21	0	$80:8150	000092	14896
디어 보이즈 (Dear Boys).smc	OK	57344	78.65	2.99	0	$01:dcc4	000054	14776
디트 레이서 (Dirt Racer).smc	BOOT_CRASH	-	-	-	-	-	-	
디트 트랙스 FX (Dirt Trax FX).smc	BOOT_CRASH	-	-	-	-	-	-	
디포스 (D-Force).smc	OK	61184	75.96	0.00	0	$16:8ae5	001207	13285
라 웨어즈 (La Wares).smc	OK	15322	0.00	0.06	0	$d6:0403	002140	11234
라군 (Lagoon).smc	OK	17823	66.04	0.57	0	$00:84e3	02023c	13322
라모스 월드 와이드 사커 (Ramos Ruy no World Wide Soccer).smc	OK	53158	0.00	12.45	49041	$19:e09a	002141	2307
라스베이거스 드림 (Las Vegas Dream in Golden Paradise).smc	BOOT_CRASH	-	-	-	-	-	-	
라스트 바이블 3 (Last Bible III).smc	OK	1846	48.00	24.12	0	$c0:0659	001c00	12990
라스트 배틀 (Last Battle, The).smc	OK	27520	53.67	6.09	0	$00:82e5	000016	12816
라스트 액션 히어로 (Last Action Hero).smc	UNRENDERED	0	67.25	0.16	0	$9a:9dfd	00039f	13278
라이덴 트레이드 (Raiden Trad).smc	OK	54974	59.49	1.65	0	$00:8e29	000013	14440
라이덴전설 (Raiden Densetsu).smc	OK	54974	59.50	1.65	0	$00:8e29	000013	14440
라이벌 터프 (Rival Turf!).smc	UNRENDERED	0	0.00	60.14	0	$00:99e6	004210	13447
라이브 어 라이브 (Live A Live) (2).smc	OK	57019	65.26	9.90	0	$c2:4b29	000576	15275
라이브 어 라이브 (Live A Live).smc	OK	56962	65.26	9.90	0	$c2:4b29	000576	15275
라이온 킹 (Lion King, The).smc	OK	57344	0.04	3.36	0	$c2:2034	002141	14490
라이즈 오브 더 로봇 (Rise of the Robots).smc	OK	2424	37.63	8.88	0	$c0:d8c8	000309	12487
라이트 판타지 (Light Fantasy).smc	OK	12288	85.98	0.24	0	$01:99ae	000f31	13276
라이트 판타지 2 (Light Fantasy II).smc	OK	1588	1.51	21.58	0	$b8:88fa	001f0f	13224
라플라스의 마 (Laplace no Ma).smc	OK	57032	92.25	1.09	0	$02:821e	000024	15244
란마 1_2 (Ranma 1-2).smc	OK	44475	24.31	8.76	0	$c0:04ae	010203	12996
란마 1_2 - 오의사암권 (Ranma 1-2 - Ougi Jaanken).smc	OK	55778	70.02	15.90	0	$00:8079	000324	13317
란마 1_2 - 정내격투편 (Ranma 1-2 - Chounai Gekitou Hen).smc	OK	47490	15.04	13.84	0	$1a:81f8	1a2140	12517
란마 1_2 - 주묘단적비보 (Ranma 1-2 - Akanekodan Teki Hihou).smc	OK	55319	70.26	5.19	0	$00:c568	000074	13482
란마 1_2 - 초기난무편 (Ranma 1-2 - Chougi Ranbu Hen).smc	OK	56003	61.01	6.81	0	$c4:0640	000f24	12462
란마 1_2 - 폭렬난투편 (Ranma 1-2 - Bakuretsu Rantou Hen).smc	OK	46336	21.41	6.33	0	$c0:04ae	010203	13121
란마 1_2 - 폭렬난투편 (Ranma 1-2 - Hard Battle).smc	OK	46336	27.29	4.78	0	$c0:0493	010203	12935
람보르기니 아메리칸 챌린지 (Lamborghini American Challenge).smc	OK	51276	38.84	8.23	0	$80:8d60	00007c	13449
래디컬 렉스 (Radical Rex).smc	BOOT_CRASH	-	-	-	-	-	-	
래리 닉슨의 슈퍼 배스 피싱 (Larry Nixon's Super Bass Fishing).smc	OK	53452	0.00	16.25	0	$d0:81f8	002140	12450
램파트 (Rampart).smc	OK	61184	68.00	0.08	0	$00:fa29	0008ac	13208
랩 잼 볼륨 원 (RapJam - Volume One).smc	BOOT_CRASH	-	-	-	-	-	-	
러브 퀘스트 (Love Quest).smc	OK	57257	0.00	2.72	0	$27:80a7	002140	9355
러싱 비트 (Rushing Beat).smc	UNRENDERED	0	0.00	46.57	0	$00:e2ee	004210	13679
러싱 비트 수라 (Rushing Beat Shura) (2).smc	OK	23449	0.00	7.93	0	$80:dc3a	804210	11558
러싱 비트 수라 (Rushing Beat Shura).smc	OK	23494	0.00	7.93	0	$80:dc3a	804210	11558
러싱비트 란 (Rushing Beat Ran - Fukusei Toshi).smc	UNRENDERED	0	0.00	84.77	0	$80:d743	854210	12639
러싱비트.smc	UNRENDERED	0	0.00	46.57	0	$00:e2ee	004210	13679
럭키 루크 (Lucky Luke).smc	OK	898	89.74	1.81	0	$82:98dc	000468	11331
런 세이버 (Run Saber).smc	OK	56440	0.00	96.58	0	$0c:f13a	014212	15316
레나스 - 고대기계의 기억 (Lennus - Kodai Kikai no Kioku).smc	OK	1700	90.09	0.50	0	$00:825d	00001b	15098
레나스 2 - 봉인의 사도 (Lennus II - Fuuin no Shito).smc	OK	54272	72.42	8.37	0	$00:a624	0000ce	14675
레드 옥토버 (Hunt for Red October, The).smc	OK	30552	75.96	0.00	0	$80:8063	81023b	11398
레드라인 F-1 레이서 (Redline F-1 Racer).smc	OK	57344	0.00	0.00	0	$02:8f50	002140	12259
레밍즈 (Lemmings).smc	OK	48564	28.83	9.91	0	$01:a201	000021	13713
레밍즈 2 - 더 트라이브 (Lemmings 2 - The Tribes).smc	OK	7270	83.45	1.58	0	$01:89e7	00004a	15198
레볼루션 X (Revolution X).smc	OK	30596	66.56	8.62	0	$80:83ac	00002f	13289
레스 아르카나 다이아나 레이 점치기의 미궁 (Res Arcana - Diana Ray - Uranai no Meikyuu).smc	BOOT_CRASH	-	-	-	-	-	-	
레스터 더 언라이클리 (Lester the Unlikely).smc	OK	55994	0.00	64.30	0	$ce:2028	004212	11835
레이디스토커 - 과거에서의 도전 (Lady Stalker - Kako kara no Chousen).smc	OK	53356	93.34	0.25	0	$c0:1ee0	000020	15286
레이스 드라이빈 (Race Drivin').smc	OK	44023	42.42	0.00	0	$00:f3b1	000201	11981
레이저 버디 - 겟 인 더 홀 (Get in the Hole).smc	OK	55443	97.67	0.00	0	$c1:7bb9	000ffc	16092
레전드 (Legend).smc	OK	11759	51.51	28.69	0	$80:80d9	000040	14364
레조이스 아레사 왕국의 저편 (Rejoice - Aretha Oukoku no Kanata).smc	BOOT_CRASH	-	-	-	-	-	-	
레트로 마리오 월드 슈퍼 마리오 브라더스.smc	OK	44122	82.32	1.65	0	$00:806d	000010	14769
렉스 로난 실험 외과의사 (Rex Ronan - Experimental Surgeon).smc	BOOT_CRASH	-	-	-	-	-	-	
렉킹 크루 '98 (Wrecking Crew '98).smc	UNRENDERED	0	21.53	8.30	0	$c0:0150	0003ff	14768
렌 앤 스팀피 쇼 - 부케로스! (Ren & Stimpy Show, The - Buckeroo$!).smc	OK	16606	46.05	0.07	0	$9f:ed2d	001c00	13426
렌과 스팀피 - 비디어츠! (Ren & Stimpy Show, The - Veediots!).smc	OK	50977	57.46	4.99	0	$00:8069	00150e	13185
렌과 스팀피 쇼 타임 워프 (Ren & Stimpy Show, The - Time Warp).smc	OK	13348	30.88	16.87	0	$80:e63c	800a92	12576
렌과 스팀피 쇼 파이어 독스 (Ren & Stimpy Show, The - Fire Dogs).smc	OK	58963	50.35	6.84	0	$82:8f1f	7e007d	12488
렌더링 레인저스 (Rendering Ranger R2).smc	UNRENDERED	0	0.00	100.00	0	$36:8537	362143	13236
렐름 (Realm).smc	OK	53853	48.59	13.15	0	$81:85ed	000000	14536
로고스 패닉 (Logos Panic Goaisatsu).smc	OK	57344	19.62	9.70	0	$81:93aa	800067	12432
로도스도 전기 (Lodoss-tou Senki).smc	OK	56664	51.22	6.64	0	$80:82bb	000021	13698
로드 라이엇 4WD (Road Riot 4WD).smc	OK	47265	56.02	3.68	0	$06:eb44	060350	12555
로드 러너 (Looney Tunes - Road Runner).smc	OK	49920	64.51	1.57	0	$80:8199	001ec1	12234
로드 러너 대 와일 E 코요테 (Looney Tunes - Road Runner vs Wile E. Coyote).smc	OK	49920	64.51	1.57	0	$80:8199	001ec1	12234
로드 러너 데스 밸리 랠리 (Road Runner's Death Valley Rally).smc	OK	49920	64.50	1.57	0	$80:8199	001ec1	12234
로드 러너 트윈 - 쥬스티와 리버티의 대모험 (Lode Runner Twin - Justy to Liberty no Daibouken).smc	OK	57344	0.00	66.25	0	$84:80d8	804212	13193
로드 모나크 (Lord Monarch).smc	OK	56940	38.39	9.91	0	$00:ee4a	000098	14783
로맨싱 사가 (Romancing Sa-Ga) (2).smc	BOOT_CRASH	-	-	-	-	-	-	
로맨싱 사가 (Romancing Sa-Ga).smc	BOOT_CRASH	-	-	-	-	-	-	
로맨싱 사가 2 (Romancing Sa-Ga 2) (3).smc	OK	515	0.00	0.00	0	$c4:00e6	002140	12301
로맨싱 사가 2 (Romancing Sa-Ga 2).smc	OK	515	0.00	0.00	0	$c4:00e6	002140	12301
로맨싱 사가 3 (Romancing Sa-Ga 3) (3).smc	OK	4291	88.93	0.00	0	$c5:f957	000605	14958
로맨싱 사가 3 (Romancing Sa-Ga 3).smc	OK	4291	88.93	0.00	0	$c5:f957	000605	14958
로보캅 3 (RoboCop 3).smc	OK	40977	0.00	25.19	36033	$00:fdf6	002140	5613
로보캅 대 터미네이터 (RoboCop Versus The Terminator).smc	UNRENDERED	0	38.95	12.96	0	$80:894b	800304	12347
로봇렉 (Robotrek).smc	OK	57108	0.00	56.89	0	$84:8009	004210	12208
로스트 바이킹 (Lost Vikings, The).smc	UNRENDERED	0	22.34	13.62	0	$80:8148	800334	12437
로스트 바이킹 2 (Lost Vikings 2).smc	OK	16203	22.07	15.93	0	$80:8132	80031c	12867
로열 컨퀘스트 (Royal Conquest).smc	OK	44248	20.88	0.00	0	$0e:c0f3	002140	13390
로저 클레멘스 MVP 베이스볼 (Roger Clemens' MVP Baseball).smc	OK	57344	78.07	0.00	0	$14:ae68	000001	13073
로켓티어 (Rocketeer, The).smc	OK	56726	38.46	0.51	0	$00:dbc5	000001	13920
로코의 모던 라이프 - 스펑키의 위험한 하루 (Rocko's Modern Life - Spunky's Dangerous Day).smc	OK	57344	75.05	1.75	0	$80:86b8	001d55	11960
로쿠데나시 블루스 - 대결!도쿄사천왕.smc	BOOT_CRASH	-	-	-	-	-	-	
로키 로던트 (Rocky Rodent).smc	OK	50154	0.00	0.15	0	$9a:8262	9d1f87	11251
로타어 마테우스 슈퍼 사커 (Lothar Matthaeus Super Soccer).smc	OK	1408	0.00	0.00	0	$81:86ed	812140	8411
록 앤 롤 레이싱 (Rock 'N Roll Racing).smc	BOOT_CRASH	-	-	-	-	-	-	
록 온 (Lock On).smc	OK	1826	49.93	1.50	0	$c3:66dc	000024	13220
록맨 & 포르테 (Rockman & Forte).smc	OK	57344	52.17	5.33	0	$c0:000d	8000d5	13388
록맨 &amp; 포르테 (Rockman &amp; Forte).smc	OK	57344	52.15	5.34	0	$c0:000d	8000d5	13381
록맨 7 (Mega Man 7).smc	OK	57344	32.17	9.29	0	$c0:00ab	8000d4	13358
록맨 7 - 숙명의 대결! (Rockman 7 - Shukumei no Taiketsu!).smc	OK	57344	32.20	9.30	0	$c0:00ab	8000d4	13357
록맨 X (Mega Man X).smc	OK	56592	71.23	2.89	0	$80:80a4	860b9d	13317
록맨 X (Rockman X).smc	UNRENDERED	0	73.43	1.69	0	$80:80a4	860b9d	13278
록맨 X2 (Rockman X2) (2).smc	BOOT_CRASH	-	-	-	-	-	-	
록맨 X2 (Rockman X2).smc	BOOT_CRASH	-	-	-	-	-	-	
록맨 X3 (Rockman X3) (2).smc	BOOT_CRASH	-	-	-	-	-	-	
록맨 X3 (Rockman X3).smc	BOOT_CRASH	-	-	-	-	-	-	
록맨7 - 숙명의 싸움!.smc	OK	57344	32.20	9.30	0	$c0:00ab	8000d4	13357
록맨7.smc	OK	57344	31.74	10.94	0	$c0:00ab	8000d4	13368
록맨X1.smc	UNRENDERED	0	73.43	1.69	0	$80:80a4	860b9d	13278
록맨즈 사커 (Rockman's Soccer).smc	UNRENDERED	0	45.47	12.69	0	$80:8c29	00003d	13149
록키와 불윙클과 친구들의 모험 (Adventures of Rocky and Bullwinkle and Friends, The).smc	UNRENDERED	0	30.17	0.00	0	$80:e897	800516	12125
론모어 맨 (Lawnmower Man, The).smc	BOOT_CRASH	-	-	-	-	-	-	
롭봄의 퀘스트 이지.smc	OK	41491	76.07	2.13	0	$00:806d	000010	14654
롭봄의 퀘스트 하드.smc	OK	41388	76.08	2.13	0	$00:806d	000010	14655
루니 툰 농구 (Looney Tunes B-Ball).smc	OK	54795	29.31	5.61	0	$83:f183	000009	13418
루드라의 비보 (Rudra no Hihou) (2).smc	OK	35563	82.84	0.03	0	$c0:04aa	00063b	15028
루드라의 비보 (Rudra no Hihou).smc	OK	36714	82.84	0.03	0	$c0:04a8	00063b	15028
루이지 어드벤처 파이널.smc	OK	44690	77.72	1.66	0	$00:806d	000010	14655
루이지의 전설.smc	OK	44710	78.19	1.66	0	$00:806d	000010	14663
루인 아머 (Ruin Arm).smc	OK	53454	0.00	2.04	0	$80:a84a	802140	12695
루팡 3세 - 전설의 비보를 쫓아라! (Lupin Sansei - Densetsu no Hihou o Oe!).smc	UNRENDERED	0	100.00	0.00	0	$8b:00c4	00d000	16244
루피아 (Lufia & the Fortress of Doom).smc	OK	49975	86.02	1.71	0	$00:a581	000039	13556
리딕 보우 복싱 (Riddick Bowe Boxing).smc	OK	13212	63.19	2.91	95	$88:ff96	811e06	13408
리딩 조키 (Leading Jockey).smc	OK	20480	0.00	82.65	0	$80:b4a0	804210	13045
리딩 조키 2 (Leading Jockey 2).smc	OK	20480	0.00	72.66	0	$80:b611	804210	13036
리딩 컴퍼니 (Leading Company).smc	OK	55266	78.89	1.21	0	$00:951a	000be0	13254
리버스 키즈 (Reverse Kids).smc	OK	10903	60.10	14.55	0	$80:8bf0	8008ea	13256
리버티 오어 데스 (Liberty or Death).smc	OK	57088	60.88	2.31	0	$c0:9f4c	000b62	12778
리블 라블 (Libble Rabble).smc	OK	36281	88.29	0.01	0	$81:cbdd	00002f	15272
리썰 웨폰 (Lethal Weapon).smc	OK	22521	5.34	22.93	11	$00:8b06	00002e	14768
리썰 인포서스 (Lethal Enforcers).smc	OK	37577	1.69	0.00	0	$80:8132	000055	13545
리턴 오브 더블드래곤.smc	BOOT_CRASH	-	-	-	-	-	-	
리틀 마스터 - 무지개빛 마석 (Little Master - Nijiiro no Maseki).smc	UNRENDERED	0	0.00	99.84	0	$2b:e1c8	002140	13234
리틀 매직 (Little Magic).smc	OK	6765	74.03	8.43	0	$01:83a9	000000	14994
릴리프 피처 (Relief Pitcher).smc	OK	51351	0.00	0.04	0	$80:ef06	002140	14679
링에 걸어라 (Ring ni Kakero).smc	OK	13541	0.00	0.97	0	$0a:839a	002141	12582
마그나 브라반 - 편력의 용사 (Magna Braban - Henreki no Yuusha).smc	BOOT_CRASH	-	-	-	-	-	-	
마더 2 (Mother 2 - Gyiyg no Gyakushuu).smc	OK	57344	83.43	2.70	0	$c0:8758	7e002b	13166
마도물어 - 하나마루 대유치원아 (Madou Monogatari - Hanamaru Daiyouchienji).smc	OK	53613	50.88	5.00	0	$00:8b94	000077	13980
마루코는 아홉살 - 목표! 남쪽 섬!! (Chibi Maruko-chan - Mezase! Minami no Island!!).smc	BOOT_CRASH	-	-	-	-	-	-	
마루코는 아홉살 - 의기양양 365일의 권 (Chibi Maruko-chan - Harikiri 365-nichi no Maki).smc	BOOT_CRASH	-	-	-	-	-	-	
마르코의 매직 풋볼 (Marko's Magic Football).smc	BOOT_CRASH	-	-	-	-	-	-	
마리오 레거시 0.1.smc	OK	44085	82.39	1.70	0	$00:806d	000010	14779
마리오 레거시 5.5.smc	OK	42348	80.37	1.64	0	$00:806d	000010	14760
마리오 레거시 6.0.smc	OK	42348	80.36	1.64	0	$00:806d	000010	14760
마리오 레거시 V0.05.smc	OK	44085	82.39	1.70	0	$00:806d	000010	14779
마리오 레전드 1 - 더 스펙트럴 룸.smc	OK	44947	76.87	2.16	0	$00:806d	000010	14649
마리오 레전드 1 - 엘리멘탈 퀘스트.smc	OK	44947	76.89	2.16	0	$00:806d	000010	14651
마리오 마스터 2.smc	OK	44710	77.68	1.65	0	$00:806d	000010	14666
마리오 앤 와리오 (Mario to Wario).smc	OK	54336	57.55	2.34	0	$00:cc5c	0000d2	12021
마리오 월드 X.smc	OK	41257	77.60	1.66	0	$00:806d	000010	14646
마리오 월드 슈퍼.smc	OK	44377	76.86	1.70	0	$00:806d	000010	14647
마리오 이즈 미싱! (Mario is Missing!).smc	OK	56899	59.46	9.31	0	$80:8255	000004	14410
마리오 카트 R1.1.smc	OK	57344	0.00	100.00	0	$81:fa15	007001	10211
마리오 타임 머신 (Mario's Time Machine).smc	OK	55598	56.49	3.49	0	$80:8284	000004	14403
마리오 페인트 (Mario Paint).smc	OK	56245	46.83	0.00	0	$01:e2eb	00016a	12098
마리오의 귀환.smc	OK	44603	82.45	1.70	0	$00:806d	000010	14767
마리오의 슈퍼 피크로스 (Mario no Super Picross).smc	OK	53747	55.33	11.87	0	$c0:0904	8000c9	11328
마리오의 어린 시절 - 글자와 함께 놀기 (Mario's Early Years - Fun with Letters).smc	OK	57005	0.00	52.63	0	$c0:c285	004212	11855
마리오의 어린 시절 - 숫자와 함께 놀기 (Mario's Early Years - Fun with Numbers).smc	OK	2128	62.77	1.11	0	$c0:826f	7e005a	11722
마리오의 어린 시절 - 유치원 놀이 (Mario's Early Years - Preschool Fun).smc	OK	57005	0.00	60.18	0	$c0:bd79	004212	11976
마리오의 헬 여행.smc	OK	44698	82.48	1.66	0	$00:806d	000010	14775
마멀레이드 보이 (Marmalade Boy).smc	UNRENDERED	0	3.27	10.45	0	$82:fde4	822140	12733
마벌러스 - 또 하나의 보물섬 (Marvelous - Mouhitotsu no Takara-jima).smc	BOOT_CRASH	-	-	-	-	-	-	
마법 포이 포이 포잇토! (Mahou Poi Poi Poitto!).smc	OK	57344	57.43	1.61	0	$80:8165	7e0228	12843
마법기사 레이어스 1 (Magic Knight Rayearth) (3).smc	UNRENDERED	0	75.73	0.47	0	$c0:0430	000499	13148
마법기사 레이어스 1 (Magic Knight Rayearth).smc	UNRENDERED	0	75.73	0.47	0	$c0:0430	000499	13148
마법의 타루루토군 - 매직 어드벤처 (Magical Taruruuto-kun - Magic Adventure).smc	OK	56893	74.26	0.00	0	$02:b7a7	000051	13274
마법진 구루구루 (Mahoujin Guruguru).smc	OK	56334	62.23	5.02	5552	$c3:8b4d	0019dd	14103
마법진 구루구루 2 (Mahoujin Guru Guru 2) (3).smc	OK	57154	3.94	9.92	12307	$c0:01f3	002141	11613
마법진 구루구루 2 (Mahoujin Guru Guru 2).smc	OK	57154	3.96	9.92	12307	$c0:01f3	002141	11612
마블 슈퍼 히어로즈 - 워 오브 더 젬스 (Marvel Super Heroes in War of the Gems).smc	OK	57344	47.66	22.28	11231	$80:d6c5	801ada	10413
마수왕 (Majuu Ou).smc	OK	56988	39.17	3.11	0	$80:c67d	000039	15118
마스크 (Mask, The).smc	OK	57344	39.36	1.67	0	$82:cd0d	000028	12800
마스터 마리오 브라더스 V4.2.smc	OK	44122	78.86	1.70	0	$00:806d	000010	14680
마신전생 (Majin Tensei).smc	OK	57344	22.43	18.70	0	$00:8171	001af2	11238
마신전생 2 - 스파이럴 네메시스 (Majin Tensei II - Spiral Nemesis).smc	OK	36864	59.18	9.93	0	$c0:01a7	00002f	14339
마우이 말라드 (Maui Mallard in Cold Shadow).smc	OK	44811	78.69	3.59	0	$00:81cb	000019	14518
마운틴 바이크 랠리 (Exertainment Mountain Bike Rally).smc	OK	26263	73.09	4.45	0	$87:857c	000054	15542
마이크로 머신즈 (Micro Machines).smc	OK	50738	30.93	33.18	0	$01:f722	0100f6	12721
마이크로 머신즈 2 터보 토너먼트 (Micro Machines 2 - Turbo Tournament).smc	OK	53202	60.00	0.01	0	$80:ed87	800776	12802
마이클 안드레티의 인디카 챌린지 (Michael Andretti's Indy Car Challenge).smc	UNRENDERED	0	0.00	100.00	0	$80:a9b8	807000	13236
마이클 조던 카오스 인 더 윈디 시티 (Michael Jordan - Chaos in the Windy City).smc	OK	42203	56.79	0.43	0	$c1:9331	7e151c	11885
마이트 앤 매직 2 이세계로의 문 (Might and Magic - Book II).smc	OK	21504	4.05	4.33	0	$1d:81f8	1d2140	13862
마이트 앤 매직 3 아일즈 오브 테라 (Might and Magic III - Isles of Terra).smc	OK	2668	5.55	35.90	0	$2c:9e9d	002141	13763
마이티 맥스 (Mighty Max).smc	OK	55552	4.55	61.34	0	$81:ba24	824212	13315
마이티 모핀 파워 레인저 - 파이팅 에디션 (Mighty Morphin Power Rangers - The Fighting Edition).smc	OK	13504	57.73	12.22	0	$00:80aa	00000f	12919
마이티 모핀 파워레인저 (Mighty Morphin Power Rangers).smc	OK	1169	61.24	10.15	0	$00:839e	000002	13566
마이티 모핀 파워레인저 - 더 무비 (Mighty Morphin Power Rangers - The Movie).smc	UNRENDERED	0	44.27	20.45	0	$00:82d5	000011	13264
마작 대회 2 (Mahjong Taikai II).smc	OK	56627	9.70	4.36	47901	$00:81ac	00004e	2390
마작 번성기 (Mahjong Hanjouki).smc	OK	53186	66.91	4.40	0	$00:81af	0004a7	14825
마작 오공 천축 (Mahjong Gokuu Tenjiku).smc	OK	57278	17.99	0.91	53972	$00:81a3	000049	1244
마작 전국 모노가타리 (Mahjong Sengoku Monogatari).smc	OK	24361	33.62	0.37	0	$80:81f5	7f0003	10704
마장기신 - 더 로드 오브 엘레멘탈 (Super Robot Taisen Gaiden - Masoukishin - The Lord of Elemental).smc	UNRENDERED	0	0.00	100.00	0	$00:8e20	002140	13236
마징가 Z (Mazinger Z).smc	OK	48371	4.51	7.10	0	$03:8655	002140	14835
마천전설 전율의 오파츠 (Maten Densetsu - Senritsu no Ooparts).smc	OK	22811	10.40	0.45	0	$c0:5b29	00000d	11586
마츠무라 쿠니 히로덴 - 최강의 역사를 다시 칠하라! (Matsumura Kunihiro Den - Saikyou no Rekishi o Nurikaero!).smc	OK	49190	24.42	10.39	0	$80:90b0	00004b	13653
마츠카타 히로키의 슈퍼 트롤링 (Matsukata Hiroki no Super Trolling).smc	OK	46021	65.35	8.81	0	$80:8702	800018	13029
마카마카 (Maka Maka).smc	OK	46175	58.84	21.75	0	$01:9590	000023	14620
마케루나! 마켄도우 (Makeruna! Makendou).smc	BOOT_CRASH	-	-	-	-	-	-	
마케루나! 마켄도우 2 (Makeruna! Makendou 2 - Kimero! Youkai Souridaijin).smc	UNRENDERED	0	62.10	11.15	0	$00:8492	000000	13235
마크 데이비스의 피싱 마스터 (Mark Davis' The Fishing Master).smc	OK	47154	0.00	5.20	0	$c0:0db2	002140	12921
막말강림전 ONI (Bakumatsu Kourinden Oni).smc	OK	54687	71.56	7.78	0	$c0:bfae	0011fd	11481
매든 NFL '95 (Madden NFL 95).smc	OK	57344	5.12	8.05	18164	$c1:1dec	002143	8367
매든 NFL 96 (Madden NFL 96).smc	OK	57344	0.00	6.20	49403	$c8:5efb	002141	2106
매든 NFL 97 (Madden NFL 97).smc	OK	57301	18.75	11.59	13003	$cd:6355	002143	9653
매든 NFL 98 (Madden NFL 98).smc	OK	28244	5.02	16.20	42086	$cd:93d9	002143	3707
매스 블래스터 에피소드 1 (Math Blaster - Episode 1).smc	OK	53742	55.42	22.24	0	$80:8f25	000062	14390
매지컬 드롭 (Magical Drop).smc	OK	57344	44.29	7.92	0	$80:1504	000072	13866
매지컬 드롭 2 (Magical Drop 2).smc	OK	57344	32.74	9.74	0	$c0:c451	000049	14072
매지컬 파픈 (Magical Pop'n).smc	UNRENDERED	0	0.00	39.50	0	$00:b73d	004212	13825
매지컬팝픈.smc	UNRENDERED	0	0.00	39.50	0	$00:b73d	004212	13825
매직 보이 (Magic Boy).smc	BOOT_CRASH	-	-	-	-	-	-	
매직 소드 (Magic Sword).smc	OK	49190	65.53	6.56	0	$00:826f	001242	13062
매직 존슨의 슈퍼 슬램 덩크 (Magic Johnson no Super Slam Dunk).smc	BOOT_CRASH	-	-	-	-	-	-	
매직 존슨의 슈퍼 슬램 덩크 (Super Slam Dunk).smc	BOOT_CRASH	-	-	-	-	-	-	
맨체스터 유나이티드 챔피언십 사커 (Manchester United Championship Soccer).smc	OK	1408	0.00	0.00	0	$81:86ed	812140	8411
머나먼 오거스타 2 - 마스터즈 (Harukanaru Augusta 2 - Masters).smc	OK	55236	7.35	0.00	0	$80:d595	001c52	13164
머나먼 오거스타 3 - 마스터즈 뉴 (Harukanaru Augusta 3 - Masters New).smc	BOOT_CRASH	-	-	-	-	-	-	
머슬 봄버 - 더 바디 익스플로전 (Muscle Bomber - the body explosion).smc	OK	47104	0.00	19.96	27074	$c0:0d39	802140	7654
멀티 플레이 발리볼 (Multi Play Volleyball).smc	OK	47774	38.85	0.28	0	$00:85fb	00026d	13582
메가 로 매니아 (Mega-lo-Mania).smc	OK	1782	100.00	0.00	0	$02:803d	001ffa	16244
메가로 매니아 시공대전략 (Mega lo Mania - Jikuu Daisenryaku).smc	OK	33600	64.72	2.27	0	$00:8398	00002d	13708
메르헨 어드벤처 코튼 100% (Maerchen Adventure Cotton 100%).smc	OK	52267	0.00	28.54	0	$28:81fd	a82140	10933
메리 셸리의 프랑켄슈타인 (Mary Shelley's Frankenstein).smc	OK	57337	2.29	8.15	0	$b6:c791	80040b	16858
메이저 타이틀 (Major Title).smc	OK	57344	0.00	3.57	0	$04:b2f5	140207	10920
메카로봇 골프 (Mecarobot Golf).smc	OK	61184	59.20	8.82	0	$00:a092	000013	12959
메크워리어 (MechWarrior).smc	OK	44722	42.25	1.31	0	$80:f2a5	001f36	11401
메탈 마린즈 (Metal Marines).smc	OK	30051	70.60	3.58	0	$00:80db	000001	14929
메탈 맥스 2 (Metal Max 2).smc	OK	8544	51.36	21.89	0	$01:1d44	000058	14393
메탈 맥스 리턴즈 (Metal Max Returns).smc	OK	56832	0.00	8.79	0	$ba:83f4	ba2140	11409
메탈 모프 (Metal Morph).smc	UNRENDERED	0	24.25	11.95	0	$80:c8c9	800185	12533
메탈 슬레이더 글로리 디렉터스 컷 (Metal Slader Glory - Director's Cut).smc	BOOT_CRASH	-	-	-	-	-	-	
메탈 워리어즈 (Metal Warriors).smc	OK	6281	39.94	24.23	37665	$80:de51	832143	4525
메탈 컴뱃 팰컨스 리벤지 (Metal Combat - Falcon's Revenge).smc	BOOT_CRASH	-	-	-	-	-	-	
메트로이드 1 섀도 스트라이커.smc	OK	14997	70.49	2.12	0	$00:806d	000010	14768
멜판드 스토리즈 (Melfand Stories) (2).smc	OK	43520	46.32	6.24	0	$80:80c8	00000a	14135
멜판드 스토리즈 (Melfand Stories).smc	OK	43520	46.32	6.24	0	$80:80c8	00000a	14135
모노폴리 (Monopoly).smc	OK	41728	0.00	0.00	50038	$00:fdb3	002140	2002
모노폴리 2 (Monopoly Game 2, The).smc	OK	57344	59.69	2.39	0	$81:80c5	000000	14752
모령전기 마다라 2 (Mouryou Senki Madara 2).smc	UNRENDERED	0	0.45	1.23	0	$00:a0bd	1f2140	11500
모모타로 전철 해피 (Momotarou Dentetsu Happy).smc	OK	311	0.00	98.81	0	$cf:111c	004218	15024
모탈 컴뱃 (Mortal Kombat).smc	OK	8981	3.20	0.00	0	$98:a0e6	002140	11678
모탈 컴뱃 2 (Mortal Kombat II).smc	OK	55040	0.00	48.73	15	$83:b871	004212	12689
모탈 컴뱃 2 궁극신권 (Mortal Kombat II - Kyuukyoku Shinken).smc	OK	55040	0.00	48.16	16	$83:b87b	004212	12697
모탈 컴뱃 3 (Mortal Kombat 3).smc	OK	36500	0.00	10.47	0	$83:be07	802140	13559
모탈컴뱃 (Mortal Kombat - Shinken Kourin Densetsu).smc	OK	57344	18.56	4.14	0	$a4:c92a	000103	12192
모테케 오! 도로보우 (Motteke Oh! Dorobou).smc	OK	57335	47.64	15.88	0	$c0:2af4	000049	14295
모토코짱의 원더 키친 (Motoko-chan no Wonder Kitchen).smc	OK	57199	65.48	3.01	0	$00:852f	0000a8	14674
모호크 앤 헤드폰 잭 (Mohawk & Headphone Jack).smc	OK	53872	26.60	6.24	0	$b7:fd63	000074	12933
목장 이야기 (Bokujou Monogatari).smc	OK	57344	66.58	7.99	0	$80:8656	000000	14795
몬스타니아 (Monstania).smc	OK	52715	68.81	0.00	0	$c0:71d9	000900	14875
몬스터 메이커 3 - 빛의 마술사 (Monster Maker III - Hikari no Majutsushi).smc	OK	40914	82.55	3.42	0	$00:8410	7e0000	11639
몬스터 메이커 키즈 - 왕이 되고 싶어 (Monster Maker Kids - Ousama ni Naritai).smc	BOOT_CRASH	-	-	-	-	-	-	
무사 성룡전 - 두 사람의 용사 (Bushi Seiryuuden - Futari no Yuusha).smc	OK	57344	0.00	51.92	0	$80:86cc	004211	11234
무샤 (Musya - The Classic Japanese Tale of Horror).smc	OK	2225	92.63	0.32	0	$00:d4c8	000360	13247
무인도 이야기 (Mujintou Monogatari).smc	BOOT_CRASH	-	-	-	-	-	-	
무적 파워레인저 - 더 무비.smc	UNRENDERED	0	44.47	20.44	0	$00:82d5	000011	13267
문명 (Sid Meier's Civilization).smc	OK	56708	64.68	11.33	0	$c0:00f6	000000	13023
뮤츠의 슈퍼 마리오 월드 v0.51.smc	OK	44698	82.48	1.66	0	$00:806d	000010	14775
미녀와 야수 (Beauty and the Beast).smc	OK	36889	37.92	10.28	0	$80:8210	800007	12368
미녀와 야수.smc	OK	36890	37.89	10.41	0	$80:8210	800007	12370
미니욘쿠 렛츠 앤 고!! - 파워 WGP 2 (Mini Yonku Let's & Go!! - Power WGP 2).smc	OK	57344	55.33	4.07	0	$c0:01c1	80010a	11843
미라클 걸스 (Miracle Girls - Tomomi to Mikage no Fushigi Sekai no Daibouken).smc	OK	43077	78.33	1.29	0	$c0:0063	000040	15160
미라클 카지노 파라다이스 (Miracle Casino Paradise).smc	OK	52534	0.00	3.09	0	$04:8e65	042140	10214
미라클 피아노 티칭 시스템 (Miracle Piano Teaching System, The).smc	OK	25	98.29	0.00	0	$00:86b5	000020	15491
미라클걸즈(요술소녀).smc	OK	43077	78.33	1.29	0	$c0:0063	000040	15160
미소녀 레슬러 열전 - 블리자드 유키 난입!! (Bishoujo Wrestler Retsuden - Blizzard Yuki Rannyuu!!).smc	OK	56828	0.00	5.08	0	$9c:831b	002140	12199
미소녀 마작사 스치파이 (Bishoujo Janshi Suchie-Pai).smc	OK	57344	0.00	86.34	0	$80:863d	804210	12902
미소녀 전사 세일러 문 (Bishoujo Senshi Sailor Moon).smc	OK	57344	80.04	0.01	0	$81:b74b	00002f	14533
미소녀전사 세일러문 S - 장외난투! 주역쟁탈전 (Bishoujo Senshi Sailor Moon S - Jougai Rantou! Shuyaku Soudatsusen).smc	UNRENDERED	0	60.87	1.25	0	$80:838e	00006c	14100
미소녀전사 세일러문 S - 쿠루쿠루린 (Bishoujo Senshi Sailor Moon S - Kurukkurin).smc	OK	57344	56.40	0.68	0	$00:8290	00007c	14965
미소녀전사 세일러문 S - 후와후와 패닉 2 + ST 바이오스.smc	OK	57344	44.78	3.48	0	$a0:845d	00009e	13427
미소녀전사 세일러문 슈퍼S - 전원 참가!! 주역쟁탈전 (Bishoujo Senshi Sailor Moon SuperS - Zenin Sanka!! Shuyaku Soudatsusen).smc	OK	57088	75.14	3.40	0	$80:8362	00006c	14340
미소녀전사 세일러문 슈퍼S - 후와후와 패닉 (Bishoujo Senshi Sailor Moon SuperS - Fuwafuwa Panic).smc	OK	52774	44.12	9.01	0	$80:83ac	000053	13111
미소녀전사 세일러문.smc	OK	57344	80.04	0.01	0	$81:b74b	00002f	14533
미소녀전사 세일러문R (Bishoujo Senshi Sailor Moon R).smc	OK	57344	65.40	2.71	0	$80:cbf6	00002f	14453
미소녀전사 세일러문R.smc	OK	57344	65.40	2.71	0	$80:cbf6	00002f	14453
미소녀전사 세일러문S - 이번엔 퍼즐로 혼내주겠어!.smc	OK	56080	61.79	11.34	0	$00:8048	0000a8	14490
미스터 누츠 (Mr. Nutz).smc	OK	4550	28.74	12.32	201	$9c:f833	000036	13015
미스터 터프.smc	OK	51293	64.20	6.53	0	$80:8bbc	7eecc7	11529
미스터리 서클 (Mystery Circle).smc	OK	8430	39.86	0.00	55817	$00:ee44	192140	735
미스틱 퀘스트 레전드 (Mystic Quest Legend).smc	OK	28952	95.66	0.02	371	$00:96ab	0000d8	14711
미스틱아크 (Mystic Ark).smc	OK	16046	63.96	3.32	0	$c0:f24e	00004e	14260
미식전대 바라야로 (Gourmet Sentai Barayarou) (2).smc	UNRENDERED	0	77.16	1.03	0	$00:8814	00012f	13438
미식전대 바라야로 (Gourmet Sentai Barayarou).smc	UNRENDERED	0	77.16	1.03	0	$00:8814	00012f	13438
미야지 사장의 파친코 팬 - 승리 선언 2 (Miyaji Shachou no Pachinko Fan - Shouri Sengen 2).smc	OK	21419	0.95	2.14	0	$98:831d	002140	10354
미즈키 시게루의 요괴 백귀야행 (Mizuki Shigeru no Youkai Hyakkiyakou).smc	OK	22507	47.35	3.08	0	$80:8272	7f0003	11710
미키 매니아 - 미키 마우스의 시대를 초월한 모험 (Mickey Mania - The Timeless Adventures of Mickey Mouse).smc	UNRENDERED	0	46.04	20.94	0	$be:b4ee	000068	13426
미키와 도널드 매지컬 어드벤처 3 (Mickey to Donald - Magical Adventure 3).smc	OK	1823	31.57	0.58	0	$80:97df	000067	14563
미키와 미니 매지컬 어드벤처 2 (Mickey to Minnie - Magical Adventure 2).smc	OK	53760	0.00	8.51	0	$c0:4cef	802140	16419
미키와 미니의 위대한 서커스 미스터리 (Great Circus Mystery Starring Mickey & Minnie, The).smc	OK	53760	0.00	8.59	0	$c0:4cc3	802140	16444
미키의 도쿄 디즈니랜드 대모험 (Mickey no Tokyo Disneyland Daibouken).smc	OK	57344	66.42	8.54	0	$80:826f	800890	13000
미키의 매지컬 어드밴쳐 (Mickey no Magical Adventure).smc	UNRENDERED	0	0.00	0.00	0	$01:a853	002140	12066
미키의 매지컬 어드벤쳐 (Magical Quest Starring Mickey Mouse, The).smc	UNRENDERED	0	0.00	0.00	0	$01:a857	002140	13299
미키의 얼티밋 챌린지 (Mickey's Ultimate Challenge).smc	OK	51490	4.55	21.22	50253	$1e:c372	002140	2065
미키의 플레이타운 어드벤처 발견의 날! (Mickey's Playtown Adventure - A Day of Discovery!).smc	UNRENDERED	0	0.00	78.05	0	$c8:01e3	004212	11566
밀란드라 (Milandra).smc	OK	57330	45.71	10.97	0	$81:80dc	810000	12916
밀리샤 (Militia).smc	OK	29929	70.53	3.51	0	$00:80db	000001	14930
바나나 인 파자마 (Bananas de Pijamas).smc	BOOT_CRASH	-	-	-	-	-	-	
바다낚시 명인 스즈키편 (Umizuri Meijin - Suzuki Hen).smc	OK	57344	0.00	4.61	0	$80:f278	802143	14875
바다의 능자 낚시 (Umi no Nushi Tsuri).smc	OK	56780	85.77	3.36	0	$80:8f4b	00023e	13114
바둑 클럽 (Igo Club).smc	OK	57344	0.00	0.00	0	$00:9281	002140	16950
바람돌이 소닉 (Sonic The Hedgehog).smc	OK	40390	48.45	0.20	0	$80:c456	000092	13626
바바로사 (Barbarossa).smc	OK	57088	85.11	1.08	0	$01:ba42	000063	14796
바비 베케이션 어드벤처.smc	UNRENDERED	0	16.46	1.24	0	$00:8707	0105e7	11996
바비 슈퍼 모델 (Barbie Super Model).smc	OK	57088	51.69	0.00	0	$00:8146	000018	13539
바비의 세계 (Bobby's World).smc	UNRENDERED	0	56.43	0.33	0	$80:805d	8102ce	11416
바스타드!! 암흑의 파괴신 (Bastard!! - Ankoku no Hakaishin).smc	OK	57344	48.87	10.23	0	$aa:81fd	aa2140	14601
바운티 소드 (Bounty Sword).smc	OK	57344	0.00	8.63	0	$c2:f35e	002140	12235
바이오 메탈 (BioMetal).smc	OK	39250	63.91	0.00	0	$00:822e	00031b	13187
바이커 마이스 프롬 마스 (Biker Mice from Mars).smc	BOOT_CRASH	-	-	-	-	-	-	
바이킹의 대실례 (Viking no Daimeiwaku).smc	UNRENDERED	0	24.26	12.31	0	$80:8148	800336	12419
바주카 블리츠크리그.smc	OK	13213	76.14	0.16	0	$80:8150	000092	14995
바쿠토 도체스 (Bakutou Dochers - Bumps-jima wa Oosawagi).smc	OK	17419	26.50	6.30	0	$81:83c3	811101	13051
바클리 샷 업 앤 잼! (Barkley Shut Up and Jam!).smc	OK	52137	20.58	12.02	27740	$80:971f	81077d	6175
바클리 파워 덩크 (Barkley no Power Dunk).smc	OK	52913	21.35	12.47	28880	$80:9737	81077d	5952
바하무트 라군 (Bahamut Lagoon).smc	OK	57060	37.69	1.97	0	$d5:80b4	00003a	13192
반성 원숭이 지로군의 대모험 (Hansei Zaru Jiro-kun no Daibouken).smc	OK	18451	72.72	1.07	0	$00:8064	001fff	15077
반숙 영웅 - 아아 세계여 반숙이 되어라 (Hanjuku Hero - Ah, Sekai yo Hanjuku Nare...!!).smc	OK	45142	84.06	9.95	0	$04:9399	040934	14750
발 디제르 챔피언십 (Val d'Isere Championship).smc	OK	56035	32.37	21.99	0	$80:a31f	004212	13239
발리볼 트윈 (Volleyball Twin).smc	UNRENDERED	0	0.00	100.00	0	$00:b506	002141	11528
방과 후 in 벳핀 여학원 (Houkago in Beppin Jogakuin).smc	OK	57088	81.43	2.28	0	$00:81e4	000071	15105
방향키 테스트 (Controller Test Cassette).smc	OK	16379	91.13	0.00	0	$00:8a8f	000010	13215
배신스 블랙 배스 (Bassin's Black Bass).smc	BOOT_CRASH	-	-	-	-	-	-	
배트맨 - 조커의 복수 (Batman - Revenge of the Joker).smc	UNRENDERED	0	0.00	100.00	0	$00:8021	002140	13236
배트맨 리턴즈 (Batman Returns) (2).smc	OK	56471	0.00	3.38	0	$80:a3da	812140	12690
배트맨 리턴즈 (Batman Returns).smc	OK	56498	0.00	3.39	0	$80:a3da	812140	12688
배트맨 포에버 (Batman Forever).smc	OK	36725	37.04	10.40	0	$a9:ae7d	a60200	13732
배트맨과 로빈의 모험 (Adventures of Batman & Robin, The).smc	OK	55293	0.00	0.00	0	-	-	12353
배틀 그랑프리 (Battle Grand Prix).smc	UNRENDERED	0	0.00	0.00	0	$01:82a6	012140	12601
배틀 닷지볼 2 (Battle Dodge Ball II).smc	OK	26361	80.77	3.38	0	$c0:0711	000045	13226
배틀 도지볼 (Battle Dodge Ball).smc	OK	55018	0.00	0.00	29873	$00:8a46	002140	5841
배틀 레이서스 (Battle Racers).smc	UNRENDERED	0	3.86	82.55	0	$80:d30c	807000	12475
배틀 로봇 열전 (Battle Robot Retsuden).smc	OK	50310	0.00	7.68	0	$81:8b29	802140	13208
배틀 마스터 궁극의 전사들 (Battle Master - Kyuukyoku no Senshi-tachi).smc	OK	48154	43.63	0.74	0	$00:811f	000003	14830
배틀 블레이즈 (Battle Blaze).smc	BOOT_CRASH	-	-	-	-	-	-	
배틀 사커 2 (Battle Soccer 2).smc	UNRENDERED	0	76.77	0.00	0	$c0:843d	7e2021	12969
배틀 사커 필드의 패자 (Battle Soccer - Field no Hasha).smc	OK	886	60.02	34.37	0	$c1:07b5	00185f	14442
배틀 서브마린 (Battle Submarine).smc	OK	39580	24.68	12.26	0	$80:e137	002140	14693
배틀 제크전 (Battle Zeque Den).smc	OK	44968	30.79	20.53	0	$83:c9c8	002141	12797
배틀 조키 (Battle Jockey).smc	OK	56402	48.13	8.54	0	$c0:0c3d	000051	13152
배틀 카스 (Battle Cars).smc	OK	47429	52.00	3.37	0	$80:845b	00003c	13837
배틀 커맨더 팔부주 수라의 병법 (Battle Commander - Hachibushuu, Shura no Heihou).smc	OK	57344	41.06	0.01	0	$00:82ae	000056	13822
배틀 크로스 (Battle Cross).smc	UNRENDERED	0	3.04	0.30	0	$9a:858c	002140	11279
배틀 클래시 (Battle Clash).smc	OK	54842	82.35	0.83	0	$80:8486	0000f2	14770
배틀 타이쿤 (Battle Tycoon - Flash Hiders SFX).smc	OK	55296	33.21	10.95	0	$c0:02ba	000173	12297
배틀 핀볼 (Battle Pinball).smc	UNRENDERED	0	43.80	35.10	0	$80:847a	800290	13247
배틀테크 (BattleTech).smc	OK	44723	43.66	1.31	0	$80:f456	001f2a	11445
배틀테크 3050 (BattleTech 3050).smc	UNRENDERED	0	42.20	6.83	0	$d3:d77b	000073	13020
배틀토드 & 더블 드래곤 (Battletoads-Double Dragon).smc	BOOT_CRASH	-	-	-	-	-	-	
배틀토즈 인 배틀매니악 (Battletoads in Battlemaniacs).smc	OK	44298	0.28	21.31	28609	$9d:81c0	000004	6762
백설공주 해피 에버 애프터 (Snow White in Happily Ever After).smc	OK	54043	46.87	5.35	0	$00:8207	001bfc	13160
백열 프로야구 '93 - 간바 리그 (Hakunetsu Pro Yakyuu '93 - Ganba League).smc	UNRENDERED	0	0.00	9.32	0	$02:85a5	030100	12822
백열 프로야구 '94 - 간바 리그 3 (Hakunetsu Pro Yakyuu '94 - Ganba League 3).smc	OK	56937	0.00	11.15	0	$98:82b3	982140	12846
백열 프로야구 - 간바 리그 (Hakunetsu Pro Yakyuu - Ganba League).smc	UNRENDERED	0	86.56	2.10	0	$00:826b	000100	13258
버브시 2 (Bubsy II).smc	OK	47337	64.07	8.81	0	$c0:b0c0	7e2cf7	11802
버스트 어 무브 (Bust-A-Move).smc	OK	57304	0.00	63.30	0	$85:824c	854210	12699
버스트 엠 업 0.9.smc	OK	57304	0.00	63.32	0	$85:824c	854210	12702
버추얼 바트 (Virtual Bart).smc	OK	51726	29.39	18.72	0	$80:942e	800863	12166
버추얼 사커 (Virtual Soccer).smc	UNRENDERED	0	24.00	0.01	0	$80:8aed	000047	13179
버추얼 워즈 (Virtual Wars).smc	BOOT_CRASH	-	-	-	-	-	-	
벅스 버니 - 래빗 램페이지 (Bugs Bunny - Rabbit Rampage).smc	OK	57344	84.27	2.05	0	$80:f0a8	000095	13256
벅스 버니 - 엉뚱한 대모험 (Bugs Bunny - Hachamecha Daibouken).smc	OK	57344	65.64	4.40	0	$80:f0cb	000095	13453
벅스버니 - 엉망진창 대모험.smc	OK	57344	65.61	4.40	0	$80:f0cb	000095	13450
벅시 인 클로즈 인카운터스 오브 더 퍼드 카인드 (Bubsy in - Claws Encounters of the Furred Kind).smc	OK	4239	1.52	53.07	0	$80:f5f5	004212	13412
법시 산고양이의 대모험.smc	OK	2759	0.25	59.12	0	$80:f6b5	004212	13410
법시II.smc	OK	47337	64.04	8.81	0	$c0:b0c0	7e2cf7	11802
베가스 스테이크 (Vegas Stakes).smc	BOOT_CRASH	-	-	-	-	-	-	
베른 월드 (Verne World).smc	OK	57344	36.36	4.36	0	$80:860b	000098	14065
베스 마스터즈 클래식 (Bass Masters Classic).smc	OK	42944	82.47	0.09	0	$80:8132	7e404b	11871
베스트 샷 프로 골프 (Best Shot Pro Golf).smc	OK	20561	0.00	0.00	0	$c0:8a04	0013e3	13074
베스트 오브 더 베스트 챔피언십 가라테 (Best of the Best - Championship Karate).smc	OK	2358	57.39	0.17	0	$00:b8a6	000072	15680
베이스 마스터 클래식 프로 에디션 (Bass Masters Classic - Pro Edition).smc	OK	44013	48.28	10.09	0	$80:8197	7e2045	11592
베토벤 2 (Beethoven - The Ultimate Canine Caper!).smc	UNRENDERED	0	55.82	0.00	0	$81:e866	81023b	11460
벤케이 외전 - 모래의 장 (Benkei Gaiden - Suna no Shou).smc	OK	25439	82.29	2.27	0	$00:8f4f	000074	14617
변변치 않은 블루스 - 대결! 도쿄 사천왕 (Rokudenashi Blues - Taiketsu! Tokyo Shitennou).smc	BOOT_CRASH	-	-	-	-	-	-	
변태의 전설 V050.smc	OK	39049	37.32	0.04	0	$00:8036	000012	13316
별의 카비 - 슈퍼디럭스 (Hoshi no Kirby Super Deluxe).smc	BOOT_CRASH	-	-	-	-	-	-	
별의 카비3.smc	BOOT_CRASH	-	-	-	-	-	-	
복싱 레전즈 오브 더 링 (Boxing Legends of the Ring).smc	OK	41687	67.43	0.02	0	$80:b4b9	800683	12130
본가 산쿄 피버.smc	OK	57344	56.85	3.47	0	$80:b8fc	7e0237	12365
본가 산쿄 피버2.smc	OK	52162	49.87	6.50	0	$80:9be2	7e07c9	12399
본가 산쿄 피버3.smc	OK	52225	61.88	0.62	0	$80:9be4	7e0ba3	12304
본격 마작 - 철만 (Honkaku Mahjong - Tetsuman).smc	OK	56642	85.29	1.10	0	$00:88d1	000217	11563
본격 마작 - 철만 2 (Honkaku Mahjong - Tetsuman II).smc	BOOT_CRASH	-	-	-	-	-	-	
본격 쇼기 - 풍운지 류오 (Honkaku Shougi - Fuuunji Ryuuou).smc	OK	22033	94.17	0.00	0	$80:80fa	7e0244	13183
본격파 바둑 - 호세이 (Honkakuha Igo - Gosei).smc	OK	56956	82.44	0.05	0	$c0:0119	00003d	13042
본커스 (Bonkers).smc	OK	57344	52.11	1.92	0	$80:8fed	000094	14139
본커스 - 헐리우드 대작전!.smc	OK	57344	51.05	1.93	0	$80:8fef	000094	14122
볼 불렛 건 (Ball Bullet Gun Survival Game Simulation).smc	OK	57344	63.13	8.50	0	$80:a7e3	000047	14135
볼 불릿 건 (Ball Bullet Gun).smc	OK	57344	63.13	8.50	0	$80:a7e3	000047	14135
볼즈 3D (Ballz 3D - Fighting at Its Ballziest).smc	OK	57342	0.00	0.34	0	$c0:000c	004212	11622
볼텍스 (Vortex).smc	BOOT_CRASH	-	-	-	-	-	-	
봄버맨 비다맨 (Bomberman B-Daman).smc	OK	6331	61.14	0.96	0	$80:8201	80113f	13335
봄버즐 (Bombuzal).smc	OK	47255	76.96	2.72	0	$00:8906	00023c	13635
부거맨 - 어 픽 앤 플릭 어드벤처 (Boogerman - A Pick and Flick Adventure).smc	UNRENDERED	0	49.50	7.14	0	$c0:0067	000201	11999
부거맨.smc	UNRENDERED	0	49.51	7.14	0	$c0:0067	000201	11998
부라이 - 팔옥의 용사 전설 (Burai - Hachigyoku no Yuushi Densetsu).smc	UNRENDERED	0	97.43	0.00	0	$00:9acc	000091	15474
북두의 권 5 - 천마유성전 애절장 (Hokuto no Ken 5 - Tenma Ryuuseiden Ai Zetsu Shou).smc	OK	59	91.01	0.03	0	$03:b2f2	000280	13298
북두의 권 6 - 격투전승권 - 패왕으로의 길 (Hokuto no Ken 6 - Gekitou Denshouken Haou e no Michi).smc	OK	12431	28.58	5.39	0	$00:c70a	05060d	13780
북두의 권 7 - 성권열전 - 전승자로의 길 (Hokuto no Ken 7 - Seiken Retsuden Denshousha e no Michi).smc	OK	28436	58.08	12.76	0	$80:8f37	00003b	14138
불사조의 부활 (Rise of the Phoenix).smc	OK	57344	83.01	1.95	0	$c0:9fbe	000b62	13087
불스 vs 블레이저스 앤 더 NBA 플레이오프 (Bulls vs Blazers and the NBA Playoffs).smc	UNRENDERED	0	73.85	4.41	0	$86:a5d3	000000	13626
브랜디쉬 (Brandish) (2).smc	OK	17591	0.00	3.66	0	$d4:0e90	002140	12881
브랜디쉬 (Brandish).smc	OK	17827	0.00	5.69	0	$d4:0e90	002140	13041
브랜디쉬 2 - 더 플래닛 버스터 (Brandish 2 - The Planet Buster).smc	OK	16309	0.00	2.53	0	$e9:0cd8	002140	12391
브랜디쉬 2 - 엑스퍼트 (Brandish 2 - Expert).smc	OK	15276	0.00	2.47	0	$e9:0cd4	002140	12557
브램 스토커의 드라큘라 (Bram Stoker's Dracula).smc	BOOT_CRASH	-	-	-	-	-	-	
브런즈윅 월드 토너먼트 오브 챔피언스 (Brunswick World - Tournament of Champions).smc	OK	57000	0.00	9.52	0	$c5:ec92	000008	14677
브레스 오브 파이어 (Breath of Fire).smc	OK	55720	0.00	2.93	0	$8a:dd63	812140	16359
브레스 오브 파이어 - 용의 전사 (Breath of Fire - Ryuu no Senshi).smc	OK	55720	0.00	0.99	0	$8a:dda6	812140	15958
브레스 오브 파이어 2 (Breath of Fire 2).smc	UNRENDERED	0	0.00	4.06	0	$c0:a339	812140	16726
브레스 오브 파이어 2 - 사명의 아이 (Breath of Fire II - Shimei no Ko).smc	OK	85	0.00	4.16	0	$c0:a36b	812140	16052
브레스 오브 파이어 II (Breath of Fire II).smc	UNRENDERED	0	0.00	4.09	0	$c0:a339	812140	16596
브레이니 (Brainies, The).smc	OK	9987	60.24	11.92	0	$00:a3a6	000075	14538
브레이크스루! (BreakThru!).smc	OK	49744	5.48	13.00	0	$80:9b5f	002143	12962
브레인 로드 (Brain Lord).smc	OK	11720	63.30	4.65	0	$c0:f8f6	0000a5	14576
브렛 헐 하키 (Brett Hull Hockey).smc	OK	13534	43.15	4.38	0	$80:cf46	00004a	13587
브렛 헐 하키 95 (Brett Hull Hockey 95).smc	UNRENDERED	0	36.32	7.22	0	$80:caeb	00004a	14152
브론키 헬스 히어로 (Bronkie the Bronchiasaurus).smc	BOOT_CRASH	-	-	-	-	-	-	
브롤 브라더스 (Brawl Brothers).smc	UNRENDERED	0	0.00	88.62	0	$80:d713	854210	12782
브루탈 포스 오브 퓨리 (Brutal - Paws of Fury).smc	UNRENDERED	0	67.55	4.33	0	$00:edf4	000050	14977
블랙쏜 (Blackthorne).smc	UNRENDERED	0	20.43	33.51	0	$80:8872	004212	14006
블랙호크 (Blackhawk).smc	UNRENDERED	0	21.00	33.51	0	$80:887c	004212	13999
블레이존 (BlaZeon - The Bio-Cyborg Challenge).smc	OK	2685	65.63	0.03	0	$00:84a0	000051	13064
블레이즈 온 (Blaze On).smc	OK	2845	65.48	0.03	0	$00:84a0	000051	13056
블레이징 스카이즈 (Blazing Skies).smc	OK	57344	20.06	21.80	0	$0f:8100	002143	13339
블록 쿠즈시 (Block Kuzushi).smc	OK	57344	76.67	0.00	0	$00:c231	0008a0	13388
블루스 브라더스 (Blues Brothers, The).smc	UNRENDERED	0	0.00	14.39	0	$80:8368	802143	14117
블루스 브라더스.smc	UNRENDERED	0	0.00	11.00	0	$80:8441	802143	14048
비룡의 권 S - 골든 파이터 (Hiryuu no Ken S - Golden Fighter).smc	OK	57344	80.42	0.00	0	$00:85f8	0000ab	13248
비룡의 권S - 하이퍼버전 (Hiryuu no Ken S - Hyper Version).smc	OK	57344	80.06	0.00	0	$00:85fe	0000ab	13253
비밀의 마나 (Secret of Mana).smc	OK	556	0.00	90.85	0	$c0:1df7	004212	13730
비비스 앤 벗헤드 (Beavis and Butt-Head).smc	OK	57344	47.22	22.79	0	$00:e272	000062	13099
비비스 키즈 (Bebe's Kids).smc	OK	13640	57.35	2.27	0	$00:dd05	00002e	16160
비신전설 족 (Bishin Densetsu Zoku).smc	UNRENDERED	0	72.29	7.58	0	$80:b909	0000d9	15012
빅 스카이 트루퍼 (Big Sky Trooper).smc	OK	37421	0.82	5.57	31211	$9e:c991	002141	5800
빅 이치게키! 파치슬로 대공략 (Big Ichigeki! Pachi-Slot Daikouryaku).smc	OK	57344	66.30	2.82	0	$00:8833	00007c	13294
빅 이치게키! 파치슬로 대공략 2 (Big Ichigeki! Pachi-Slot Daikouryaku 2 - Universal Collection).smc	OK	55740	65.17	3.16	0	$80:880f	80007c	13583
빌 레임비어의 컴뱃 농구 (Bill Laimbeer's Combat Basketball).smc	OK	32757	75.88	6.51	0	$00:80e0	000000	14964
빌 왈시 칼리지 풋볼 (Bill Walsh College Football).smc	UNRENDERED	0	30.83	13.01	4151	$c1:7538	002143	11660
빙빙! 빙고 (Bing Bing! Bingo).smc	OK	57344	49.59	0.31	0	$00:8634	000012	13479
빨간망토 차차 (Akazukin Chacha).smc	UNRENDERED	0	46.18	0.02	0	$c0:30f5	00003c	13551
사무라이 쇼다운 (Samurai Shodown).smc	OK	2179	70.35	13.66	0	$c0:10b4	7ebef2	12868
사무라이 스피리츠 (Samurai Spirits).smc	OK	33100	68.50	14.67	0	$c0:10bc	7ebef2	12858
사상 최강 리그 세리에 A - 에이스 스트라이커 (Shijou Saikyou League Serie A - Ace Striker).smc	OK	43246	0.00	69.40	0	$82:97e7	804212	12478
사상 최강의 퀴즈왕 결정전 슈퍼 (Shijou Saikyou no Quiz Ou Ketteisen Super).smc	OK	11892	83.82	0.00	0	$00:b34b	0000e0	13231
사운더스 중사의 컴뱃! (Sgt. Saunders' Combat!).smc	OK	57344	69.21	6.68	0	$c1:2f60	000202	14891
사운드 노벨 츠쿠루 (Sound Novel Tsukuru).smc	BOOT_CRASH	-	-	-	-	-	-	
사이드 포켓 (Side Pocket).smc	UNRENDERED	0	67.16	4.10	0	$82:8d96	820632	13217
사이바라 리에코의 마작 방랑기 (Saibara Rieko no Mahjong Hourouki).smc	OK	57344	11.70	5.89	0	$c0:17ce	000057	11201
사이버 나이트 (Cyber Knight).smc	OK	40128	61.64	2.63	0	$00:9055	000001	12684
사이버 나이트 2 - 지구 제국의 야망 (Cyber Knight II - Chikyuu Teikoku no Yabou).smc	OK	15499	83.79	1.24	0	$00:882c	0000a2	13471
사이버 스핀 (Cyber Spin).smc	OK	54440	95.01	0.00	0	$00:8198	00002f	13253
사이버네이터 (Cybernator).smc	UNRENDERED	0	46.54	20.60	0	$80:85f3	810233	11952
사이버리온 (Syvalion).smc	BOOT_CRASH	-	-	-	-	-	-	
사이보그 009 (Cyborg 009).smc	OK	37680	64.84	0.27	0	$99:e5bc	990201	12465
사이코 드림 (Psycho Dream).smc	UNRENDERED	0	56.01	18.97	0	$c0:070e	000046	14742
사커 슛아웃 (Soccer Shootout).smc	OK	1503	0.00	0.00	0	-	-	10463
사커 키드 (Soccer Kid).smc	OK	53793	52.16	19.88	0	$8a:9c17	9c2143	12553
사쿠라이 아키카즈의 잔키류 마작 필승법 (Sakurai Shouichi no Jankiryuu Mahjong Hisshouhou).smc	BOOT_CRASH	-	-	-	-	-	-	
사크 - 황폐한 땅 (Xak - the Art of Visual Stage) (2).smc	OK	57024	23.43	1.90	0	$01:827b	00002a	14568
사크 - 황폐한 땅 (Xak - the Art of Visual Stage).smc	OK	56984	23.40	1.90	0	$01:827b	00002a	14566
산드라의 대모험 - 발키리와의 만남 (Xandra no Daibouken - Valkyrie to no Deai).smc	OK	21651	46.24	0.00	0	$00:8cd1	000051	12905
산리오 상하이 (Sanrio Shanghai).smc	OK	55482	0.00	0.94	0	$c0:8bcf	002140	13093
산사라 나가 2 (Samsara Naga 2).smc	OK	37504	73.97	5.38	0	$00:80f8	00007b	13345
산쿄 피버! 피버! (Sankyo Fever! Fever! - Pachinko Jikki Simulation Game).smc	OK	57344	0.00	80.08	0	$c2:8b29	004212	13484
산쿄 피버! 피버!.smc	OK	57344	0.00	80.08	0	$c2:8b29	004212	13484
삼국지 2 (Romance of the Three Kingdoms II).smc	OK	54512	84.49	0.00	0	$00:92c1	000b4f	13107
삼국지 3 (Romance of the Three Kingdoms III).smc	OK	57344	93.07	0.00	0	$c0:97ab	000b55	13645
삼국지 3 (Sangokushi III).smc	OK	57344	92.91	0.00	0	$c0:97ab	000b55	13640
삼국지 4 (Sangokushi IV).smc	OK	57080	40.15	15.82	0	$c0:897e	00002d	12864
삼국지 세이시 - 텐부 스피리츠 (Sangokushi Seishi - Tenbu Spirits).smc	BOOT_CRASH	-	-	-	-	-	-	
삼국지 영걸전 (Sangokushi - Eiketsuden).smc	OK	14148	64.24	2.81	0	$c0:898d	00002d	13700
상승 마작 텐파이 (Joushou Mahjong Tenpai).smc	OK	57344	0.37	0.03	0	$00:df3e	840348	12132
상인이여, 야망을 품어라!! (Shounin yo, Taishi o Idake!!).smc	OK	57344	71.02	3.60	0	$d1:bf14	000119	13143
상하이 - 만리장성 (Shanghai - Banri no Choujou).smc	OK	55417	0.00	3.69	0	$9f:f8a3	002140	11462
상하이 2 드래곤스 아이 (Shanghai II - Dragon's Eye).smc	BOOT_CRASH	-	-	-	-	-	-	
상하이 3 (Shanghai III).smc	OK	55807	0.00	2.55	0	$8c:8200	002140	11058
새터데이 나이트 슬램 마스터즈 (Saturday Night Slam Masters).smc	UNRENDERED	0	0.00	28.51	24354	$c0:0d39	802140	8182
샤크 푸 (Shaq Fu).smc	OK	7542	35.84	8.79	0	$c0:cf88	00005b	13074
섀도우 (Shadow, The).smc	UNRENDERED	0	44.82	6.74	0	$82:8052	001711	14309
섀도우런 (Shadowrun).smc	OK	34800	39.42	9.93	0	$81:ee92	7e1c92	11827
서니 사이드 월드.smc	OK	57344	65.28	1.67	0	$00:806d	000010	14645
서러브레드 브리더 (Thoroughbred Breeder).smc	OK	56129	86.48	1.94	0	$00:8377	000032	15189
서러브레드 브리더 2 (Thoroughbred Breeder II).smc	OK	55923	85.38	2.48	0	$00:83c6	000032	15163
서러브레드 브리더 3 (Thoroughbred Breeder III).smc	UNRENDERED	0	20.93	73.15	0	$85:83be	004211	13724
서킷 USA (Circuit USA).smc	OK	32683	44.43	6.15	20658	$80:9b89	0000a9	7880
석류의 맛 (Zakuro no Aji).smc	OK	57198	0.00	73.41	0	$00:9387	004212	13405
선 스포츠 피싱 - 계류왕 (Sanspo Fishing - Keiryuu Ou).smc	BOOT_CRASH	-	-	-	-	-	-	
선셋 라이더스 (Sunset Riders).smc	OK	57344	2.00	0.01	0	$80:9704	000c64	11945
선셋 라이더즈.smc	OK	57344	2.00	0.01	0	$80:9704	000c64	11945
성검전설 2 (Seiken Densetsu 2) (2).smc	OK	556	0.00	90.59	0	$c0:2154	004212	13744
성검전설 2 (Seiken Densetsu 2).smc	OK	556	0.00	90.59	0	$c0:2154	004212	13745
성검전설 3 (Seiken Densetsu 3) (2).smc	OK	57344	21.44	8.93	0	$fd:834e	0000e8	12740
성검전설 3 (Seiken Densetsu 3).smc	OK	57344	19.41	8.94	0	$fd:834e	0000e8	12726
성수마전 - 비스트 & 블레이드 (Seijuu Maden Beasts & Blades).smc	UNRENDERED	0	44.72	12.02	0	$01:83c3	011101	13764
세계 속의 카르멘 산디에고 (Where in the World Is Carmen Sandiego).smc	UNRENDERED	0	19.98	1.64	0	$00:976b	7e0965	11779
세리자와 노부오의 버디 트라이 (Serizawa Nobuo no Birdie Try).smc	OK	61184	67.55	8.02	0	$00:a067	000013	13060
세인트 앤드루스 - 영광과 역사의 올드 코스 (St. Andrews - Eikou to Rekishi no Old Course).smc	OK	28571	0.00	0.00	0	$9c:88a2	002140	10465
세일러 문 (Sailormoon).smc	OK	57344	80.41	0.01	0	$81:b7f6	00002f	14482
세임 게임 (Same Game).smc	OK	818	0.28	75.12	0	$80:b464	822141	12979
세임 게임 + 천외마경 제로 자가제 - 데이터 팩.smc	UNRENDERED	0	0.00	0.00	0	-	-	8161
세임 게임 + 천외마경 제로 자가제.smc	OK	20550	0.48	83.43	0	$80:b464	802141	12866
센디의 세계 V0.2.smc	OK	40007	78.76	1.65	0	$00:806d	000010	14680
센서블 사커 (Sensible Soccer - European Champions).smc	OK	12758	75.42	0.00	0	$80:8255	000405	11612
센서블 사커 - 인터내셔널 에디션 (International Sensible Soccer - World Champions).smc	OK	12709	74.57	0.00	0	$80:8255	000405	11606
셉텐트리온 (Septentrion).smc	OK	498	0.00	4.92	0	$80:951f	8d2140	13921
소년 축구단 5.smc	OK	42216	58.10	2.73	0	$80:85ad	800000	13980
소년닌자 사스케.smc	OK	256	85.38	5.46	0	$80:818d	00001f	13207
소닉 블라스트 맨 (Sonic Blast Man).smc	OK	55325	0.00	4.25	0	$00:827d	002140	12699
소닉 블라스트맨.smc	OK	55325	0.00	4.24	0	$00:827d	002140	12704
소닉 블라스트맨II.smc	OK	50176	0.00	0.71	0	$c0:e174	002140	13057
소닉 블래스트 맨 2 (Sonic Blast Man II).smc	OK	50176	0.00	0.71	0	$c0:e276	002140	13136
소닉 윙즈 (Sonic Wings).smc	OK	56882	48.26	3.65	0	$80:8265	7f0003	11899
소닉윙즈.smc	OK	56883	48.26	3.65	0	$80:8265	7f0003	11899
소드 매니악 (Sword Maniac).smc	OK	52329	65.41	6.46	0	$00:8414	0083f2	12621
소드 월드 SFC (Sword World SFC).smc	OK	21927	92.56	4.32	0	$81:fb45	000143	13765
소드 월드 SFC 2 (Sword World SFC 2 - Inishie no Kyojin Densetsu).smc	OK	50440	64.64	21.51	0	$82:802f	00009f	14056
소울 블레이더 (Soul Blader).smc	OK	23047	0.00	62.64	0	$02:b073	014210	13269
소울 블레이저 (Soul Blazer).smc	UNRENDERED	0	0.00	65.24	0	$02:b1be	014210	13119
소울 앤 소드 (Soul & Sword).smc	OK	40970	62.44	4.41	0	$00:84e7	000962	13187
솔리드 러너 (Solid Runner).smc	OK	26633	0.00	12.46	0	$a7:800f	000001	12926
솔스티스 2 (Solstice II).smc	OK	44952	19.93	0.43	0	$08:acc5	000a05	12700
솔저스 오브 포츈 (Soldiers of Fortune).smc	UNRENDERED	0	6.67	71.69	0	$c3:0a5c	004213	11563
송 마스터 (Song Master).smc	UNRENDERED	0	0.00	89.82	0	$00:c095	004212	15403
쇼기 - 풍림화산 (Shougi Fuurinkazan).smc	OK	50640	81.87	0.00	0	$00:cd3d	000091	15178
쇼기 사이쿄 (Shougi Saikyou).smc	BOOT_CRASH	-	-	-	-	-	-	
쇼기 사이쿄 2 - 지센 타이쿄쿠 헨 (Shougi Saikyou II - Jissen Taikyoku Hen).smc	BOOT_CRASH	-	-	-	-	-	-	
쇼기 산마이 (Shougi Zanmai).smc	OK	27145	94.18	0.00	0	$80:8112	7e0244	13186
쇼넨 닌자 사스케 (Shounen Ninja Sasuke).smc	OK	256	85.38	5.46	0	$80:818d	00001f	13207
쇼넨 아시베 (Shounen Ashibe - Goma-chan no Yuuenchi Daibouken).smc	OK	55587	66.08	0.00	0	$00:884a	000051	12601
쇼단 모리타 쇼기 (Shodan Morita Shougi).smc	OK	61180	25.98	2.82	0	$00:845a	0000a8	14623
쇼단쿠라이 닌테이 - 쇼단 프로 마작 (Shodani Nintei - Shodan Pro Mahjong).smc	BOOT_CRASH	-	-	-	-	-	-	
수제전기 (Jutei Senki).smc	OK	52587	0.00	0.00	58064	$00:dc7d	002140	132
수파푼 (Supapoon).smc	OK	54422	71.07	0.17	0	$c0:00b7	000040	14672
수파푼 DX (Supapoon DX).smc	OK	49032	67.65	0.17	0	$c0:00b7	000040	14379
슈우쇼쿠 게임 (Shuushoku Game).smc	OK	55592	71.45	0.00	0	$80:80a3	0000de	14971
슈퍼 3D 베이스볼 (Super 3D Baseball).smc	OK	57339	62.28	1.73	0	$80:82f8	0000e1	14981
슈퍼 4WD - 더 바자 (Super 4WD - The Baja).smc	OK	57202	25.14	4.05	19365	$80:ca6b	800101	8640
슈퍼 BC 키드 (Super B.C. Kid).smc	OK	54674	55.07	0.31	0	$80:8a18	800fd2	13350
슈퍼 F1 서커스 (Super F1 Circus).smc	OK	61184	48.15	0.00	0	$00:8e25	001a68	12899
슈퍼 F1 서커스 2 (Super F1 Circus 2).smc	OK	61168	69.93	0.53	0	$00:80de	001367	13454
슈퍼 F1 서커스 3 (Super F1 Circus 3).smc	OK	54734	70.23	7.12	0	$00:80d9	0015ca	12684
슈퍼 F1 서커스 리미티드 (Super F1 Circus Limited).smc	OK	61184	46.78	0.00	0	$00:8e61	001a68	12879
슈퍼 F1 서커스 외전 (Super F1 Circus Gaiden).smc	OK	20141	85.95	1.32	0	$80:81d7	00008e	14947
슈퍼 F1 히어로 (Nakajima Satoru Kanshuu - Super F-1 Hero).smc	OK	57271	70.72	5.98	0	$9b:f187	9b0aff	14957
슈퍼 H.Q. 크리미널 체이서 (Super H.Q. - Criminal Chaser).smc	OK	48968	0.00	73.22	0	$00:813c	814210	13119
슈퍼 R.B.I. 베이스볼 (Super R.B.I. Baseball).smc	OK	53355	55.70	5.17	0	$00:809c	001376	13059
슈퍼 SWIV (Super SWIV).smc	OK	32182	59.13	0.00	0	$9b:828b	7e2023	11960
슈퍼 V.G. (Super Variable Geo).smc	OK	38286	0.00	17.32	0	$80:8500	814212	12548
슈퍼 게임보이 2 (Super Game Boy 2).smc	OK	31074	0.00	100.00	0	$00:ac98	012140	15316
슈퍼 경륜 (Super Keirin).smc	OK	57344	70.43	3.05	0	$80:aa3d	000047	14424
슈퍼 경마 (Super Keiba).smc	OK	53570	65.73	1.04	0	$00:8544	00024a	13348
슈퍼 경마 2 (Super Keiba 2).smc	OK	6817	7.15	0.00	36698	$aa:820f	002141	5083
슈퍼 경주마 - 바람의 실루피드 (Super Kyousouba - Kaze no Sylphid).smc	OK	4756	69.64	0.86	0	$00:852b	000296	13403
슈퍼 고교 야구 - 일구입혼 (Super Koukou Yakyuu - Ikkyuu Nyuukon).smc	UNRENDERED	0	39.98	9.93	0	$80:825b	000033	13708
슈퍼 고모쿠 나라베 렌주 (Super Gomoku Narabe - Renju).smc	OK	20552	61.46	0.22	0	$80:89bc	000053	13897
슈퍼 고모쿠 쇼기 (Super Gomoku Shougi - Jouseki Kenkyuu Hen).smc	OK	51840	51.21	0.81	0	$00:8746	00023a	13545
슈퍼 고지라 (Super Godzilla).smc	BOOT_CRASH	-	-	-	-	-	-	
슈퍼 골! 2 (Super Goal! 2).smc	OK	61184	38.88	7.02	0	$80:8412	0000b1	14719
슈퍼 굿슨 오요요 (Super Gussun Oyoyo).smc	OK	45430	47.58	5.76	0	$81:9802	800067	12345
슈퍼 굿슨 오요요 2 (Super Gussun Oyoyo 2).smc	OK	51439	53.78	3.22	0	$81:99f3	800067	12153
슈퍼 극진 하리키리 스타디움 (Super Kyuukyoku Harikiri Stadium).smc	OK	56672	50.01	0.00	0	$c0:00f0	000243	13301
슈퍼 극진 하리키리 스타디움 2 (Super Kyuukyoku Harikiri Stadium 2).smc	OK	57282	71.82	2.11	0	$c0:006f	000055	14987
슈퍼 나조 푸요 - 루루의 루 (Super Nazo Puyo - Rulue no Roux).smc	OK	57344	35.27	17.79	0	$80:80b4	000025	13704
슈퍼 나조 푸요 2 - 루루의 철완 번성기 (Super Nazo Puyo Tsuu - Rulue no Tetsuwan Hanjouki).smc	OK	57344	53.25	2.63	0	$80:80ac	000025	13873
슈퍼 낙샛 오픈 - 골프로 승부다! 도라보쨩 (Super Naxat Open - Golf de Shoubu da Dorabocchan).smc	OK	54102	0.00	22.35	0	$0c:81fa	8c2140	12876
슈퍼 노바 (Super Nova).smc	OK	33811	0.00	3.90	0	$81:837c	802140	14625
슈퍼 노부나가의 야망 - 무장 풍운록 (Super Nobunaga no Yabou - Bushou Fuuunroku).smc	OK	5796	73.20	2.68	0	$00:92c6	000b4f	13131
슈퍼 노부나가의 야망 - 전국 판 (Super Nobunaga no Yabou - Zenkoku Ban).smc	OK	51272	63.91	5.05	0	$c0:9d53	000b62	12953
슈퍼 노아의 방주 3D (Super Noah's Ark 3D).smc	OK	580	66.14	0.22	0	$c0:1ae3	7e3c4f	11740
슈퍼 니치부츠 마작 (Super Nichibutsu Mahjong).smc	UNRENDERED	0	0.11	30.37	0	$1c:874c	004212	12661
슈퍼 니치부츠 마작 2 - 전국 제패 편 (Super Nichibutsu Mahjong 2 - Zenkoku Seiha Hen).smc	OK	48322	93.87	0.00	0	$00:857b	00047c	15468
슈퍼 니치부츠 마작 3 - 요시모토 극장 편 (Super Nichibutsu Mahjong 3 - Yoshimoto Gekijou Hen).smc	OK	56206	53.45	4.20	0	$00:8405	000481	14326
슈퍼 니치부츠 마작 4 - 기초 연구 편 (Super Nichibutsu Mahjong 4 - Kisokenkyuu Hen).smc	OK	55125	95.33	0.00	0	$00:856e	00047c	15595
슈퍼 닌자 보이 (Super Ninja Boy).smc	OK	48746	79.46	0.00	0	$00:84f8	00009f	13347
슈퍼 닌자쿤 (Super Ninja-kun).smc	OK	57344	0.00	53.83	0	$80:80af	804210	13085
슈퍼 닌텐도 스코프 6 (Nintendo Scope 6).smc	OK	61184	75.33	0.00	0	$00:80f8	0000b6	14786
슈퍼 대니.smc	OK	55552	1.32	54.76	0	$80:8008	004212	12789
슈퍼 대항해시대 (Super Daikoukai Jidai).smc	OK	52444	86.04	0.00	0	$00:94fc	000b55	13123
슈퍼 더블 드래곤 (Super Double Dragon).smc	BOOT_CRASH	-	-	-	-	-	-	
슈퍼 더블 야쿠만 (Super Double Yakuman).smc	BOOT_CRASH	-	-	-	-	-	-	
슈퍼 더블 야쿠만 2 (Super Double Yakuman II).smc	BOOT_CRASH	-	-	-	-	-	-	
슈퍼 덩크 샷 (Super Dunk Shot).smc	OK	50712	87.61	0.00	0	$03:8313	0001a1	11658
슈퍼 덩크 스타 (Super Dunk Star).smc	OK	23275	0.00	1.80	0	$18:81bb	002140	8824
슈퍼 덴스 월드.smc	OK	43879	78.71	1.72	0	$00:806d	000010	14673
슈퍼 도그파이트 (Super Dogfight).smc	BOOT_CRASH	-	-	-	-	-	-	
슈퍼 동키콩 1 (Super Donkey Kong) (3).smc	OK	56813	79.14	10.33	166	$80:c0ee	0001ff	16081
슈퍼 동키콩 1 (Super Donkey Kong).smc	OK	56813	79.14	10.33	166	$80:c0ee	0001ff	16081
슈퍼 동키콩 2 딕시 앤 디디 (Super Donkey Kong 2 - Dixie & Diddy).smc	OK	49584	81.18	2.51	176	$80:97ca	0001ff	15841
슈퍼 동키콩 3 수수께끼의 크렘스 섬 (Super Donkey Kong 3 - Nazo no Kremis-tou).smc	OK	1639	0.00	0.00	23138	$b2:84e8	b22140	8053
슈퍼 동키콩2 - 딕시&디디.smc	OK	49584	81.18	2.51	176	$80:978a	0001ff	15841
슈퍼 동키콩2.smc	OK	49584	81.11	2.51	176	$80:97ca	0001ff	15837
슈퍼 동키콩3 - 수수께끼의 크레미스섬.smc	OK	1639	0.00	0.00	23138	$b2:84e8	b22140	8053
슈퍼 동키콩3.smc	OK	1639	0.00	0.00	23138	$b2:84b5	b22140	8053
슈퍼 드라켄 (Super Drakkhen).smc	OK	57312	58.10	0.91	0	$84:8006	840420	12811
슈퍼 드리프트 아웃 (Super Drift Out).smc	OK	51763	59.85	1.57	0	$00:8113	000021	13873
슈퍼 럭비 (Super Rugby).smc	UNRENDERED	0	0.00	100.00	0	$80:a931	002141	11528
슈퍼 레슬 엔젤스 (Super Wrestle Angels).smc	OK	57344	53.86	0.00	0	$80:87cc	0000a2	14686
슈퍼 로얄 블러드 (Super Royal Blood).smc	OK	57344	82.04	1.60	0	$00:9506	000b57	14265
슈퍼 룹즈 (Super Loopz).smc	OK	3691	19.43	12.34	0	$0d:8172	002141	12620
슈퍼 리니어볼 (Super Linearball).smc	OK	53226	72.10	0.04	0	$00:9d0e	0000fa	15259
슈퍼 리얼 마작 PIV (Super Real Mahjong PIV).smc	OK	57344	0.00	23.81	0	$04:81ff	042140	11335
슈퍼 리얼 마작 PV 파라다이스 올스타 4인치.smc	BOOT_CRASH	-	-	-	-	-	-	
슈퍼 마리오 3 익스퍼트.smc	OK	57344	69.20	3.53	0	$03:81a9	030154	13330
슈퍼 마리오 RPG (Super Mario RPG - Legend of the Seven Stars) (2).smc	BOOT_CRASH	-	-	-	-	-	-	
슈퍼 마리오 RPG (Super Mario RPG - Legend of the Seven Stars).SMC	BOOT_CRASH	-	-	-	-	-	-	
슈퍼 마리오 RPG (Super Mario RPG - Legend of the Seven Stars).smc	BOOT_CRASH	-	-	-	-	-	-	
슈퍼 마리오 드림 월드 V0.2.smc	OK	41652	78.34	1.69	0	$00:806d	000010	14680
슈퍼 마리오 브라더스 7 V0.1.smc	OK	56005	72.17	1.65	0	$00:806d	000010	14778
슈퍼 마리오 브라더스 마리오 앤 루이지.smc	OK	44698	78.79	1.68	0	$00:806d	000010	14679
슈퍼 마리오 스토리.smc	OK	44672	78.77	1.70	0	$00:806d	000010	14679
슈퍼 마리오 야지 월드 2.smc	OK	44840	78.94	1.65	0	$00:806d	000010	14676
슈퍼 마리오 야지 월드.smc	OK	44698	79.82	1.70	0	$00:806d	000010	14649
슈퍼 마리오 올스타즈 (Super Mario All-Stars).smc	OK	57344	69.20	3.53	0	$03:81a9	030154	13330
슈퍼 마리오 올스타즈 + 슈퍼 마리오 월드 (Super Mario All-Stars + Super Mario World).smc	OK	57344	69.64	3.51	0	$03:81a9	030154	13397
슈퍼 마리오 요시 아일랜드 (Super Mario - Yoshi Island).smc	UNRENDERED	0	0.00	100.00	0	$00:8440	002140	13236
슈퍼 마리오 월드 (Super Mario World) (2).smc	OK	43709	77.08	1.65	0	$00:806d	000010	14641
슈퍼 마리오 월드 (Super Mario World).smc	OK	44698	82.48	1.66	0	$00:806d	000010	14775
슈퍼 마리오 카트 (Super Mario Kart) (2).smc	BOOT_CRASH	-	-	-	-	-	-	
슈퍼 마리오 카트 (Super Mario Kart).smc	OK	418	0.00	100.00	0	$81:fa0e	817001	11528
슈퍼 마리오 카트 - 디 임팔라 배틀스.smc	OK	329	0.00	100.00	0	$81:fa15	007001	10211
슈퍼 마리오 컬렉션 (Super Mario Collection).smc	OK	57344	68.80	3.53	0	$03:81a4	030154	13381
슈퍼 마리오의 퀘스트.smc	OK	52843	77.46	2.15	0	$00:806d	000010	14661
슈퍼 마리오의 크리스탈 아일랜드 어드벤처 3.1.smc	OK	31699	68.47	1.69	0	$00:806d	000010	14504
슈퍼 마작 (Super Mahjong).smc	OK	52752	57.35	1.05	0	$00:8256	00022a	13255
슈퍼 마작 2 - 혼카쿠 4닌 우치! (Super Mahjong 2 - Honkaku 4-nin Uchi!).smc	OK	42735	43.05	3.01	0	$c0:009f	00005d	13905
슈퍼 마작 3 - 카라쿠치 (Super Mahjong 3 - Karakuchi).smc	OK	23559	69.00	2.12	0	$c0:0086	000070	14848
슈퍼 마작 대회 (Super Mahjong Taikai).smc	OK	44984	1.91	2.84	3709	$01:c84b	012140	11494
슈퍼 매드 챔프 (Super Mad Champ).smc	BOOT_CRASH	-	-	-	-	-	-	
슈퍼 메트로이드 (Super Metroid) (2).smc	OK	3776	62.16	3.23	0	$80:8343	8005b4	13233
슈퍼 메트로이드 (Super Metroid).smc	OK	3776	62.93	3.17	0	$80:8343	8005b4	13260
슈퍼 모모타로 전철 DX (Super Momotarou Dentetsu DX).smc	UNRENDERED	0	4.53	83.97	0	$c0:c4c9	002141	11519
슈퍼 모모타로 전철 II (Super Momotarou Dentetsu II).smc	OK	54781	57.12	0.50	0	$00:c7ec	0000c5	14537
슈퍼 모모타로 전철 III (Super Momotarou Dentetsu III).smc	OK	54794	45.96	3.43	0	$c0:5ebb	0000c5	13957
슈퍼 모에!! 프로 야구 (Super Moero!! Pro Yakyuu).smc	OK	57344	71.72	2.80	0	$80:8299	00006c	13457
슈퍼 모프 (Super Morph).smc	OK	56209	0.00	66.97	0	$81:8c22	004212	13184
슈퍼 발리볼 II (Super Volley II).smc	OK	55477	51.88	4.21	0	$00:82b1	0000b1	14190
슈퍼 발리스 - 붉은 달의 소녀 (Super Valis - Akaki Tsuki no Otome).smc	OK	12423	75.47	2.33	0	$00:8175	000692	12697
슈퍼 발리스 IV (Super Valis IV).smc	OK	18781	72.53	1.54	0	$00:8175	000692	12709
슈퍼 배터 업 (Super Batter Up).smc	BOOT_CRASH	-	-	-	-	-	-	
슈퍼 배틀쉽 (Super Battleship).smc	BOOT_CRASH	-	-	-	-	-	-	
슈퍼 배틀탱크 (Super Battletank).smc	OK	36346	67.28	0.00	0	$00:81f4	000220	13372
슈퍼 배틀탱크 2 (Super Battletank 2).smc	OK	54416	59.66	0.01	0	$00:8139	001cd4	11143
슈퍼 백 투 더 퓨처 2 (Super Back to the Future Part II).smc	BOOT_CRASH	-	-	-	-	-	-	
슈퍼 버디 러시 (Super Birdie Rush).smc	OK	25854	0.00	3.45	0	$0e:8078	0e2140	13372
슈퍼 버스터 브로스 (Super Buster Bros.).smc	OK	50150	0.00	2.77	0	$00:9263	032140	15126
슈퍼 베이스 로디드 (Super Bases Loaded).smc	OK	60160	0.00	0.00	0	$07:802a	002140	14133
슈퍼 베이스 로디드 2 (Super Bases Loaded 2).smc	UNRENDERED	0	0.00	0.00	0	-	-	12114
슈퍼 베이스 로디드 3 - 라이선스 투 스틸 (Super Bases Loaded 3 - License to Steal).smc	OK	57246	88.07	1.55	0	$80:8299	00006c	15226
슈퍼 베이스볼 2020 (Super Baseball 2020).smc	OK	26105	62.06	0.67	0	$c0:00a0	7fb39d	13065
슈퍼 베이스볼 시뮬레이터 1.000 (Super Baseball Simulator 1.000).smc	OK	26994	86.84	0.00	0	$00:83d5	0000a3	13361
슈퍼 볼링 (Super Bowling).smc	OK	51926	41.97	0.00	0	$00:eaf1	000063	13499
슈퍼 봄버맨 (Super Bomberman).smc	OK	48663	25.95	0.00	0	$c4:0342	000312	13568
슈퍼 봄버맨 - 패닉 봄버 W (Super Bomberman - Panic Bomber World).smc	UNRENDERED	0	0.00	100.00	0	$02:c61a	002140	13236
슈퍼 봄버맨 2 (Super Bomberman 2).smc	OK	14982	47.36	0.00	0	$cc:0052	000037	11805
슈퍼 봄버맨 2 - 카라반 에디션 (Super Bomberman 2 - Caravan You Taikenban).smc	OK	11314	60.79	2.04	0	$cc:0052	000037	11681
슈퍼 봄버맨 3 (Super Bomberman 3).smc	OK	4602	23.92	0.15	0	$80:f14f	000033	12850
슈퍼 봄버맨 4 (Super Bomberman 4).smc	UNRENDERED	0	0.00	0.00	0	-	-	15070
슈퍼 봄버맨 5 (Super Bomberman 5).smc	UNRENDERED	0	5.10	0.02	0	$80:f49a	000068	14645
슈퍼 봄버맨 5 - 골드 카트리지 (Super Bomberman 5 - Caravan Event Ban).smc	UNRENDERED	0	5.10	0.02	0	$80:f49a	000068	14644
슈퍼 봄버맨5.smc	UNRENDERED	0	5.10	0.02	0	$80:f49a	000068	14645
슈퍼 봄블리스.smc	UNRENDERED	0	28.06	5.15	0	$81:83ba	811101	12153
슈퍼 봉크 (Super Bonk).smc	OK	54674	55.08	0.31	0	$80:8a18	800fd2	13349
슈퍼 블랙 버스 (Super Black Bass).smc	OK	57344	7.31	13.60	21649	$1a:8557	1a0118	8246
슈퍼 블랙 버스 2 (Super Black Bass 2).smc	BOOT_CRASH	-	-	-	-	-	-	
슈퍼 블랙 버스 3 (Super Black Bass 3).smc	OK	17856	0.00	65.21	0	$80:8756	002137	12574
슈퍼 빅쿠리맨 (Super Bikkuriman).smc	OK	44224	34.72	3.17	0	$80:e597	8015c7	13030
슈퍼 빌리어드 (Super Billiard - Championship Pool).smc	OK	57344	98.65	0.00	0	$00:b1b1	001f00	15483
슈퍼 뿌요뿌요 (Super Puyo Puyo).smc	OK	41071	53.22	1.47	0	$84:c6ad	830025	13260
슈퍼 뿌요뿌요2 (Super Puyo Puyo Tsuu).smc	OK	57344	53.78	1.56	0	$80:80ac	000025	14324
슈퍼 뿌요뿌요2 리믹스 (Super Puyo Puyo Tsuu Remix).smc	OK	57344	0.53	1.86	0	$80:93b8	bf2140	12135
슈퍼 사커 (Super Soccer).smc	OK	3845	0.00	10.53	0	$00:8858	0d2140	10616
슈퍼 사커 챔프 (Super Soccer Champ).smc	OK	885	82.00	0.00	0	$00:8054	0000a3	15378
슈퍼 삼국지 (Super Sangokushi).smc	OK	22101	60.29	6.75	0	$c0:8980	00002d	13697
슈퍼 삼국지 2 (Super Sangokushi II).smc	OK	54087	85.85	0.00	0	$00:92c1	000b4f	13122
슈퍼 상하이 드래곤즈 아이 (Super Shanghai - Dragon's Eye).smc	BOOT_CRASH	-	-	-	-	-	-	
슈퍼 섀도우 오브 더 비스트 (Super Shadow of the Beast).smc	UNRENDERED	0	94.09	0.00	0	$01:9078	000025	15418
슈퍼 소코반 (Super Soukoban).smc	OK	56994	76.12	0.75	0	$00:810c	000011	14533
슈퍼 솔리테어 (Super Solitaire).smc	OK	52288	82.58	3.94	0	$81:8472	000004	12647
슈퍼 쇼기 (Super Shougi).smc	OK	57344	43.74	0.26	0	$00:8244	00023a	13399
슈퍼 쇼기 2 (Super Shougi 2).smc	OK	57088	58.19	4.01	0	$00:840a	00023a	13338
슈퍼 쇼기 3 기타이헤이 (Super Shougi 3 - Kitaihei).smc	BOOT_CRASH	-	-	-	-	-	-	
슈퍼 스네이키 (Super Snakey).smc	OK	57049	33.39	4.22	0	$80:e1a9	00000e	13164
슈퍼 스매시 T.V. (Super Smash T.V.).smc	OK	42187	75.12	5.28	0	$0e:ca1a	0000cf	14353
슈퍼 스코프 6 (Super Scope 6).smc	OK	61184	75.63	0.00	0	$00:80f8	0000b6	14787
슈퍼 스타디움 (Super Stadium).smc	OK	54888	74.94	2.30	0	$00:8055	0001ff	17474
슈퍼 스타워즈 (3).smc	OK	513	54.87	1.90	0	$80:a2c9	8004dd	11741
슈퍼 스타워즈 - 제국의 역습.smc	OK	513	43.39	9.04	0	$80:940f	80078f	11842
슈퍼 스타워즈 - 제다이의 복수.smc	OK	1772	54.94	4.84	0	$80:8b13	80070c	11521
슈퍼 스타워즈 제국의 역습 (Super Star Wars - The Empire Strikes Back).smc	UNRENDERED	0	43.01	8.77	0	$80:945c	80078f	11800
슈퍼 스타워즈 제다이의 귀환 (Super Star Wars - Return of the Jedi).smc	OK	1772	54.99	4.81	0	$80:8b16	80070a	11520
슈퍼 스타워즈.smc	OK	513	54.87	1.90	0	$80:a2c8	8004dd	11742
슈퍼 스트라이크 이글 (Super Strike Eagle).smc	OK	57259	43.66	4.40	23372	$80:f15e	0000ea	8046
슈퍼 스트리트 파이터 2 더 뉴 챌린저스.smc	BOOT_CRASH	-	-	-	-	-	-	
슈퍼 스트리트 파이터 II - 새로운 도전자들 (Super Street Fighter II - The New Challengers).smc	UNRENDERED	0	43.83	20.65	0	$c0:00d2	871860	13532
슈퍼 슬랩샷 (Super Slap Shot).smc	BOOT_CRASH	-	-	-	-	-	-	
슈퍼 시저스 팰리스 (Super Caesars Palace).smc	BOOT_CRASH	-	-	-	-	-	-	
슈퍼 아오키 오오카미 토 시로키 메시카 - 겐초 히시 (Super Aoki Ookami to Shiroki Mejika - Genchou Hishi).smc	UNRENDERED	0	80.94	3.72	0	$c0:9ad3	000b5d	14075
슈퍼 아이스하키 (Super Ice Hockey).smc	OK	57344	99.23	0.00	0	$c0:5f3c	0007ea	15874
슈퍼 아쿠아틱 게임 (Super Aquatic Games Starring the Aquabats, The).smc	OK	56606	0.00	53.18	0	$82:f397	004212	12055
슈퍼 악마성 드라큘라 (Super Castlevania IV).smc	OK	55508	0.48	0.15	0	$02:85d8	002140	11569
슈퍼 알레스트 (Super Aleste).smc	OK	56980	85.91	0.22	0	$00:8a35	000025	14797
슈퍼 알타입 (Super R-Type).smc	OK	1900	81.89	0.69	0	$00:81bb	00004d	13822
슈퍼 알프레드 치킨 (Super Alfred Chicken).smc	UNRENDERED	0	12.70	25.09	0	$9c:b474	9b4212	12921
슈퍼 야구도 (Super Yakyuudou).smc	OK	36654	0.58	1.73	0	$98:893a	001f0f	12631
슈퍼 어드벤처 아일랜드 (Super Adventure Island).smc	OK	57344	32.25	3.77	0	$00:8087	000bf2	13919
슈퍼 어드벤처 아일랜드 2 (Super Adventure Island II).smc	OK	57344	0.05	51.87	0	$c0:0cb2	004212	13287
슈퍼 어스 디펜스 포스 (Earth Defense Force).smc	OK	17126	0.00	66.36	0	$00:8518	004210	13364
슈퍼 억만 장자 게임 (Super Okumanchouja Game).smc	OK	57344	0.00	10.22	0	$88:831b	002140	11837
슈퍼 에밀 월드.smc	OK	44698	79.80	1.71	0	$00:806d	000010	14649
슈퍼 에어 다이버 (Super Air Diver).smc	OK	1822	36.58	1.51	0	$c3:6823	000024	13142
슈퍼 에어 다이버 2 (Super Air Diver 2).smc	UNRENDERED	0	41.77	16.31	0	$c0:00ee	000010	12867
슈퍼 오즈모 열선 제일반 (Super Oozumou - Nessen Ooichiban).smc	BOOT_CRASH	-	-	-	-	-	-	
슈퍼 오프 로드 (Super Off Road).smc	OK	43130	83.09	0.00	0	$00:9a6b	00000d	15112
슈퍼 오프 로드 - 더 바하 (Super Off Road - The Baja).smc	OK	56955	22.13	4.50	20053	$80:ca5d	800101	8491
슈퍼 와간랜드.smc	OK	31073	72.02	0.00	0	$14:81be	000050	14428
슈퍼 와간랜드2 (Super Wagyan Land 2).smc	OK	52232	53.79	0.00	0	$00:8e7d	000051	12585
슈퍼 와갠 랜드 (Super Wagyan Land).smc	OK	31073	72.02	0.00	0	$14:81be	000050	14428
슈퍼 와리오 월드.smc	OK	43021	77.55	1.67	0	$00:806d	000010	14661
슈퍼 우노 (Super Uno).smc	OK	55755	59.87	1.21	0	$00:8183	00022d	13077
슈퍼 울트라 야구 (Super Ultra Baseball).smc	OK	28996	85.29	0.00	0	$00:83d5	0000a3	13379
슈퍼 울트라 야구 2 (Super Ultra Baseball 2).smc	OK	61184	75.34	0.34	0	$80:87ad	0000d0	15354
슈퍼 원시인 (Super Genjin).smc	OK	51868	55.01	0.31	0	$80:8a15	800fd2	13339
슈퍼 원시인 2 (Super Genjin 2).smc	UNRENDERED	0	20.79	1.16	0	$80:893f	80108f	12438
슈퍼 위젯 (Super Widget).smc	OK	61184	55.61	5.97	0	$00:84b3	000044	14868
슈퍼 이고 고우 (Super Igo - Go Ou).smc	OK	52873	73.22	0.00	0	$00:b9ad	00043a	13147
슈퍼 인디 챔프 (Super Indy Champ).smc	OK	56589	34.98	0.73	0	$80:807b	001fff	11461
슈퍼 인생 게임 (Super Jinsei Game).smc	OK	57344	18.70	0.00	0	$80:f59e	000050	13690
슈퍼 인생 게임 2 (Super Jinsei Game 2).smc	OK	57344	11.39	0.09	0	$83:857c	831ded	12526
슈퍼 인생 게임 3 (Super Jinsei Game 3).smc	OK	56978	13.34	0.09	0	$84:864c	841ded	12662
슈퍼 인인도 - 노부나가 격파 (Super Inindou - Datou Nobunaga).smc	UNRENDERED	0	88.00	1.02	0	$00:93de	000b4f	13575
슈퍼 인터내셔널 크리켓 (Super International Cricket).smc	OK	1947	93.91	0.00	0	$94:fa8f	0001ff	14058
슈퍼 장고 (Super Jangou).smc	OK	57344	82.35	4.86	0	$00:87dc	00004e	13327
슈퍼 제임스 폰드 (Super James Pond).smc	UNRENDERED	0	0.00	100.00	0	$8f:f39d	002140	11528
슈퍼 제임스 폰드 2 (Super James Pond II).smc	UNRENDERED	0	0.00	95.19	0	$8f:f39c	002140	12029
슈퍼 즈간 - 파두성으로부터의 초대장 (Super Zugan - Hakotenjou kara no Shoutaijou).smc	OK	33293	39.15	1.21	0	$c0:00af	000040	13903
슈퍼 즈간 2 - 츠칸포 파이터 (Super Zugan 2 - Tsukanpo Fighter).smc	OK	57344	31.05	2.59	0	$c0:00b3	000040	13071
슈퍼 차이니즈 월드 (Super Chinese World).smc	OK	4252	94.15	0.00	0	$00:84f8	00009d	13243
슈퍼 차이니즈 월드 2 우주 제일무도 대회 (Super Chinese World 2 - Uchuuichi Butou Taikai).smc	OK	50351	78.28	10.17	0	$80:868a	0000db	15238
슈퍼 차이니즈 파이터 (Super Chinese Fighter).smc	OK	49664	68.13	14.96	0	$80:86d8	9300e5	12540
슈퍼 차이니즈월드3 (Super Chinese World 3 - Chou Jigen Daisakusen).smc	OK	51712	65.21	10.27	0	$80:85d1	0000db	14967
슈퍼 철구 파이트! (Super Tekkyuu Fight!).smc	OK	54225	48.49	3.19	0	$80:82ab	7e0228	13442
슈퍼 체이스 H.Q. (Super Chase H.Q.).smc	OK	53073	0.00	68.99	0	$00:814b	814210	12998
슈퍼 츠메 쇼기 1000 (Super Tsumeshougi 1000).smc	OK	57344	70.75	0.00	0	$00:8038	001fff	14278
슈퍼 카를로스 월드.smc	OK	44210	78.56	1.65	0	$00:806d	000010	14675
슈퍼 카리오 월드.smc	OK	43568	77.44	1.69	0	$00:806d	000010	14705
슈퍼 카지노 2 (Super Casino 2).smc	OK	38096	65.08	4.96	0	$00:c1f6	00078a	13415
슈퍼 카지노 시저스 팰리스 (Super Casino - Caesars Palace).smc	OK	5856	0.00	75.60	0	$01:ddd9	004212	11838
슈퍼 캐슬스 (Super Castles).smc	OK	56938	95.59	0.00	0	$c0:f2be	000011	15333
슈퍼 컵 사커 (Super Cup Soccer).smc	UNRENDERED	0	0.00	0.00	0	-	-	10511
슈퍼 코파 (Super Copa).smc	OK	13015	0.00	33.40	51891	$19:db6a	002141	1795
슈퍼 콘플릭트 더 미드이스트 (Super Conflict).smc	BOOT_CRASH	-	-	-	-	-	-	
슈퍼 쿄테이 (Super Kyoutei).smc	OK	57088	51.01	7.50	0	$80:83e9	7e021c	13835
슈퍼 쿄테이 2 (Super Kyoutei 2).smc	OK	36139	53.68	1.19	0	$80:841b	7e021c	13621
슈퍼 킥복싱 (Super Kick Boxing - Best of the Best).smc	OK	2327	58.62	0.19	0	$00:b8a6	000072	15626
슈퍼 킥오프 (Super Kick Off).smc	OK	56953	3.35	7.44	0	$0d:8595	0d2143	16093
슈퍼 터리칸 2 (Super Turrican 2).smc	OK	56079	13.06	20.19	0	$bf:fb21	00104b	12777
슈퍼 테니스 (Super Tennis).smc	UNRENDERED	0	0.00	100.00	0	$02:8577	002141	11528
슈퍼 테니스 월드 서킷 (Super Tennis - World Circuit).smc	UNRENDERED	0	0.00	100.00	0	$02:8673	002141	11528
슈퍼 테트리스 + 봄브리스 (Super Tetris 2 + Bombliss).smc	OK	59969	22.84	6.97	0	$08:83b2	081321	13879
슈퍼 테트리스 2 + 봄블리스 한정판 (Super Tetris 2 + Bombliss Gentei Ban).smc	BOOT_CRASH	-	-	-	-	-	-	
슈퍼 테트리스 3 (Super Tetris 3).smc	BOOT_CRASH	-	-	-	-	-	-	
슈퍼 튜리칸 (Super Turrican).smc	OK	51682	23.83	35.64	0	$7f:0302	004210	12712
슈퍼 트럼프 컬렉션 (Super Trump Collection).smc	OK	53365	67.59	4.18	0	$00:8040	001fff	13942
슈퍼 트롤 아일랜드 (Super Troll Islands).smc	OK	34812	0.00	50.46	0	$81:84d1	004212	12790
슈퍼 파워 리그 (Super Power League).smc	OK	57034	68.27	0.00	0	$c0:061e	00004b	14493
슈퍼 파워 리그 2 (Super Power League 2).smc	OK	55235	62.16	1.30	0	$c0:088e	00004b	14769
슈퍼 파워 리그 3 (Super Power League 3).smc	OK	53143	77.14	2.08	0	$c0:0b6a	00004b	14381
슈퍼 파워 리그 4 (Super Power League 4).smc	OK	311	0.00	0.00	0	-	-	12186
슈퍼 파이널 매치 테니스 (Super Final Match Tennis).smc	UNRENDERED	0	0.00	73.66	0	$80:fa62	802140	12914
슈퍼 파이어 프로레슬링 (Super Fire Pro Wrestling).smc	UNRENDERED	0	0.00	20.42	0	$00:e5e5	002140	12566
슈퍼 파이어 프로레슬링 2 (Super Fire Pro Wrestling 2).smc	OK	24235	0.00	2.90	0	$00:de21	162140	11582
슈퍼 파이어 프로레슬링 3 이지 타입 (Super Fire Pro Wrestling III - Easy Type).smc	OK	55437	0.00	6.52	0	$80:f82f	802140	12560
슈퍼 파이어 프로레슬링 3 파이널 바우트 (Super Fire Pro Wrestling III - Final Bout).smc	OK	55537	0.00	6.60	0	$80:f832	802140	12615
슈퍼 파이어 프로레슬링 X (Super Fire Pro Wrestling X).smc	OK	57053	0.00	2.97	0	$80:f067	812140	11719
슈퍼 파이어 프로레슬링 X 프리미엄 (Super Fire Pro Wrestling X Premium).smc	OK	57088	0.00	2.95	0	$80:f01e	812140	11752
슈퍼 파이어 프로레슬링 스페셜 (Super Fire Pro Wrestling Special).smc	BOOT_CRASH	-	-	-	-	-	-	
슈퍼 파이어 프로레슬링 퀸즈 스페셜 (Super Fire Pro Wrestling - Queen's Special).smc	OK	56300	0.00	3.75	0	$80:f040	842140	12532
슈퍼 파치슬롯 마작 (Super Pachi-Slot Mahjong).smc	OK	52016	68.08	2.65	0	$00:83a3	02020a	12096
슈퍼 파친코 (Super Pachinko).smc	OK	16104	61.91	5.41	0	$80:a437	000047	13965
슈퍼 파친코 대전 (Super Pachinko Taisen).smc	BOOT_CRASH	-	-	-	-	-	-	
슈퍼 팡 (Super Pang).smc	OK	50090	0.00	0.06	0	$00:91f8	032140	15200
슈퍼 패미스타 (Super Famista).smc	BOOT_CRASH	-	-	-	-	-	-	
슈퍼 패미스타 2 (Super Famista 2).smc	BOOT_CRASH	-	-	-	-	-	-	
슈퍼 패미스타 3 (Super Famista 3).smc	OK	47807	62.48	2.69	0	$80:8169	7e010f	12883
슈퍼 패미스타 4 (Super Famista 4).smc	OK	50137	50.74	7.74	0	$00:8184	7e010f	13253
슈퍼 패미스타 5 (Super Famista 5).smc	OK	57228	56.22	0.78	0	$00:8172	7e010f	13083
슈퍼 패미컴 워즈 (Super Famicom Wars).smc	OK	57344	80.57	0.00	0	$80:82f3	0000dc	13096
슈퍼 패밀리 게렌데 (Super Family Gelaende).smc	OK	54371	67.23	8.78	0	$00:817b	7e0121	11927
슈퍼 패밀리 서킷 (Super Family Circuit).smc	OK	16712	0.00	1.37	0	$00:e228	002140	11167
슈퍼 패밀리 테니스 (Super Family Tennis).smc	OK	28731	63.54	4.49	0	$00:87fa	00000f	13553
슈퍼 패왕 '95 (Super Baken Ou '95).smc	OK	57088	0.00	0.01	0	$1e:83c1	002140	12268
슈퍼 퍼티 (Super Putty).smc	UNRENDERED	0	0.00	65.91	0	$01:e52f	004210	13282
슈퍼 펀치아웃!! (Super Punch-Out!!).smc	OK	54587	84.53	3.24	0	$00:cc3f	000044	13285
슈퍼 포메이션 사커 (Super Formation Soccer).smc	OK	3845	0.00	10.49	0	$00:8858	0d2140	10616
슈퍼 포메이션 사커 2 (Super Formation Soccer II).smc	OK	26430	0.00	6.07	0	$07:8249	0f2140	12078
슈퍼 포메이션 사커 94 (Super Formation Soccer 94 - World Cup Edition).smc	BOOT_CRASH	-	-	-	-	-	-	
슈퍼 포메이션 사커 94 월드컵 파이널 데이터 (Super Formation Soccer 94 - World Cup Final Data).smc	UNRENDERED	0	0.00	3.99	0	$80:f9f7	802140	11478
슈퍼 포메이션 사커 95 델라 세리에 A (Super Formation Soccer 95 - della Serie A).smc	UNRENDERED	0	0.00	43.55	0	$c2:2975	85420b	13215
슈퍼 포메이션 사커 95 델라 세리에 A UCC 자쿠아 (Super Formation Soccer 95 - della Serie A - UCC Xaqua Version).smc	OK	12700	0.00	2.69	0	$80:efad	802140	11259
슈퍼 포메이션 사커 96 월드 클럽 에디션 (Super Formation Soccer 96 - World Club Edition).smc	OK	57344	0.00	4.63	0	$80:ef68	812140	11712
슈퍼 프로보텍터 에일리언 리벨스 (Super Probotector - Alien Rebels).smc	OK	57023	0.00	0.95	0	$00:937e	052140	11427
슈퍼 프로야구 (Super Professional Baseball).smc	OK	60417	0.00	0.00	0	$07:802a	002140	14491
슈퍼 프로야구 2 (Super Professional Baseball II).smc	OK	57341	0.00	99.86	0	$00:81e4	004210	13234
슈퍼 플레이 액션 풋볼 (Super Play Action Football).smc	BOOT_CRASH	-	-	-	-	-	-	
슈퍼 피싱 빅 파이트 (Super Fishing Bigfight).smc	UNRENDERED	0	0.11	20.93	0	$aa:81fa	aa2140	11992
슈퍼 핀볼 - 가면 뒤의 사나이 (Super Pinball - Behind the Mask).smc	UNRENDERED	0	64.05	11.71	0	$80:8157	000031	13013
슈퍼 핀볼 2 - 어메이징 오디세이 (Super Pinball II - The Amazing Odyssey).smc	OK	46617	52.59	7.89	0	$80:816a	000031	12654
슈퍼 하나후다 (Super Hanafuda).smc	OK	57280	0.71	1.99	0	$8c:86ae	001f18	13665
슈퍼 하나후다 2 (Super Hanafuda 2).smc	OK	50558	0.71	1.92	0	$90:8902	002140	13609
슈퍼 하이 임팩트 (Super High Impact).smc	OK	15834	76.41	3.35	0	$91:fe0e	000037	12995
슈퍼 하키 (Super Hockey).smc	BOOT_CRASH	-	-	-	-	-	-	
슈퍼 하키 94 (Super Hockey '94).smc	OK	53760	0.00	2.55	49588	$c0:f222	002140	1780
슈퍼 혼메이 G1 세이하 (Super Honmei - GI Seiha).smc	UNRENDERED	0	57.52	1.10	0	$00:87f9	000307	12424
슈퍼로봇대전 EX (Super Robot Taisen EX) (2).smc	OK	56880	53.27	7.08	0	$00:8364	000081	14795
슈퍼로봇대전 EX (Super Robot Taisen EX).smc	OK	56880	53.25	7.17	0	$00:8364	000081	14800
슈퍼로봇대전 배틀로봇열전.smc	OK	50179	0.00	7.68	0	$81:8b29	802140	13208
슈퍼로봇대전 외전 마장기신.smc	BOOT_CRASH	-	-	-	-	-	-	
슈퍼로봇대전 제3차.smc	UNRENDERED	0	0.00	15.49	0	$00:dd2e	002140	13546
슈퍼로봇대전 제4차.smc	OK	57344	56.14	8.22	0	$80:f54f	000080	14531
슈퍼마리오 콜렉션.smc	OK	40241	0.00	83.15	0	$1e:86d3	1e4210	15509
슈퍼마리오월드2 - 요시 아일랜드.smc	UNRENDERED	0	0.00	100.00	0	$00:8440	002140	13236
슈퍼맨의 죽음과 부활 (Death and Return of Superman, The).smc	UNRENDERED	0	15.97	46.09	0	$80:fd50	802141	13100
슈퍼원인.smc	OK	51868	55.01	0.31	0	$80:8a15	800fd2	13339
슈퍼원인2.smc	UNRENDERED	0	20.79	1.16	0	$80:893f	80108f	12438
슈퍼콤 파트너 A 바이오스.smc	BOOT_CRASH	-	-	-	-	-	-	
슛테 하쿤 (Sutte Hakkun).smc	OK	57291	72.77	0.16	0	$c0:01fe	7e3a97	11772
스고로 퀘스트 ++ 다이세닉스 (Sugoro Quest++ - Dicenics).smc	OK	57344	33.29	3.40	0	$00:83cf	000007	11925
스고로쿠 은하전기 (Sugoroku Ginga Senki).smc	OK	31303	52.87	3.47	0	$00:805d	001fff	13492
스고이 헤베레케 (Sugoi Hebereke).smc	OK	57344	53.73	5.16	0	$80:81ad	0000c9	15235
스노보드와 함께하는 스키 파라다이스 (Ski Paradise with Snowboard).smc	OK	55701	35.99	13.53	0	$80:b74c	002140	13212
스누피 콘서트 (Snoopy Concert).smc	OK	53346	78.96	0.00	0	$c0:05a8	0000b4	14397
스마트 볼 (Smart Ball).smc	UNRENDERED	0	0.00	66.59	0	$00:aec2	002141	13423
스매시 테니스 (Smash Tennis).smc	OK	57344	87.37	0.00	0	$80:881c	00000f	13468
스머프 (Smurfs, The).smc	BOOT_CRASH	-	-	-	-	-	-	
스머프의 세계 여행 (Smurfs Travel the World, The).smc	BOOT_CRASH	-	-	-	-	-	-	
스와트 캐츠 - 래디컬 스쿼드론 (SWAT Kats - The Radical Squadron).smc	OK	45353	68.42	7.16	0	$c0:007f	00002b	13028
스즈카 8 아워즈 (Suzuka 8 Hours).smc	OK	15584	47.78	0.61	0	$80:8832	00002f	13486
스카이 미션 (Sky Mission).smc	OK	57344	19.38	21.84	0	$0f:8100	002143	13330
스카이 블레이저 (Skyblazer).smc	OK	51616	73.97	10.43	0	$04:8928	00003c	14272
스컬재거 - 웨스티칸의 반란 (Skuljagger - Revolt of the Westicans).smc	UNRENDERED	0	44.38	0.00	0	$00:fdde	000054	13274
스쿠비 두 미스터리 (Scooby-Doo Mystery).smc	OK	54123	24.02	12.32	0	$80:8514	00037f	12231
스크루볼 판타지 3 1st 베타.smc	UNRENDERED	0	0.00	0.00	59561	-	-	0
스타 트렉 - 넥스트 제너레이션 - 퓨처스 패스트 (Star Trek - The Next Generation - Future's Past).smc	OK	22572	0.00	44.42	54091	$88:f440	882143	1127
스타 트렉 - 딥 스페이스 나인 - 크로스로드 오브 타임 (Star Trek - Deep Space Nine - Crossroads of Time).smc	OK	47920	48.60	0.18	0	$01:fe61	000054	13071
스타 트렉 - 스타플릿 아카데미 스타십 브릿지 시뮬레이터 (Star Trek - Starfleet Academy - Starship Bridge Simulator).smc	OK	45703	13.96	4.39	0	$82:80d2	800075	11298
스타게이트 (Stargate).smc	UNRENDERED	0	62.19	7.43	0	$80:be0a	800440	12209
스타더스트 수플렉스 (Stardust Suplex).smc	UNRENDERED	0	34.36	0.11	0	$80:8af1	00012b	13511
스타오션 - 파트A (Star Ocean).sfc	BOOT_CRASH	-	-	-	-	-	-	
스타윙 (Starwing).smc	BOOT_CRASH	-	-	-	-	-	-	
스타윙 공식 대회 (Starwing - Competition).smc	BOOT_CRASH	-	-	-	-	-	-	
스타폭스 (Star Fox) (2).smc	BOOT_CRASH	-	-	-	-	-	-	
스타폭스 (Star Fox).smc	BOOT_CRASH	-	-	-	-	-	-	
스타폭스 슈퍼 위켄드 콤페티션 (Super Star Fox Weekend).smc	BOOT_CRASH	-	-	-	-	-	-	
스타폭스2 (Star Fox 2).smc	BOOT_CRASH	-	-	-	-	-	-	
스턴트 레이스 FX (Stunt Race FX).smc	UNRENDERED	0	0.00	0.00	0	$04:d783	032140	15595
스털링 샤프 - 엔드 투 엔드 (Sterling Sharpe - End 2 End).smc	OK	61173	0.00	5.07	0	$80:f5c0	802140	13818
스텔스 (Stealth).smc	OK	57344	0.00	3.77	0	$00:f984	002140	16642
스토바스 야로 쇼 - 3 on 3 농구 (Sutobasu Yarou Show).smc	OK	56815	63.30	0.24	0	$81:86a5	810110	13066
스톤 프로텍터스 (Stone Protectors).smc	UNRENDERED	0	20.94	5.29	5781	$0d:8f00	0000a2	13115
스트라이커 (Striker).smc	OK	55114	0.00	91.87	0	$00:914a	004212	13232
스트라이크 거너 (Strike Gunner S.T.G).smc	OK	2679	84.84	0.02	0	$00:83cf	000542	13361
스트레인지 마리오 월드.smc	OK	44979	82.00	1.65	0	$00:806d	000010	14775
스트리트 레이서 (Street Racer).smc	UNRENDERED	0	19.58	11.07	0	$8d:800c	7e53c7	12113
스트리트 컴뱃 (Street Combat).smc	UNRENDERED	0	51.48	3.48	0	$00:82da	01018f	11374
스트리트 파이터 2 (Street Fighter II).smc	OK	49405	64.97	1.61	0	$00:80fb	070bea	13282
스트리트 파이터 2 터보 (Street Fighter II Turbo).smc	OK	49296	46.42	4.75	0	$c0:00cf	801840	13514
스트리트 파이터 제로2 (Street Fighter Zero 2).smc	UNRENDERED	0	0.00	0.00	0	-	-	0
스트리트 파이터II' 슈퍼 - 리로드.smc	OK	49329	48.67	10.49	0	$c0:00db	871860	13496
스트리트 하키 95 (Street Sports - Street Hockey '95).smc	UNRENDERED	0	36.57	7.75	0	$c0:76fa	0000d1	13067
스틸 탤론즈 (Steel Talons).smc	OK	54305	56.57	14.26	0	$80:f7cd	000201	12417
스파이더맨 &amp; 베놈 - 맥시멈 카네이지 (Spider-Man - Venom - Maximum Carnage).smc	UNRENDERED	0	0.00	0.00	0	$82:8aaf	802140	11670
스파이더맨 (Spider-Man).smc	OK	19896	0.00	1.89	0	$82:e878	002141	15014
스파이더맨 엑스맨 (Spider-Man - X-Men - Arcade's Revenge).smc	OK	12711	0.00	1.87	0	$02:88d0	012140	12343
스파이더맨과 베놈 - 세퍼레이션 앤서니어티 (Venom - Spider-Man - Separation Anxiety).smc	OK	57344	0.00	0.00	0	$82:8a00	802140	11617
스파이크 맥팽의 기묘한 이야기 (Twisted Tales of Spike McFang, The).smc	OK	28533	44.27	4.52	0	$80:863c	000004	14379
스파크 월드 (Spark World).smc	OK	51601	0.00	5.41	0	$8d:8451	002140	10961
스파크스터 (Sparkster).smc	BOOT_CRASH	-	-	-	-	-	-	
스파크스터.smc	BOOT_CRASH	-	-	-	-	-	-	
스팽키의 퀘스트 (Spanky's Quest).smc	OK	10730	88.78	0.76	0	$00:8070	001fff	15634
스페이스 메가포스 (Space Megaforce).smc	OK	56994	77.28	4.32	0	$00:8b6c	000025	14703
스페이스 바주카 (Space Bazooka).smc	OK	57342	80.02	0.91	0	$80:8486	0000f2	14713
스페이스 에이스 (Space Ace).smc	OK	1175	86.99	1.88	0	$80:bd8f	800f8b	13197
스페이스 펑키 B.O.B. (Space Funky B.O.B.).smc	UNRENDERED	0	42.48	2.45	0	$80:824c	80026a	14182
스페이스 풋볼 - 원 온 원 (Space Football - One on One).smc	OK	52623	69.23	0.02	0	$00:9d34	0000fa	15304
스페이스펑키 B.O.B.smc	UNRENDERED	0	42.48	2.45	0	$80:824c	80026a	14182
스펙터 (Spectre).smc	OK	17373	42.33	9.37	27204	$01:d4fa	0004b5	6660
스펠 크래프트.smc	BOOT_CRASH	-	-	-	-	-	-	
스포츠 일러스트레이티드 풋볼 앤 베이스볼 (Sports Illustrated - Championship Football & Baseball).smc	UNRENDERED	0	82.63	4.07	27741	$80:82e2	000031	6699
스포팅 뉴스 파워 베이스볼 (Sporting News, The - Baseball).smc	OK	28602	67.59	0.00	0	$c0:0635	00004b	14667
스폰 (Todd McFarlane's Spawn - The Video Game).smc	UNRENDERED	0	64.26	9.08	0	$c1:103d	000064	14438
스프리건 파워드 (Spriggan Powered).smc	BOOT_CRASH	-	-	-	-	-	-	
스프린터 모노가타리 - 메자세!! 일각천금 (Sprinter Monogatari - Mezase!! Ikkakusenkin).smc	OK	57344	69.31	0.31	0	$12:91d4	000466	13160
스피드 레이서 - 나의 가장 위험한 모험 (Speed Racer).smc	OK	57344	50.17	1.58	0	$81:8690	000054	14930
스피디 곤잘레스 - 로스 가토스 반디도스 (Speedy Gonzales - Los Gatos Bandidos).smc	UNRENDERED	0	62.65	8.66	0	$80:c449	000092	14845
스피루 (Spirou).smc	OK	1503	90.32	0.00	0	$82:9244	00046f	11538
스핀디지 월드 (Spindizzy Worlds).smc	OK	41031	13.78	16.77	28398	$06:9644	060529	6703
슬램덩크 - SD 히트 업!! (From TV Animation Slam Dunk - SD Heat Up!!).smc	OK	57344	80.17	0.00	0	$80:8162	001ffe	14451
슬램덩크 2 - IH예선완전판!! (From Tv Animation - Slam Dunk 2 - Ih Yosen Kanzenban!!) (3).smc	OK	57344	0.00	0.45	0	$c0:8b91	002140	12822
슬램덩크 2 - IH예선완전판!! (From Tv Animation - Slam Dunk 2 - Ih Yosen Kanzenban!!).smc	OK	57344	0.00	0.43	0	$c0:8b91	002140	12822
슬랩 스틱 (Slap Stick).smc	OK	56735	0.00	56.98	0	$84:8009	004210	12233
슬레이어즈 (Slayers) (2).smc	OK	5506	79.79	0.00	0	$80:8585	8800d3	12972
슬레이어즈 (Slayers).smc	OK	5506	79.79	0.00	0	$80:8585	8800d3	12972
시간의 카르멘 산디에고 (Where in Time Is Carmen Sandiego).smc	UNRENDERED	0	47.47	3.73	0	$00:83e1	7e0965	11573
시로이 링 헤 - 트윙클 리틀 스타 스토리 (Shiroi Ring e - Twinkle Little Star).smc	UNRENDERED	0	0.00	0.54	0	$0e:8852	0e2140	11547
시모노 마사키의 피싱 투 베이싱 (Shimono Masaki no Fishing to Bassing).smc	OK	57344	0.00	8.07	0	$c0:0e86	002140	12588
시뮬레이션 프로 야큐 (Simulation Pro Yakyuu).smc	OK	55218	85.47	3.81	12047	$07:86ea	000051	11953
시뮬레이션 프로 야큐 2 (Furuta Atsuya no Simulation Pro Yakyuu 2).smc	OK	55076	0.00	43.26	42788	$00:95ef	004212	3669
시엔 - 더 블레이드 체이서 (Shien - The Blade Chaser).smc	UNRENDERED	0	47.69	8.56	0	$80:8bac	00018d	12942
시엔의 복수 (Shien's Revenge).smc	UNRENDERED	0	46.13	8.26	0	$80:8c03	00018d	12950
시크릿 오브 더 스타즈 (Tecmo Secret of the Stars).smc	BOOT_CRASH	-	-	-	-	-	-	
시키 영웅전 (Shiki Eiyuuden).smc	UNRENDERED	0	0.00	0.00	0	$0e:8a99	002140	8825
신 SD전국전 - 대장군열전 (Shin SD Sengokuden - Daishougun Retsuden).smc	OK	57344	0.00	1.44	0	$aa:8235	002140	10333
신 나키노류 - 마작 필승전 (Mahjong Hishouden - Shin Naki no Ryuu).smc	OK	51672	11.88	0.11	0	$82:8003	7e12aa	11258
신 마작 (Shin Mahjong).smc	OK	57344	0.00	0.00	0	$80:82c6	81003c	13471
신 모모타로 전설 (Shin Momotarou Densetsu).smc	OK	51937	30.68	7.38	0	$00:f14b	000037	12746
신 스타 트렉 - 넥스트 제너레이션 (Shin Star Trek - Ooinaru Isan IFD no Nazo o Oe).smc	OK	14444	0.00	50.37	43228	$c0:80f6	804212	3434
신 열혈경파 - 쿠니오들의 만가 (Shin Nekketsu Kouha - Kunio-tachi no Banka).smc	OK	40960	59.59	15.79	0	$80:8b47	001d10	12879
신 일각천금 (Shin Ikkakusenkin).smc	OK	57344	69.38	6.90	0	$08:97b7	000466	13372
신 토겐쿄 (Shichuusuimei-gaku Nyuumon - Shin Tougenkyou).smc	OK	57088	0.00	77.54	0	$00:b16d	014210	15683
신기동전기 건담W - 엔들리스 듀얼 (Shin Kidou Senki Gundam W - Endless Duel).smc	OK	46872	39.39	14.80	0	$00:80b6	00000f	12684
신디케이트 (Syndicate).smc	BOOT_CRASH	-	-	-	-	-	-	
신세기 오딧세리아 (Shinseiki Odysselya).smc	OK	55586	45.61	2.10	0	$22:9184	20099f	12341
신세기 오딧세리아 II (Shinseiki Odysselya II).smc	OK	57344	53.37	0.76	0	$92:fbe8	870871	11782
신쇼기 클럽 (Shin Shougi Club).smc	UNRENDERED	0	100.00	0.00	0	$c1:fd00	001fff	14890
신일본 프로레슬링 '94 - 배틀필드 인 도쿄 돔 (Shin Nihon Pro Wrestling Kounin - '94 Battlefield in Tokyo Dome).smc	UNRENDERED	0	75.04	0.09	0	$80:8a2a	0000e0	15838
신일본 프로레슬링 '95 - 도쿄 돔 배틀 7 (Shin Nihon Pro Wrestling Kounin - '95 Tokyo Dome Battle 7).smc	OK	57088	51.49	0.16	0	$80:8b59	00012a	14332
신일본 프로레슬링 - 초전사 인 도쿄 돔 (Shin Nihon Pro Wrestling - Chou Senshi in Tokyo Dome - Fantastic Story).smc	BOOT_CRASH	-	-	-	-	-	-	
신즈이 타이쿄쿠 이고 - 고 센닌 (Shinzui Taikyoku Igo - Go Sennin).smc	OK	49952	97.16	0.00	0	$10:8016	000348	13177
실바 사가 II - 빛과 어둠의 전설 (Silva Saga II - The Legend of Light and Darkness).smc	BOOT_CRASH	-	-	-	-	-	-	
실전 경정 (Jissen Kyoutei).smc	OK	57344	74.86	9.72	0	$c0:0234	00004b	11567
실전 파친코 필승법 2 (Jissen Pachinko Hisshouhou! 2).smc	OK	57344	54.57	2.51	0	$80:972d	7e0237	12501
실전 파친코슬롯 필승법 (Jissen! Pachi-Slot Hisshouhou!).smc	BOOT_CRASH	-	-	-	-	-	-	
실전 파친코슬롯 필승법 2 (Jissen! Pachi-Slot Hisshouhou! 2).smc	OK	52370	62.73	2.90	0	$00:8289	000c07	12032
실전 파친코슬롯 필승법 야마사 전설 (Jissen! Pachi-Slot Hisshouhou! Yamasa Densetsu).smc	UNRENDERED	0	96.27	0.00	0	$80:900a	7e3893	11405
실전 파친코슬롯 필승법 클래식 (Jissen! Pachi-Slot Hisshouhou! Classic).smc	OK	57344	59.90	11.44	0	$00:839d	000021	11691
실전 파친코슬롯 필승법 트윈 (Jissen Pachi-Slot Hisshouhou! Twin).smc	OK	56546	15.29	6.97	0	$80:840c	801e60	15133
실전 파친코슬롯 필승법 트윈 2 (Jissen Pachi-Slot Hisshouhou! Twin Vol. 2).smc	OK	57344	0.00	2.74	0	$82:85d7	802140	12048
실전! 마작 지남 (Jissen! Mahjong Shinan).smc	OK	57232	53.81	2.80	0	$00:8523	000088	11690
실전! 배스 피싱 필승법 in USA (Jissen Bass Fishing Hisshouhou in USA).smc	OK	57344	91.89	2.04	0	$00:80d8	001fff	15870
실황 오샤베리 파로디우스 (Jikkyou Oshaberi Parodius).smc	BOOT_CRASH	-	-	-	-	-	-	
실황 월드 사커 - 퍼펙트 일레븐 (Jikkyou World Soccer - Perfect Eleven).smc	OK	57344	0.00	0.00	0	$80:82fe	81003c	13931
실황 월드 사커2 - 파이팅 일레븐 (Jikkyou World Soccer 2 - Fighting Eleven).smc	BOOT_CRASH	-	-	-	-	-	-	
실황 파워풀 프로 야구 - 베이직판 98 (Jikkyou Powerful Pro Yakyuu - Basic '98).smc	OK	57344	0.14	0.00	0	$80:831a	8a0058	13312
실황 파워풀 프로 야구 2 (Jikkyou Powerful Pro Yakyuu 2).smc	OK	57211	0.22	0.00	0	$80:83c5	000058	13401
실황 파워풀 프로 야구 3 (Jikkyou Powerful Pro Yakyuu 3).smc	OK	57344	0.14	0.00	0	$80:831a	8a0058	13296
실황 파워풀 프로 야구 94 (Jikkyou Powerful Pro Yakyuu '94).smc	OK	57020	0.09	0.00	0	$80:837a	85004a	13517
실황 파워풀 프로 야구 96 개막판 (Jikkyou Powerful Pro Yakyuu '96 - Kaimaku Ban).smc	OK	57344	0.14	0.00	0	$80:831a	8a0058	13325
실황 파워풀 프로야구3 - '97 봄 (Jikkyou Powerful Pro Yakyuu 3 - '97 Haru) (3).smc	OK	57344	0.14	0.00	0	$80:831a	8a0058	13322
실황 파워풀 프로야구3 - '97 봄 (Jikkyou Powerful Pro Yakyuu 3 - '97 Haru).smc	OK	57344	0.14	0.00	0	$80:831a	8a0058	13322
실황 파워프로 레슬링 96 - 맥스 볼티지 (Jikkyou Power Pro Wrestling '96 - Max Voltage).smc	BOOT_CRASH	-	-	-	-	-	-	
심리 게임 - 악마의 코코로지 (Shinri Game, The - Akuma no Kokoroji).smc	BOOT_CRASH	-	-	-	-	-	-	
심리 게임 2 - 매지컬 트립 (Shinri Game 2, The - Magical Trip).smc	OK	27907	96.14	0.00	0	$01:9284	000058	15441
심리 게임 3 (Shinri Game 3, The).smc	OK	13312	76.03	16.91	0	$c0:0205	000064	14358
심슨 가족 - 바트의 악몽 (Simpsons, The - Bart's Nightmare).smc	OK	57344	58.56	3.33	0	$15:abfd	00003f	14562
심슨 가족 - 바트의 이상한 꿈의 대모험 (Simpsons, The - Bart no Fushigi na Yume no Daibouken).smc	OK	57344	58.56	3.33	0	$15:abfd	00003f	14562
심시티 (SimCity) (2).smc	OK	204	0.00	0.81	0	$05:934c	032140	12722
심시티 (SimCity).smc	OK	176	0.00	0.81	0	$05:936d	032140	12731
심시티 2000 (SimCity 2000 - The Ultimate City Simulator).smc	OK	34640	22.59	0.98	0	$c0:8664	7e002b	10691
심시티 주니어 (SimCity Jr.).smc	OK	57201	0.00	3.87	0	$c0:0c53	002140	11290
심시티2000.smc	OK	34576	21.78	1.00	0	$c0:8664	7e002b	10665
심앤트 (SimAnt - The Electronic Ant Colony).smc	OK	57344	75.24	1.87	0	$00:8781	000100	14645
심어스 - 더 리빙 플래닛 (SimEarth - The Living Planet).smc	BOOT_CRASH	-	-	-	-	-	-	
싱크 오어 스윔 (S.O.S - Sink or Swim).smc	UNRENDERED	0	0.00	58.19	0	$80:cfbb	804212	12602
싸워라 원시인2 - 루키의 모험 (Tatakae Genshijin 2 - Rookie no Bouken).smc	OK	56936	78.80	2.37	0	$00:854a	0000aa	14933
싸워라 원시인3 - 주역은 역시 조&맥 (Tatakae Genshijin 3 - Shuyaku wa Yappari Joe & Mac).smc	OK	57344	44.78	15.10	0	$80:831d	000032	14551
싸이코 드림.smc	UNRENDERED	0	56.01	18.97	0	$c0:070e	000046	14742
썬더 스피리츠 (Thunder Spirits).smc	OK	23085	50.21	1.19	0	$00:8815	001a70	13499
썬더버드 - 국제 구조대 출동하라! (Gerry Anderson's Thunderbirds - Kokusai Kyuujotai Shutsudou Seyo!!).smc	OK	55883	68.84	5.28	0	$00:914f	000051	13192
씨퀘스트 DSV (seaQuest DSV).smc	OK	56937	9.50	42.07	10704	$19:88d6	004212	10301
아구리 스즈키 F-1 슈퍼 드라이빙 (Aguri Suzuki F-1 Super Driving).smc	OK	57344	0.00	0.00	0	$02:8f7b	002140	12335
아담스 패밀리 (Addams Family, The).smc	OK	46763	0.00	21.33	36102	$00:dc42	002141	5223
아담스 패밀리 - 퍼즐리의 스케빈저 헌트 (Addams Family, The - Pugsley's Scavenger Hunt).smc	OK	46093	62.97	3.31	10	$80:a16f	000046	15173
아담스 패밀리 밸류스 (Addams Family Values).smc	OK	55458	59.15	20.23	0	$85:a002	000c38	13499
아디 라이트풋 (Ardy Lightfoot).smc	OK	57344	29.98	10.44	0	$9e:e4a3	7f0ae3	12743
아라비안 나이트 사막의 정령왕 (Arabian Nights - Sabaku no Seirei Ou).smc	OK	34204	95.56	0.42	0	$c0:4c45	001219	11471
아랑전설 (Art of Fighting).smc	OK	53760	31.39	15.00	0	$c0:104f	7f95ef	12574
아랑전설 - 숙명의 투쟁 (Garou Densetsu - Shukumei no Tatakai).smc	OK	57088	89.98	1.57	0	$00:8376	000051	13878
아랑전설 2 (Fatal Fury 2).smc	UNRENDERED	0	72.01	2.59	0	$c0:0982	00002d	13059
아랑전설 스페셜 (Fatal Fury Special).smc	UNRENDERED	0	52.31	24.01	0	$c0:0c2a	7f8830	12874
아랑전설 스페셜 (Garou Densetsu Special).smc	UNRENDERED	0	0.00	66.97	0	$c0:661a	002137	12318
아랑전설2 - 새로운 싸움 (Garou Densetsu 2 - Aratanaru Tatakai).smc	OK	47866	58.70	3.12	0	$c0:0982	00002d	13010
아레나.smc	OK	49884	44.59	2.87	0	$80:8343	8005b4	13013
아레사 (Aretha).smc	OK	57344	54.57	14.41	0	$04:b678	04046a	13609
아레사 2 아리엘의 이상한 여행 (Aretha II - Ariel no Fushigi na Tabi).smc	OK	57344	57.89	14.45	0	$02:9125	020452	13857
아르카나 (Arcana).smc	OK	2349	83.94	0.00	0	$00:88f0	000020	13349
아르커스 스피리츠 (Arcus Spirits).smc	UNRENDERED	0	28.37	0.00	0	$83:c1e9	831f42	12471
아메리카 횡단 울트라 퀴즈 (America Oudan Ultra Quiz).smc	OK	56526	22.03	4.19	0	$00:ac63	7e2ff9	12230
아메리칸 글래디에이터스 (American Gladiators).smc	BOOT_CRASH	-	-	-	-	-	-	
아메리칸 배틀 돔 (American Battle Dome).smc	OK	57344	63.23	0.00	0	$80:abf7	000047	14298
아메리칸 테일 피벨 고즈 웨스트 (American Tail, An - Fievel Goes West).smc	OK	56483	88.61	1.76	0	$00:81e3	000016	15227
아사메시마에 냥코 (Asameshimae Nyanko).smc	OK	57344	0.00	19.69	0	$14:81fd	142140	12028
아사히 신문 연재 카토 1-2-3 장기 신기류 (Asahi Shinbun Rensai - Katou Hifumi Kudan Shougi - Shingiryuu).smc	BOOT_CRASH	-	-	-	-	-	-	
아서왕과 정의의 기사단 (King Arthur & The Knights of Justice).smc	OK	44113	22.28	16.53	0	$86:911c	800101	12606
아스테릭스 (Asterix).smc	BOOT_CRASH	-	-	-	-	-	-	
아스테릭스와 오벨릭스 (Asterix & Obelix).smc	BOOT_CRASH	-	-	-	-	-	-	
아아악!!! 리얼 몬스터 (Aaahh!!! Real Monsters).smc	UNRENDERED	0	0.00	10.44	0	$87:a096	002141	14182
아우터 월드 (Outer World).smc	OK	4291	84.08	1.06	0	$80:da4e	801d4d	11623
아웃 오브 디스 월드 (Out of This World).smc	OK	4283	85.34	1.07	0	$80:da04	801d4d	11607
아웃 투 런치 (Out to Lunch).smc	OK	45121	48.24	7.51	0	$82:8b44	002140	13468
아웃랜더 (Outlander).smc	OK	48778	63.50	5.58	0	$81:8322	000702	15425
아이렘 스킨스 게임 (Irem Skins Game, The).smc	OK	57344	0.00	3.57	0	$04:b2d3	140207	10919
아이르통 세나 레이싱.smc	UNRENDERED	0	95.95	0.00	0	$a8:8673	000026	15499
아이언 코만도 (Iron Commando - Koutetsu no Senshi).smc	UNRENDERED	0	29.85	36.41	0	$81:926f	000030	14122
아이언 코만도 - 강철의 전사.smc	UNRENDERED	0	29.85	36.41	0	$81:926f	000030	14122
아처 맥클레인의 드롭존 (Archer Maclean's Super Dropzone).smc	OK	35133	54.32	18.97	0	$00:eb0e	000011	14819
아카가와 지로 - 마녀들의 잠 (Akagawa Jirou - Majo-tachi no Nemuri).smc	UNRENDERED	0	74.97	1.60	0	$80:98c9	000020	14349
아케이드 베스트 히츠 아타리 컬렉션 1 (Arcade's Greatest Hits - The Atari Collection 1).smc	BOOT_CRASH	-	-	-	-	-	-	
아쿠탈리온 (Aqutallion).smc	OK	36864	80.09	0.45	0	$00:8414	000000	13524
아크노이드 도 잇 어게인 (Arkanoid - Doh It Again).smc	OK	41276	0.00	0.00	0	$84:8093	002140	12475
아크로뱃 미션 (Acrobat Mission).smc	OK	46916	71.48	2.30	0	$00:85db	000201	11485
아키 2K의 세계.smc	OK	42502	78.41	1.72	0	$00:806d	000010	14628
아틀라스 - 르네상스 보이저 (Atlas, The - Renaissance Voyager).smc	OK	47753	40.51	16.64	0	$80:8be5	000a83	12156
악마성 드라큘라 (Akumajou Dracula).smc	OK	55508	0.48	0.15	0	$02:85d8	002140	11570
악마성 드라큘라 XX (Akumajou Dracula XX) (2).smc	OK	57228	0.00	0.00	0	-	-	13184
악마성 드라큘라 XX (Akumajou Dracula XX) (3).smc	OK	55508	0.48	0.15	0	$02:85d8	002140	11570
악마성 드라큘라 XX (Akumajou Dracula XX).smc	OK	57228	0.00	0.00	0	-	-	13184
안드레 아가시 테니스 (Andre Agassi Tennis).smc	OK	57309	33.84	12.97	0	$80:a110	000001	14361
안젤리크 (Angelique).smc	OK	1405	51.84	3.42	0	$c0:9f11	000b62	12673
안젤리크 보이스 판타지 (Angelique - Voice Fantasy).smc	OK	12336	34.86	6.17	0	$c0:9f11	000b62	11569
안젤리크 프리미엄 박스 (Angelique - Premium Box).smc	OK	1405	51.84	3.42	0	$c0:9f11	000b62	12673
알 운서 주니어 로드 투 더 탑 (Al Unser Jr.'s Road to the Top).smc	OK	56705	60.55	3.01	0	$83:82d6	000053	14229
알 타입 III - 서드 라이트닝 (R-Type III).smc	BOOT_CRASH	-	-	-	-	-	-	
알라딘 (Aladdin).smc	UNRENDERED	0	27.64	3.67	0	$83:ab1f	80146b	13472
알버트 오딧세이 (Albert Odyssey).smc	OK	11571	88.58	0.97	0	$80:85f2	0000e1	15326
알버트 오딧세이2 - 사신의 태동 (Albert Odyssey 2 - Jashin no Taidou).smc	OK	57344	36.79	4.08	0	$c0:089d	0000d9	13035
알카에스트 (Alcahest) (2).smc	OK	57217	60.93	1.25	0	$80:88fd	00002e	12657
알카에스트 (Alcahest).smc	OK	57217	60.94	1.25	0	$80:88fd	00002e	12658
알타입 III (R-Type III - The Third Lightning).smc	UNRENDERED	0	25.96	1.39	0	$81:de2e	810209	13262
암흑의 바다 해적 (Pirates of Dark Water, The).smc	UNRENDERED	0	57.44	13.41	0	$80:a97d	00001f	14284
애니매니악스 (Animaniacs).smc	BOOT_CRASH	-	-	-	-	-	-	
애플시드 (Appleseed - Prometheus no Shintaku).smc	OK	49152	65.39	3.38	0	$01:cfb6	0000a8	15012
액션 파치오 (Action Pachio).smc	OK	3115	0.00	0.00	0	$9a:804c	002140	9860
액트레이저 (ActRaiser).smc	UNRENDERED	0	0.00	100.00	0	$02:9a63	002141	11528
액트레이저 2 (ActRaiser 2).smc	OK	43126	0.00	20.99	0	$80:bde4	004210	13049
앨리스의 페인트 어드벤처 (Alice no Paint Adventure).smc	UNRENDERED	0	0.00	0.51	0	$c0:193f	002140	8267
야광충 (Yakouchuu).smc	OK	14192	0.00	1.90	0	$28:8520	002140	13697
야다몬 - 원더랜드 드림즈 (Yadamon - Wonderland Dream).smc	OK	54155	55.36	0.00	0	$00:80e1	0000ba	13238
야마네코 법시의 대모험 (Yamaneko Bubsy no Daibouken).smc	OK	2759	0.25	59.12	0	$80:f6b5	004212	13410
야마토 타케루 (Hi no Ouji - Yamato Takeru).smc	OK	3502	32.64	9.53	0	$c2:3fd7	00018f	13079
얌! 얌! (Yam! Yam!).smc	OK	57344	49.83	6.10	0	$c0:f01b	00022c	12826
어나더 월드 (Another World).smc	OK	4093	84.63	1.35	0	$80:da04	801d4d	11623
어메이징 스파이더맨 리썰 포스 (Amazing Spider-Man, The - Lethal Foes).smc	OK	57344	64.82	2.10	0	$c0:871e	000080	14965
어반 스트라이크 (Urban Strike).smc	UNRENDERED	0	4.88	13.07	0	$92:8104	802141	12186
어스 라이트 (Earth Light).smc	OK	57315	23.08	2.57	0	$00:9e48	000806	13032
어스 라이트 - 루나 스트라이크 (Earth Light - Luna Strike).smc	UNRENDERED	0	0.00	0.00	7214	-	-	10687
어스바운드 (EarthBound).smc	OK	57344	74.87	4.06	0	$c0:8762	7e002b	13183
어스웜 짐 (Earthworm Jim).smc	OK	36500	0.00	2.34	0	$c3:0746	002141	14079
어스웜 짐 2 (Earthworm Jim 2).smc	OK	47059	50.29	3.35	0	$c0:e2b4	000701	12777
어썰트 슈츠 발켄 (Juusou Kihei Valken).smc	BOOT_CRASH	-	-	-	-	-	-	
언네임드 마리오 월드.smc	OK	43157	78.81	1.67	0	$00:806d	000010	14636
언더커버 캅스 (Undercover Cops).smc	OK	7759	73.53	4.89	0	$c0:8125	000021	12366
언더커버 코웁스.smc	OK	7762	73.57	4.89	0	$c0:8125	000021	12369
언터처블 (Untouchables, The).smc	OK	51454	65.04	4.62	0	$01:bf80	000012	13297
언홀리나잇 다크니스 헌터.smc	OK	47064	0.00	5.14	29	$80:830a	802140	13194
얼티밋 마리오 월드 빈 월드 크라이시스 1.29.smc	OK	43661	71.08	1.66	0	$00:806d	000010	14544
얼티밋 모탈 컴뱃 3 (Ultimate Mortal Kombat 3).smc	UNRENDERED	0	0.00	9.71	0	$84:eadc	802140	12692
얼티밋 파이터 (Ultimate Fighter).smc	OK	57344	81.09	0.00	0	$80:85c3	8000ab	13288
얼티밋 풋볼 (Ultimate Football).smc	OK	51941	94.00	0.10	0	$00:80bc	000067	11600
엄청! 럭키맨 (Tottemo! Lucky Man - Lucky Cookie Roulette de Totsugekii).smc	OK	17102	61.98	19.96	0	$00:8039	0000c4	14372
에너지 브레이커.smc	OK	49152	10.40	0.95	0	$8e:ec22	00149c	12179
에도노 키바 (Edono Kiba).smc	UNRENDERED	0	60.96	0.63	0	$c0:0759	000084	14459
에릭 캔토나 풋볼 챌린지 (Eric Cantona Football Challenge).smc	OK	55114	0.00	91.87	0	$80:9149	804212	13232
에메랄드 드래곤 (Emerald Dragon).smc	OK	15348	57.62	0.48	0	$c0:fa15	000104	12323
에밋 스미스 풋볼 (Emmitt Smith Football).smc	OK	49723	67.85	5.05	0	$81:f6a0	810363	11301
에버모어의 비밀 (Secret of Evermore).smc	OK	9165	47.09	5.39	0	$80:8592	800101	12628
에스토폴리스 전기 II (Lufia II - Rise of the Sinistrals).smc	OK	29156	63.54	4.40	0	$83:9010	000040	14622
에스트폴리스 전기 (Estpolis Denki) (2).smc	OK	49975	87.81	1.22	0	$00:a611	000039	13414
에스트폴리스 전기 (Estpolis Denki).smc	OK	49975	87.81	1.22	0	$00:a611	000039	13414
에스트폴리스 전기 2 (Estpolis Denki II).smc	OK	28678	60.51	4.29	0	$83:9010	000040	14592
에스트폴리스 전기II.smc	OK	28678	60.51	4.30	0	$83:9010	000040	14591
에스파크스 - 이차원에서 온 방문자 (Esparks - Ijikuu kara no Raihousha).smc	OK	16966	51.52	9.56	46616	$c0:81f1	000091	2965
에어 매니지먼트 - 오오조라니 카케루 (Air Management - Oozora ni Kakeru).smc	OK	2615	94.40	0.00	0	$00:949f	000bdf	13836
에어 매니지먼트 II - 코쿠오오오 메자세 (Air Management II - Koukuuou o Mezase).smc	OK	57344	49.19	0.00	0	$00:9557	000be0	12118
에어 캐벌리 (Air Cavalry).smc	OK	57176	41.27	3.53	22409	$00:cef6	000108	7647
에어로 더 아크로뱃 (Aero the Acro-Bat).smc	OK	875	79.97	8.44	0	$84:a0ac	800104	13121
에어로 더 아크로뱃 2 (Aero the Acro-Bat 2).smc	UNRENDERED	0	25.28	47.70	0	$87:fc62	000002	13810
에어로 파이터즈 (Aero Fighters).smc	OK	56943	38.70	11.65	0	$80:826d	7f0003	11980
에어로비즈 (Aerobiz).smc	OK	790	97.17	0.00	0	$00:94e6	000bdf	13930
에어로비즈 슈퍼소닉 (Aerobiz Supersonic).smc	OK	57344	95.19	0.00	0	$00:9558	000be0	13869
에어리어 88 (Area 88) (3).smc	OK	30830	79.50	0.00	0	$00:8129	00006a	15353
에어리어 88 (Area 88).smc	OK	30889	79.46	0.00	0	$00:8129	00006a	15352
에어리어 88 _ U.N. 특수부대 (U.N. Squadron).smc	OK	30482	76.70	0.00	0	$00:8129	00006a	15277
에이스를 노려라! (Ace o Nerae!).smc	OK	57344	0.00	99.93	0	$80:e7ab	807000	12432
에인션트 매직 바조! 마법세계 (Ancient Magic - Bazoe! Mahou Sekai).smc	OK	5120	69.75	7.44	0	$03:c9f8	000010	14631
에일리언 3 (Alien 3).smc	UNRENDERED	0	5.18	26.89	0	$1f:8123	000000	11783
에일리언 vs 프레대터 (Alien vs Predator).smc	OK	43104	63.13	4.81	0	$00:bfea	000354	13171
에일리언3.smc	UNRENDERED	0	2.91	26.94	0	$1f:8123	000000	11766
에프-1 그랑프리 3 (F-1 Grand Prix - Part III).smc	UNRENDERED	0	0.00	12.52	0	$80:dcf5	0000d5	11185
에프원 로크 - 레이스 오브 챔피언스 (F1 ROC - Race of Champions).smc	OK	56536	44.21	9.48	0	$08:cda8	010028	13369
에프원 로크 2 - 레이스 오브 챔피언스 (F1-ROC II - Race of Champions).smc	BOOT_CRASH	-	-	-	-	-	-	
에프원 폴 포지션 2 (F1 Pole Position 2).smc	OK	11445	0.00	5.71	0	$80:e77d	9f2140	11636
엑셀 브리드 (Accele Brid).smc	OK	376	0.00	6.09	0	$14:81fd	942140	13453
엑스레이 (Axelay) (3).smc	OK	57344	0.30	4.48	0	$00:8606	012140	11791
엑스레이 (Axelay).smc	OK	57344	0.29	4.46	0	$00:8606	012140	11821
엑스맨 - 뮤턴트 아포칼립스 (X-Men - Mutant Apocalypse).smc	OK	57344	57.94	13.91	0	$c0:00ab	8000d4	13436
엑스트라 이닝스 (Extra Innings).smc	OK	52122	89.11	2.49	0	$00:826b	000100	13273
엑조스트 히트 (Exhaust Heat).smc	OK	56536	41.72	9.43	0	$08:cd9f	010028	13454
엑조스트 히트 2 - 에프-1 드라이버의 기적 (Exhaust Heat II - F1 Driver e no Michi).smc	BOOT_CRASH	-	-	-	-	-	-	
엔비에이 라이브 96 (NBA Live 96).smc	UNRENDERED	0	73.09	5.22	0	$80:873b	800565	12051
엔비에이 라이브 97 (NBA Live 97).smc	OK	57344	79.07	6.41	0	$80:a7f0	800565	11824
엔비에이 라이브 98 (NBA Live 98).smc	OK	7003	81.57	6.45	0	$80:a886	800565	11758
엔에이치엘 94 (NHL '94).smc	OK	56440	23.92	6.53	0	$80:858a	800765	13938
엔에이치엘 95 (NHL 95).smc	OK	2983	5.12	0.00	43200	$cf:00ba	802140	3536
엔에이치엘 96 (NHL 96).smc	OK	57344	72.56	0.00	7	$c6:c030	7e0497	11892
엔에이치엘 97 (NHL 97).smc	OK	57344	73.12	0.00	7	$c6:c184	7e0497	11916
엔에이치엘 98 (NHL 98).smc	OK	7842	75.05	0.00	102	$c6:c6d5	7e0497	12001
엘나드 (Elnard).smc	OK	1776	47.76	1.62	0	$c0:fab9	0006fe	13957
엘리트 사커 (Elite Soccer).smc	OK	53893	0.00	44.06	0	$82:80bf	824212	12772
엘파리아 (Elfaria - A Fantastic Theater).smc	OK	32335	72.10	3.99	0	$00:8200	000205	11994
엘파리아 2 - 더 퀘스트 오브 더 멜드 (Elfaria II - The Quest of the Meld).smc	UNRENDERED	0	36.25	0.00	29161	$c0:6d5a	800207	6160
열혈 대륙 버닝 히어로즈 (Nekketsu Tairiku - Burning Heroes).smc	OK	25054	0.00	5.98	0	$c8:81ff	882140	11856
영 머린 (Young Merlin).smc	BOOT_CRASH	-	-	-	-	-	-	
영원의 필레나 (Eien no Filerna).smc	OK	36735	88.72	0.15	0	$00:a427	000074	13130
옐로우 브로스.smc	OK	40919	77.49	1.66	0	$00:806d	000010	14658
오니즈카 카츠야 슈퍼 버추얼 복싱 (Onizuka Katsuya Super Virtual Boxing - Shin Kentou Ou Densetsu).smc	UNRENDERED	0	41.27	3.16	0	$80:8072	000005	14105
오니타 아츠시 FMW (Oonita Atsushi FMW).smc	OK	3840	54.22	5.84	0	$00:80de	000018	14101
오다 노부나가 - 패왕의 군단 (Oda Nobunaga - Haou no Gundan).smc	OK	4625	78.92	17.12	0	$00:8304	00009f	15384
오데카케 레스터 - 레레레의 레 (Odekake Lester - Lelele no Le).smc	OK	56095	0.00	66.37	0	$ce:2028	004212	11706
오라가 랜드 주최 - 베스트 파머 수확제 (Oraga Land Shusai - Best Farmer Shuukakusai).smc	OK	54000	72.39	1.04	0	$80:807d	8e0108	12589
오비투스 (Obitus).smc	UNRENDERED	0	63.55	9.59	0	$00:8aa1	000066	12051
오셀로 월드 (Othello World).smc	UNRENDERED	0	92.55	0.00	0	$00:852c	00003a	15362
오스!! 가라테부 (Ossu!! Karate-bu).smc	BOOT_CRASH	-	-	-	-	-	-	
오스카 (Oscar).smc	OK	56208	15.72	11.10	0	$80:9e77	800d1f	12387
오에스.SMC	BOOT_CRASH	-	-	-	-	-	-	
오에카키 로직 (Oekaki Logic).smc	UNRENDERED	0	19.93	4.16	0	$c0:14ba	000002	14174
오에카키 로직 2 (Oekaki Logic 2).smc	OK	54792	22.23	4.46	0	$c0:1565	000002	14224
오엠지.smc	OK	53042	70.79	1.66	0	$00:806d	000010	14850
오오즈모 타마시이 (Oozumou Spirits).smc	OK	57344	83.07	0.00	0	$00:c7a9	000020	14816
오즈의 마법사 (Wizard of Oz, The).smc	OK	57289	38.24	0.00	0	$00:8150	00000b	13047
오짱의 오에카키 로직 (Ou-chan no Oekaki Logic).smc	OK	57344	58.49	3.12	0	$01:8238	0000be	14436
오카모토 아야코와 매치 플레이 골프 (Okamoto Ayako to Match Play Golf - Ko Olina Golf Club in Hawaii).smc	OK	57344	97.55	0.00	0	$00:877b	000013	15480
오토보케 닌자 콜로세움 (Otoboke Ninja Colosseum).smc	OK	54744	0.00	2.10	0	$9c:c9e7	002140	13016
오퍼레이션 로직 봄 (Operation Logic Bomb - The Ultimate Search & Destroy).smc	OK	57344	0.00	79.12	0	$80:8271	814210	13388
오퍼레이션 썬더볼트 (Operation Thunderbolt).smc	OK	57344	71.12	5.52	0	$c0:039f	00004b	11771
오퍼레이션 유럽 승리의 길 1939-1945 (Operation Europe - Path to Victory 1939-45).smc	OK	42482	80.11	2.56	0	$c0:97b5	000b55	13457
온 더 볼 (On the Ball).smc	OK	55096	0.00	84.73	0	$00:8037	004210	13223
올 아메리칸 챔피언십 풋볼 (All-American Championship Football).smc	BOOT_CRASH	-	-	-	-	-	-	
올리비아의 미스터리 (Olivia no Mystery).smc	BOOT_CRASH	-	-	-	-	-	-	
올림픽 썸머 게임 애틀랜타 96 (Olympic Summer Games).smc	OK	8900	0.00	3.62	0	$dc:141c	000024	15271
와간 파라다이스 (Wagyan Paradise).smc	BOOT_CRASH	-	-	-	-	-	-	
와랏테 이이토모! 타모린픽 (Waratte Iitomo! Tamolympic).smc	OK	57324	37.75	0.83	0	$00:84ab	0000c2	13084
와리오의 숲 (Wario's Woods).smc	OK	55980	48.84	1.03	0	$80:832d	0000dd	14706
와이알라에의 기적 (New 3D Golf Simulation - Waialae no Kiseki).smc	UNRENDERED	0	36.64	3.27	0	$00:afd0	001c95	12074
와이알래 컨트리 클럽 (True Golf Classics - Waialae Country Club).smc	OK	78	22.93	3.44	0	$00:95e5	00192f	11662
와일 E 코요테의 복수.smc	OK	57253	0.00	4.27	0	$00:bca3	022140	12239
와일드 건즈 (Wild Guns).smc	OK	54104	63.77	4.09	0	$00:80bb	000067	12633
와일드 스네이크 (WildSnake).smc	OK	53575	42.33	4.26	0	$80:d76f	00000e	13151
와일드 트랙스 (Wild Trax).smc	UNRENDERED	0	0.00	0.00	0	$04:d783	032140	15595
와카타카 오오즈모우 - 꿈의 형제 대결 (Wakataka Oozumou - Yume no Kyoudai Taiketsu).smc	OK	57344	74.62	0.03	0	$00:8456	000000	14498
와쿠와쿠 스키 원더 슛 (Wakuwaku Ski Wonder Spur).smc	OK	57344	0.00	2.11	0	$80:fccb	802140	11960
요괴 버스터 - 루카의 대모험 (Youkai Buster - Ruka no Daibouken).smc	OK	48592	0.20	8.34	0	$9c:8118	9c2140	12580
요괴소년 호야 (Ushio to Tora) (2).smc	OK	36810	54.96	5.18	0	$00:8099	000042	14111
요괴소년 호야 (Ushio to Tora).smc	OK	36849	54.96	5.18	0	$00:8099	000042	14111
요기 베어 (Adventures of Yogi Bear).smc	OK	22480	24.88	1.08	0	$80:b6a3	0000b7	18044
요시 사파리 (Yoshi's Safari).smc	OK	57019	0.00	0.55	0	$80:aea0	802140	12875
요시의 로드 헌팅 (Yoshi no Road Hunting).smc	OK	57344	0.00	0.50	0	$80:ae94	802140	12876
요시의 쿠키 (Yoshi's Cookie).smc	OK	60107	51.61	5.29	0	$0d:83fa	0001d9	13186
요시의 쿠키폰 - 오븐에서 쿠키 (Yoshi no Cookie - Kuruppon Oven de Cookie).smc	OK	57344	75.98	4.43	0	$12:8038	120a01	13651
요코야마 미츠테루 - 삼국지 (Yokoyama Mitsuteru Sangokushi).smc	OK	43441	78.81	3.73	0	$00:8081	0000bf	15201
요코야마 미츠테루 - 삼국지 2 (Yokoyama Mitsuteru Sangokushi 2).smc	OK	12617	93.49	0.53	0	$80:80d1	000099	15315
요코야마 미츠테루 - 삼국지 반기 - 스고로쿠 영웅기 (Yokoyama Mitsuteru Sangokushi Bangi - Sugoroku Eiyuu-ki).smc	OK	56517	0.00	58.14	0	$c0:0e3b	004212	13403
요코즈나 이야기 (Yokozuna Monogatari).smc	OK	47262	66.32	4.80	0	$00:80c6	000040	14265
용기병단 단자루브 (Ryuukiheidan Dunzarv).smc	OK	49222	72.58	0.00	0	$cf:8335	000c34	13585
용호의 권 (Ryuuko no Ken).smc	OK	53730	20.27	12.65	0	$c0:106e	7f95ef	12427
용호의 권 2 (Ryuuko no Ken 2).smc	OK	29435	95.21	0.00	0	$c1:ad69	00018a	15104
우리가 돌아왔어요! 공룡 이야기 (We're Back! - A Dinosaur's Story).smc	UNRENDERED	0	0.00	67.30	0	$99:8c4f	004212	11696
우미하라 카와세 (Umihara Kawase).smc	OK	57325	49.36	7.66	0	$80:80f0	800200	13383
우주 레이스 - 아스트로 고! 고! (Uchuu Race - Astro Go! Go!).smc	OK	57272	41.06	0.00	0	$80:818e	000081	12190
우주의 기사 테카맨 블레이드 (Uchuu no Kishi Tekkaman Blade).smc	OK	1680	66.75	1.74	0	$00:8205	000057	15187
운동회 30 - 사메 게임.smc	OK	56671	79.66	0.07	0	$80:8140	000064	14822
울버린 아다만티움 레이지 (Wolverine - Adamantium Rage).smc	UNRENDERED	0	51.76	8.30	0	$a0:8186	81084b	13426
울트라 리그 - 불타라 사커 대전 (Ultra League - Moero! Soccer Daikessen!!).smc	OK	53904	64.40	1.88	0	$2a:8c35	000054	14757
울트라 마리오 월드 V3.6.smc	OK	45065	77.86	1.65	0	$00:806d	000010	14666
울트라 베이스볼 실명판 (Ultra Baseball Jitsumei Ban).smc	OK	27299	86.48	0.00	0	$00:89ca	000097	15334
울트라 베이스볼 실명판 2 (Ultra Baseball Jitsumei Ban 2).smc	OK	61153	85.15	0.00	0	$80:87af	0000d0	14852
울트라 베이스볼 실명판 3 (Ultra Baseball Jitsumei Ban 3).smc	OK	54016	0.00	11.57	0	$8d:8845	912140	12073
울트라 세븐 (Ultra Seven).smc	OK	57344	0.00	4.55	0	$9a:8123	002140	10402
울트라맨 (Ultraman).smc	OK	47446	0.00	2.63	0	$0c:8338	002140	10935
울티마 - 공룡 제국 (Ultima - Kyouryuu Teikoku - The Savage Empire).smc	OK	1157	0.01	0.00	0	$80:844a	802140	13763
울티마 - 미덕의 룬 2 (Ultima - Runes of Virtue II).smc	OK	56051	29.13	0.06	0	$80:c154	00002f	13193
울티마 6 - 거짓된 예언자 (Ultima - The False Prophet).smc	OK	26911	96.24	0.55	0	$00:82e8	000042	15452
울티마 7 - 검은 문 (Ultima - The Black Gate).smc	UNRENDERED	0	2.11	0.00	0	$80:8433	802140	13407
울티마 외전 - 흑기사의 음모 (Ultima Gaiden - Kuro Kishi no Inbou).smc	OK	55923	32.20	0.06	0	$80:c163	00002f	13280
울펜슈타인 3D (Wolfenstein 3-D).smc	UNRENDERED	0	69.00	0.26	0	$c0:1450	7e1685	12840
울프 차일드 (Wolfchild).smc	UNRENDERED	0	73.33	9.03	0	$00:85f8	0002f3	14912
움직이는 E 버전 2.0 - 아리올 (Ugoku E Ver. 2.0 - Aryol).smc	OK	33003	0.88	43.50	0	$80:ef07	004212	12934
워 2410 (War 2410).smc	BOOT_CRASH	-	-	-	-	-	-	
워 3010 - 더 레볼루션 (War 3010 - The Revolution).smc	OK	36172	20.49	3.39	190	$80:b522	800030	13014
워드트리스 (Wordtris).smc	OK	1012	77.21	5.06	84	$00:daf5	00000a	13156
워록 (Warlock).smc	UNRENDERED	0	56.29	9.22	0	$00:f548	00005c	13325
워터월드 (Waterworld).smc	UNRENDERED	0	0.00	53.25	0	$bf:8a47	804210	13545
워프스피드 (WarpSpeed).smc	OK	49062	70.96	4.44	0	$00:808c	000104	12211
원더 프로젝트 J - 기계의 소년 피노 (Wonder Project J - Kikai no Shounen Pino).smc	OK	56611	47.76	13.53	0	$80:8420	001516	12585
원더러스 매직 (Wondrous Magic).smc	OK	57344	9.18	63.24	0	$00:f918	004212	12888
원조 파치슬롯 닛폰이치 (Ganso Pachi-Slot Nihonichi).smc	OK	54246	83.07	0.00	0	$1f:f532	1f0cff	15163
원조 파친코 왕 (Ganso Pachinko Ou).smc	UNRENDERED	0	95.92	0.00	0	$80:986f	800fb6	12795
월드 리그 농구 (World League Basketball).smc	OK	54307	73.02	6.37	0	$03:8337	0001a1	11938
월드 리그 사커 (World League Soccer).smc	OK	51312	0.00	3.47	0	$0e:81a4	002140	10173
월드 마스터즈 골프 (World Masters Golf).smc	OK	29957	0.00	45.82	0	$3b:831d	002143	13657
월드 사커 (World Soccer).smc	OK	57088	0.00	54.44	826	$8b:eaae	0b4212	13179
월드 사커 94 - 로드 투 글로리 (World Soccer 94 - Road to Glory).smc	OK	57088	0.00	53.68	0	$8b:eaae	0b4212	13315
월드 클래스 럭비 (World Class Rugby).smc	OK	3670	96.75	0.00	0	$00:aecd	000037	10283
월드 클래스 럭비 2 - 국내 격투 편 '93 (World Class Rugby 2 - Kokunai Gekitou Hen '93).smc	OK	51328	76.56	5.66	0	$80:cece	000027	10726
월드 히어로즈 (World Heroes).smc	OK	21103	74.94	0.35	0	$c0:078c	000051	12892
월드 히어로즈 2 (World Heroes 2).smc	OK	40896	78.28	0.00	0	$00:96d1	00006d	13015
월드컵 USA 94 (World Cup USA 94).smc	OK	54899	0.00	6.59	0	$c5:4559	000046	15155
월드컵 스트라이커 (World Cup Striker).smc	OK	56413	0.00	38.07	0	$82:80c5	824212	13408
월드히어로즈.smc	OK	20900	74.39	0.35	0	$c0:078c	000051	12896
월드히어로즈2.smc	OK	40942	73.60	0.00	0	$00:96d1	00006d	13034
월로 (Whirlo).smc	OK	22189	45.68	0.00	0	$00:8cd1	000051	12907
월리를 찾아라! (Wally o Sagase! - Ehon no Kuni no Daibouken).smc	OK	57344	61.57	3.74	0	$00:b021	0207f5	13174
월면의 아누비스 (Getsumen no Anubis).smc	OK	56908	52.10	5.09	0	$80:8347	000116	12997
웜즈 (Worms).smc	BOOT_CRASH	-	-	-	-	-	-	
웨딩 피치 (Wedding Peach) (2).smc	OK	57344	70.08	0.07	0	$00:80e1	000022	13951
웨딩 피치 (Wedding Peach).smc	OK	57344	70.08	0.07	0	$00:80e1	000022	13951
웨인 그레츠키 NHLPA 올스타즈 (Wayne Gretzky and the NHLPA All-Stars).smc	BOOT_CRASH	-	-	-	-	-	-	
웨인즈 월드 (Wayne's World).smc	UNRENDERED	0	17.85	21.83	0	$02:80e2	0000f6	13830
웨폰로드 (WeaponLord).smc	UNRENDERED	0	77.28	7.53	0	$ea:646a	7e3633	11697
위닝 포스트 (Winning Post).smc	UNRENDERED	0	77.23	3.52	0	$c0:9e51	000b62	13082
위닝 포스트 2 (Winning Post 2).smc	OK	57344	36.47	5.06	0	$c0:8980	00002d	12493
위닝 포스트 2 - 프로그램 96 (Winning Post 2 - Program '96).smc	OK	23834	76.61	4.39	0	$c0:8980	00002d	14357
위자프! - 암흑의 왕 (Wizap! - Ankoku no Ou).smc	UNRENDERED	0	0.00	4.03	139	$d4:06f0	001918	11619
위저드리 I-II-III - 릴가민의 이야기 (Wizardry I-II-III - Story of Llylgamyn).smc	OK	33838	0.00	0.43	0	$b8:80dc	002140	11711
위저드리 V - 대유회의 심장 (Wizardry V - Heart of the Maelstrom).smc	OK	20788	0.00	8.98	0	$08:80c4	082140	12302
위저드리 VI - 코스믹 포지의 저주 (Wizardry VI - Kindan no Mahitsu).smc	OK	55381	0.00	0.52	0	$9e:8af1	002140	13907
위저드리 외전 IV - 태마의 고동 (Wizardry Gaiden IV - Taima no Kodou).smc	OK	9020	50.15	4.04	0	$80:8521	000000	15300
위즈 (Whizz).smc	OK	50352	51.26	12.86	0	$80:f663	000000	14423
위키드 18 골프 (True Golf Classics - Wicked 18).smc	OK	24501	29.78	10.73	0	$82:f16c	820420	11981
윈터 골드 (Winter Gold).smc	BOOT_CRASH	-	-	-	-	-	-	
윈터 익스트림 스키 앤 스노보딩 (Tommy Moe's Winter Extreme - Skiing and Snowboarding).smc	OK	55701	36.22	13.47	0	$80:b74c	002140	13213
윌리엄스 아케이드 베스트 히츠 (Williams Arcade's Greatest Hits).smc	BOOT_CRASH	-	-	-	-	-	-	
윙 커맨더 (Wing Commander).smc	OK	80	85.31	3.04	0	$82:e6a2	000004	15228
윙 커맨더 - 더 시크릿 미션 (Wing Commander - The Secret Missions).smc	OK	45125	79.33	8.59	0	$80:8342	000006	15188
윙스 2 - 에이스 하이 (Wings 2 - Aces High).smc	OK	57344	20.11	21.82	0	$0f:8100	002143	13324
유니레이서즈 (Uniracers).smc	OK	57344	28.94	3.57	0	$82:d4ee	000057	13084
유니버설 솔저 (Universal Soldier).smc	OK	10966	72.40	0.13	0	$00:c423	000309	11574
유럽 전선 (Europe Sensen).smc	OK	42476	78.85	2.57	0	$c0:97b5	000b55	13395
유로 풋볼 챔피언 (Euro Football Champ).smc	OK	885	82.00	0.00	0	$00:8054	0000a3	15378
유유백서 - 특별편 (Yu Yu Hakusho - Tokubetsu Hen).smc	OK	36345	73.19	0.09	0	$80:8b0e	00000f	13547
유유백서 1 (Yu Yu Hakusho).smc	OK	53850	52.62	7.54	0	$80:8e13	00000f	13457
유유백서 파이널 - 마계최강열전 (Yu Yu Hakusho Final - Makai Saikyou Retsuden).smc	UNRENDERED	0	53.76	5.15	0	$c0:00a9	000087	14015
유유백서2 - 격투의 장 (Yu Yu Hakusho 2 - Kakutou no Shou).smc	OK	42476	42.29	23.24	0	$80:810f	00008c	14006
유유의 퀴즈로 고고 (Yuuyu no Quiz de Go! Go!).smc	OK	17834	60.56	9.21	0	$00:80c3	001fff	14136
유진 - 잔주 가쿠엔 (Yuujin Janjuu Gakuen).smc	UNRENDERED	0	0.00	0.42	0	$9b:8242	002140	9623
유진 - 잔주 가쿠엔 2 (Yuujin Janjuu Gakuen 2).smc	UNRENDERED	0	4.37	84.92	0	$00:fc29	004211	14645
유진의 프리프리 걸스 (Yuujin no Furi Furi Girls).smc	OK	55346	44.70	0.14	0	$80:81d9	80026e	11303
유치원 전기 마두라 (Youchien Senki Madara).smc	OK	56396	0.00	0.00	11230	$02:827a	1c2140	9474
유토피아 - 국가 건설 (Utopia - The Creation of a Nation).smc	OK	57344	35.06	8.09	0	$09:86c8	000001	13635
은탕 오야카타의 실전 파친코 필승법 (Gindama Oyakata no Pachinko Hisshouhou).smc	OK	44717	49.72	14.86	0	$00:836a	000021	11747
은하영웅전설 (Ginga Eiyuu Densetsu).smc	OK	58810	91.75	0.60	0	$00:8bb5	000017	15195
은하전국군웅전 라이 (Ginga Sengoku Gunyuuden Rai).smc	OK	48763	64.85	6.81	0	$8b:d9a8	000041	12600
음악만들기 - 카나데루 (Ongaku Tsukuru Kanadeeru).smc	OK	51071	24.81	18.20	0	$80:a069	00002f	11541
이그니션 팩터 (Ignition Factor, The).smc	OK	10518	0.00	5.85	0	$80:f40a	804210	12768
이나즈마 서브다!! 슈퍼 비치 발리 (Inazuma Serve da! Super Beach Volley).smc	OK	57344	27.83	6.80	0	$80:8093	001003	12180
이데아의 날 (Idea no Hi).smc	OK	6144	19.03	0.00	0	$85:b47d	000044	13056
이르바니아의 성 (Illvanian no Shiro).smc	OK	49656	77.24	3.29	0	$00:873c	000021	14780
이밋 Vol.1 - 시간의 미아 (Emit Vol. 1 - Toki no Maigo).smc	OK	29014	12.76	0.00	0	$c0:897e	00002d	10626
이밋 Vol.2 - 목숨을 건 여행 (Emit Vol. 2 - Inochigake no Tabi).smc	OK	29014	12.76	0.00	0	$c0:897e	00002d	10626
이밋 Vol.3 - 나에게 작별을 (Emit Vol. 3 - Watashi ni Sayonara o).smc	OK	29014	12.76	0.00	0	$c0:897e	00002d	10626
이상한 던전2 - 풍래의 시렌.smc	OK	57344	93.02	0.44	0	$81:8133	001eff	15366
이소즈리 - 리토우 헨 (Isozuri - Ritou Hen).smc	OK	57344	74.06	2.47	0	$80:825e	810d95	11957
이스 4 - 태양의 가면 (Ys IV - Mask of the Sun).smc	OK	38309	62.48	4.44	0	$80:89c8	000000	14094
이스 III - 이스에서 온 방랑자 (Ys III - Wanderers from Ys).smc	BOOT_CRASH	-	-	-	-	-	-	
이스 V - 엑스퍼트 (Ys V - Expert).smc	OK	54505	22.47	10.48	0	$80:de06	0011de	13012
이스 V - 잃어버린 모래의 도시 케핀 (Ys V - Ushinawareta Suna no Miyako Kefin).smc	OK	54505	23.21	10.49	0	$80:dd11	0011de	13014
이스III - 원더러스 프럼 이스.smc	BOOT_CRASH	-	-	-	-	-	-	
이스IV - 마스크 오브 썬.smc	OK	38309	62.48	4.44	0	$80:89c8	000000	14094
이지의 올림픽 링 탐험 (Izzy's Quest for the Olympic Rings).smc	OK	55091	0.00	51.81	0	$83:a2e6	004212	13148
이치 앤 스크래치 게임 (Itchy & Scratchy Game, The).smc	OK	4454	0.00	84.31	0	$95:a9ec	002140	12181
이카리의 요새 (Ikari no Yousai).smc	OK	57344	0.00	76.16	0	$80:8271	814210	13497
이퀴녹스 (Equinox).smc	OK	44629	19.03	0.56	0	$08:abae	000a05	12605
이크! 더 캣 (Eek! The Cat).smc	UNRENDERED	0	0.00	10.41	11517	$82:eeba	002140	11104
이타다키 스트리트 2 - 네온 사인은 장미빛으로 (Itadaki Street 2 - Neon Sign wa Barairo ni).smc	OK	57344	54.79	11.58	0	$ac:818b	000f00	13655
이토 하카 로쿠단의 쇼기 도장 (Itou Hatasu Rokudan no Shougi Doujou).smc	OK	57088	61.98	0.16	0	$00:83e4	00023a	13317
이하토보 이야기 (Ihatovo Monogatari).smc	OK	1412	82.54	1.57	0	$00:879b	000103	13166
인디아나 존스의 위대한 모험 (Indiana Jones' Greatest Adventures).smc	BOOT_CRASH	-	-	-	-	-	-	
인스펙터 가젯 (Inspector Gadget).smc	OK	57344	61.97	4.46	0	$c0:e027	000092	15123
인인도 - 닌자의 길 (Inindo - Way of the Ninja).smc	UNRENDERED	0	89.92	1.56	0	$00:93de	000b4f	14183
인캔테이션 (Incantation).smc	OK	52378	52.56	0.84	0	$80:f119	00004b	12513
인크레더블 크래시 더미 (Incredible Crash Dummies, The).smc	OK	56463	70.87	11.64	0	$00:80ee	001373	13413
인크레더블 헐크 (Incredible Hulk, The).smc	OK	51873	10.84	22.41	0	$80:9f74	000097	14800
인터내셔널 슈퍼스타 사커 디럭스 (International Superstar Soccer Deluxe).smc	BOOT_CRASH	-	-	-	-	-	-	
인터내셔널 테니스 투어 (International Tennis Tour).smc	UNRENDERED	0	28.40	19.97	0	$81:89c4	8200fd	12979
인터네셔널 슈퍼스타 사커 (International Superstar Soccer).smc	OK	57344	0.00	0.00	0	$80:82fd	81003c	14174
일발역전 - 경마 경륜 경정 (Ippatsu Gyakuten).smc	OK	56252	76.46	5.83	0	$00:8036	000020	14813
임페리움 (Imperium).smc	OK	52497	34.37	32.64	0	$00:b362	00036c	13649
자뉴키 고크우 란다 (Janyuuki - Gokuu Randa).smc	OK	57344	0.00	0.03	0	$80:8206	802143	11503
자디온 (Xardion).smc	OK	5483	88.15	0.14	0	$00:de9e	000360	13038
자레코 랠리 - 빅 런 - 더 슈프림 4WD 챌린지 (Jaleco Rally - Big Run - The Supreme 4WD Challenge).smc	OK	57344	0.00	25.03	0	$00:9fe9	004210	11729
자키 크러시 (Naxat Super Pinball - Jaki Crush).smc	BOOT_CRASH	-	-	-	-	-	-	
잔 II 스피리츠 (Zan II Spirits).smc	OK	44122	0.00	78.74	0	$00:ecab	004212	13472
잔 III 스피리츠 (Zan III Spirits).smc	OK	45632	0.00	62.89	0	$80:c384	004212	13726
장갑기병 보톰즈 - 배틀링 로드 (Soukou Kihei Votoms - The Battling Road).smc	UNRENDERED	0	0.00	99.37	0	$81:8f87	807000	11528
장갑기병 보톰즈.smc	UNRENDERED	0	0.00	99.37	0	$81:8f87	807000	11528
장난꾸러기 데니스 (Dennis the Menace).smc	OK	16262	10.76	31.79	0	$80:f6fc	004212	13424
잭 니클라스 골프 (Jack Nicklaus Golf).smc	OK	54404	97.09	0.06	0	$00:8468	000007	13966
잼머스 (Jammes).smc	BOOT_CRASH	-	-	-	-	-	-	
잼밋 (Street Sports - Jammit).smc	OK	4072	34.56	10.31	0	$80:8192	8115a3	12579
저스티스 리그 태스크 포스 (Justice League Task Force).smc	UNRENDERED	0	40.33	17.46	0	$80:842a	800317	12445
저지 드레드 (Judge Dredd).smc	UNRENDERED	0	26.60	15.18	0	$ba:81d3	00004d	13081
적중 경마 학원 (Tekichuu Keiba Juku).smc	OK	57344	68.71	0.00	0	$00:80ce	000050	14683
전국 고교 사커 (Zenkoku Koukou Soccer).smc	OK	32357	0.00	25.85	0	$04:81ff	042140	10801
전국 고교 사커 2 (Zenkoku Koukou Soccer 2).smc	OK	57344	0.00	2.30	0	$c0:03fe	002140	12953
전국 고교 사커 선수권 '96 ('96 Zenkoku Koukou Soccer Senshuken).smc	OK	57344	52.53	0.00	0	$80:810d	000021	14540
전국 십단 - 울트라 심리 게임 (Zenkoku Juudan Ultra Shinri Game).smc	OK	15911	81.09	8.36	0	$c0:02f7	000064	14667
전국의 패자 (Sengoku no Hasha - Tenkafubu e no Michi).smc	OK	57344	67.01	2.83	0	$c0:8823	001fff	14821
전국전승 (Sengoku Denshou).smc	BOOT_CRASH	-	-	-	-	-	-	
전설의 신비한 닌자 (Legend of the Mystical Ninja, The).smc	OK	53135	0.00	0.02	0	$00:9e8b	012140	12371
전설의 오거 배틀 (Densetsu no Ogre Battle - The March of the Black Queen).smc	OK	25598	68.97	0.64	0	$07:fc9c	000053	14428
전설의 오우거 배틀 - 검은 여왕의 행진.smc	OK	25579	66.84	0.59	0	$07:fc9c	000053	14337
전설의 오우거 배틀 - 검은 여왕의 행차 (Ogre Battle - The March of the Black Queen).smc	OK	25712	39.27	25.22	0	$10:9703	004210	13980
전일본 GT 선수권 (Zen-Nihon GT Senshuken - Hyper Battle Game).smc	OK	55941	36.89	3.56	0	$00:815e	001195	12132
전일본 프로레슬링 ' - 세계 최강 태그 (Zen-Nihon Pro Wres' - Sekai Saikyou Tag).smc	UNRENDERED	0	0.00	8.97	0	$c0:fe58	002140	10067
전일본 프로레슬링 (Zen-Nihon Pro Wres).smc	OK	25382	0.00	8.90	0	$c0:fe93	002140	10419
전일본 프로레슬링 - 파이트 다 폰! (Zen-Nihon Pro Wres - Fight da Pon!).smc	UNRENDERED	0	20.34	11.54	0	$c0:65ab	000055	12959
전일본 프로레슬링 2 - 3-4 부도칸 (Zen-Nihon Pro Wres 2 - 3-4 Budoukan).smc	OK	5984	0.00	6.17	0	$c0:425f	002140	13591
점보 오사키의 홀인원 (Jumbo Ozaki no Hole in One).smc	UNRENDERED	0	62.05	2.83	0	$00:8bd2	000029	13005
점핀 더비 (Jumpin' Derby).smc	BOOT_CRASH	-	-	-	-	-	-	
정글 스트라이크 (Jungle Strike).smc	OK	54784	74.54	0.80	409	$a0:8155	a00cb0	11744
정글 워즈 2 (Jungle Wars 2 - Kodai Mahou Atimos no Nazo).smc	OK	4012	92.74	3.18	0	$00:f5c5	0e0074	13915
정글북 (Jungle Book, The).smc	BOOT_CRASH	-	-	-	-	-	-	
정글북.smc	BOOT_CRASH	-	-	-	-	-	-	
정글의 왕 타짱 - 세계 만유 대격투의 권 (Jungle no Ouja Tar-chan - Sekaimanyuu Daikakutou no Maki).smc	UNRENDERED	0	0.00	11.33	0	$82:8278	822140	12233
제3차 슈퍼로봇대전 (Dai-3-ji Super Robot Taisen).smc	UNRENDERED	0	0.00	15.63	0	$00:dd2e	002140	13512
제4차 슈퍼로봇대전 (Dai-4-ji Super Robot Taisen).smc	OK	57344	56.13	8.22	0	$80:f54e	000080	14530
제7의 사가 (7th Saga, The).smc	OK	13226	31.25	1.52	0	$c0:fab9	0006fe	13571
제노사이드 2 (Genocide 2).smc	UNRENDERED	0	42.85	5.30	0	$bd:9333	8011c8	14319
제노사이드2.smc	UNRENDERED	0	42.85	5.30	0	$bd:9333	8011c8	14319
제독의 결단 (Teitoku no Ketsudan).smc	OK	57336	86.06	0.92	0	$00:96d2	000b55	13274
제독의 결단 2 (Teitoku no Ketsudan II).smc	OK	41954	56.00	4.51	0	$c0:897e	00002d	13424
제로 4 챔프 RR (Zero4 Champ RR).smc	OK	10008	54.64	2.79	0	$00:81cc	000020	14332
제로 더 카미카제 스쿼럴 (Zero the Kamikaze Squirrel).smc	UNRENDERED	0	56.42	2.66	0	$85:8847	000df1	12653
제로4챔프RR-Z (Zero4 Champ RR-Z).smc	OK	56320	90.10	0.02	0	$84:d4de	00002f	15012
제리 보이 (Jerry Boy).smc	UNRENDERED	0	0.00	87.82	0	$00:af0b	002141	12149
제복전설 - 프리티 파이터 (Seifuku Densetsu - Pretty Fighter).smc	OK	49920	27.86	17.10	0	$c0:03ec	001576	13450
제이 (Adventures of Dr. Franken, The).smc	UNRENDERED	0	72.17	4.99	0	$80:d3a8	80080c	13086
제임스 본드 주니어 (James Bond Jr).smc	BOOT_CRASH	-	-	-	-	-	-	
제임스 폰드 3 - 오퍼레이션 스타피쉬 (Operation Starfi5h).smc	UNRENDERED	0	0.00	54.07	0	$c0:8955	004212	13431
제임스 폰드의 크레이지 스포츠 (James Pond's Crazy Sports).smc	OK	56606	0.00	54.11	0	$82:f0ac	004212	11344
제절초 (Otogirisou) (2).smc	OK	57088	73.38	4.78	0	$00:8c99	0000b5	13800
제절초 (Otogirisou).smc	OK	57088	73.24	4.78	0	$00:8c99	0000b5	13798
제트슨 가족 - 행성 해적단의 침공 (Jetsons, The - Invasion of the Planet Pirates).smc	OK	50416	0.84	2.18	0	$80:80cf	000000	12671
제퍼디! (Jeopardy!).smc	OK	46277	64.44	1.81	0	$00:85ad	000201	12397
제퍼디! 디럭스 에디션 (Jeopardy! - Deluxe Edition).smc	OK	49178	85.24	1.88	0	$00:85b4	000201	11929
제퍼디! 스포츠 에디션 (Jeopardy! - Sports Edition).smc	OK	49254	85.20	1.88	0	$00:85b4	000201	11928
젤다의 전설 - 신들의 트라이포스 (Legend of Zelda, The - A Link to the Past).smc	OK	39049	37.28	0.04	0	$00:8036	000012	13315
젤다의 전설 - 신들의 트라이포스 (Zelda no Densetsu - Kamigami no Triforce) (2).smc	OK	24184	72.52	0.18	0	$00:8036	000012	14493
젤다의 전설 - 신들의 트라이포스 (Zelda no Densetsu - Kamigami no Triforce) (3).smc	OK	24184	73.72	0.09	0	$00:8036	000012	14569
젤다의 전설 - 신들의 트라이포스 (Zelda no Densetsu - Kamigami no Triforce).smc	OK	24184	74.30	0.18	0	$00:8036	000012	14585
젤리 보이 (Jelly Boy).smc	OK	48596	47.37	6.41	0	$80:8df1	80067e	13112
젬파이어 (Gemfire).smc	OK	57344	79.08	1.68	0	$00:9583	000b55	13492
조 앤 맥 (Joe & Mac).smc	OK	23810	75.13	0.33	0	$00:9622	000088	15261
조 앤 맥 - 카우맨 닌자 (Joe & Mac - Caveman Ninja).smc	OK	23810	79.43	0.45	0	$00:962b	000088	15295
조&맥 - 싸워라 원시인 (Joe & Mac - Tatakae Genshijin).smc	OK	23810	73.26	0.34	0	$00:961b	000088	15236
조와 맥 2 (Joe & Mac 2 - Lost in the Tropics).smc	OK	57344	74.11	3.49	0	$80:8282	000032	15189
조지 포먼의 KO 복싱 (George Foreman's KO Boxing).smc	UNRENDERED	0	49.05	20.13	0	$00:d206	00005b	13590
존 매든 NFL 94 (Madden NFL '94).smc	OK	12746	0.58	10.96	42759	$c1:6999	002143	3684
존 매든 풋볼 '93 (John Madden Football '93).smc	BOOT_CRASH	-	-	-	-	-	-	
존 매든 풋볼 (John Madden Football).smc	OK	57270	27.97	2.86	0	$0d:82b2	000001	12593
졸업 외전 - 네, 마작 하자! (Sotsugyou Bangai Hen - Nee Mahjong Shiyo!).smc	UNRENDERED	0	0.14	8.77	0	$18:81fb	002140	12891
좀비스 (Zombies).smc	OK	2689	98.38	0.00	0	$80:91ed	001146	16197
좀비스 에이트 마이 네이버스 (Zombies Ate My Neighbors).smc	OK	57319	25.73	30.55	46086	$80:cccc	802143	2868
종합격투기 - 아스트랄 바우트 (Sougou Kakutougi - Astral Bout).smc	OK	56271	56.91	9.62	0	$00:a8a7	0008ce	12277
종합격투기 - 아스트랄 바우트 2 - 토탈 파이터즈 (Sougou Kakutougi - Astral Bout 2 - The Total Fighters).smc	OK	31773	32.73	12.68	24768	$00:81e6	000051	7796
종합격투기 링스 - 아스트랄 바우트 3 (Sougou Kakutougi Rings - Astral Bout 3).smc	UNRENDERED	0	36.46	12.52	0	$80:f79d	801ad7	13085
죠죠의 기묘한 모험 (JoJo no Kimyou na Bouken).smc	BOOT_CRASH	-	-	-	-	-	-	
주간 패미통 No.380 - 어른들의 시스템 - 환상의 대지의 시스템 1.smc	OK	52489	99.60	0.00	0	$00:80ea	000202	13231
줄 (Zool - Ninja of the 'Nth' Dimension).smc	OK	55616	27.16	20.55	0	$00:c441	000008	13224
줄의 꿈 모험 (Zool no Yume Bouken).smc	OK	55613	26.33	20.65	0	$00:c41e	000008	13168
줍 (Zoop).smc	OK	20393	57.85	8.60	0	$c0:0041	000046	13171
중장기병 발켄 (Assault Suits Valken).smc	BOOT_CRASH	-	-	-	-	-	-	
쥬-또 마작! (Zootto Mahjong!).smc	UNRENDERED	0	0.00	0.00	0	$c4:bbb3	002140	12421
쥬라기 공원 (Jurassic Park).smc	OK	42557	45.90	3.63	35	$81:9ef7	7e049e	11269
쥬라기 공원 2 - 카오스 컨티뉴스 (Jurassic Park Part 2 - The Chaos Continues).smc	BOOT_CRASH	-	-	-	-	-	-	
즉석 하이스쿨 (Dekitate High School).smc	BOOT_CRASH	-	-	-	-	-	-	
지그소 파티 (Jigsaw Party).smc	OK	57344	0.00	3.01	0	$c0:21ff	002142	11973
지그재그 캣 - 타조 클럽도 대소동이다 (Zig Zag Cat - Dachou Club mo Oosawagi da).smc	OK	5816	52.93	19.16	0	$c0:8106	001001	11750
지미 코너스 프로 테니스 투어 (Jimmy Connors Pro Tennis Tour).smc	OK	54566	26.24	15.47	0	$00:ce26	0000b3	13338
지미 휴스턴의 배스 토너먼트 USA (Jimmy Houston's Bass Tournament U.S.A.).smc	OK	56504	92.06	2.02	0	$00:80d8	001fff	16021
지코 사커 (Zico Soccer).smc	OK	54333	59.37	7.91	0	$00:8109	0000cf	12169
지큐 케이바 시뮬레이션 - 스테이블 스타 (Stable Star - Kyuusha Monogatari).smc	BOOT_CRASH	-	-	-	-	-	-	
진 여신전생 (Shin Megami Tensei).smc	BOOT_CRASH	-	-	-	-	-	-	
진 여신전생 2 (Shin Megami Tensei II).smc	UNRENDERED	0	63.94	9.65	0	$00:8236	00097c	12697
진 여신전생 if... (Shin Megami Tensei if...).smc	OK	5733	27.54	11.36	0	$00:8246	00097c	13310
짐 리의 와일드캣츠 (Jim Lee's WildC.A.T.S - Covert-Action-Teams).smc	OK	1121	79.75	9.21	0	$80:84fb	7e037c	11741
짐 파워 - 사라진 3D 차원 (Jim Power - The Lost Dimension in 3D).smc	BOOT_CRASH	-	-	-	-	-	-	
짐파워 - 더 로스트디멘션 인3D.smc	BOOT_CRASH	-	-	-	-	-	-	
차베즈 (Chavez).smc	OK	12505	67.03	8.43	83	$88:f1b2	811e06	13286
차베즈 II (Chavez II).smc	OK	37337	66.05	4.75	0	$00:c5fe	000665	12308
챔피언스 월드 클래스 사커 (Champions World Class Soccer).smc	OK	57216	51.08	8.15	0	$80:9565	8200ad	12343
챔피언십 사커 94 (Championship Soccer '94).smc	OK	25510	76.23	0.00	0	$80:8255	000405	11603
챔피언십 풀 (Championship Pool).smc	OK	57344	97.72	0.00	0	$00:bb66	001f00	15449
척 록 (Chuck Rock).smc	OK	22458	74.89	7.21	0	$00:853b	000212	13209
천사의 시 - 하얀 날개의 기도 (Tenshi no Uta - Shiroki Tsubasa no Inori).smc	OK	57344	0.00	79.74	0	$c0:283d	004212	13146
천지를 먹다 - 삼국지 군웅전 (Tenchi o Kurau - Sangokushi Gunyuuden).smc	OK	54707	69.73	11.74	0	$80:8153	000042	13079
천지무용! 게임편 (Tenchi Muyou! - Game Hen).smc	OK	57088	6.38	5.77	10210	$c0:0256	002140	11821
천지창조 (Tenchi Souzou) (2).smc	OK	57344	0.00	54.71	0	$86:8009	004210	12200
천지창조 (Tenchi Souzou).smc	OK	57344	0.00	46.82	0	$86:8009	004210	12352
철완 아톰 (Tetsuwan Atom).smc	OK	57308	60.14	0.82	0	$80:8fff	000050	14377
체스마스터 (Chessmaster, The).smc	OK	28164	7.49	0.02	0	$05:b201	000090	18586
체스터 치타 (Chester Cheetah - Too Cool to Fool).smc	OK	7032	91.86	0.00	0	$00:c546	000021	15291
체스터치타 - Too Cool to Fool.smc	OK	7032	91.86	0.00	0	$00:c546	000021	15291
체스터치타 - Wild Wild Quest.smc	UNRENDERED	0	21.39	5.61	0	$00:895d	00004f	14444
초대 열혈 경파 쿠니오군 (Shodai Nekketsu Kouha Kunio-kun) (2).smc	OK	48950	91.68	2.77	0	$02:8111	020301	14887
초대 열혈 경파 쿠니오군 (Shodai Nekketsu Kouha Kunio-kun).smc	OK	48482	91.68	2.77	0	$02:8111	020301	14887
초마계대전! - 도라보짱 (Chou Makai Taisen! Dorabocchan).smc	OK	26798	54.91	4.39	0	$80:8531	000004	14785
초마계촌 (Chou Makaimura).smc	UNRENDERED	0	0.00	0.00	0	$01:9347	002140	11827
초마계촌 (Super Ghouls 'N Ghosts) (3).smc	UNRENDERED	0	0.00	0.00	0	$01:9347	002140	11827
초마계촌 (Super Ghouls 'N Ghosts).smc	UNRENDERED	0	0.00	0.00	0	$01:9347	002140	11827
초마대륙 WOZZ (Chou Mahou Tairiku WOZZ).smc	OK	13824	73.30	5.79	0	$80:e4d7	800547	13080
초시공요새 마크로스 - 스크램블 발키리 (Choujikuu Yousai Macross - Scrambled Valkyrie) (2).smc	UNRENDERED	0	0.00	17.12	0	$80:fd95	802140	12880
초시공요새 마크로스 - 스크램블 발키리 (Choujikuu Yousai Macross - Scrambled Valkyrie).smc	UNRENDERED	0	0.00	17.27	0	$80:fd95	802140	12883
초시공요새 마크로스 - 스크램블 발키리 - 오버테크에디션.smc	UNRENDERED	0	0.00	17.12	0	$80:fd95	802140	12880
초아니키 - 폭렬란투편 (Chou Aniki - Bakuretsu Rantou Hen).smc	UNRENDERED	0	31.51	0.00	0	$80:949c	000047	13725
초코 고카미 자르디온 (Choukou Gasshin Xardion).smc	OK	6145	83.39	0.14	0	$00:de95	000360	13172
촙리프터 3 (Choplifter III).smc	OK	30781	0.00	11.04	0	$8e:f46d	802140	10853
최강 - 타카타 노부히코 (Saikyou - Takada Nobuhiko).smc	OK	11847	76.76	0.00	0	$80:8984	0000a9	14319
최고속 사고 쇼기 마작 (Saikousoku Shikou Shougi Mahjong).smc	BOOT_CRASH	-	-	-	-	-	-	
출격 에비스마루 가라쿠리 미로 - 사라진 고에몬의 수수께끼!! (Soreyuke Ebisumaru Karakuri Meiro - Kieta Goemon no Nazo!!).smc	OK	57344	0.00	0.00	0	-	-	13536
츠리 타로우 (Tsuri Tarou).smc	OK	47437	69.40	0.00	0	$00:9727	000800	13724
츠요시 제정신 차려라 - 대전 퍼즐다마 (Tsuyoshi Shikkari Shinasai - Taisen Puzzle Dama).smc	BOOT_CRASH	-	-	-	-	-	-	
츠키코모리 (Tsukikomori).smc	OK	48638	29.61	39.15	0	$c0:6d55	004210	13417
츳파리 오오즈모우 - 입신출세 편 (Tsuppari Oozumou - Risshinshusse Hen).smc	OK	56750	66.03	1.16	0	$00:83b5	000000	13588
친하이 (Chinhai).smc	OK	57265	68.60	2.10	0	$00:823c	0000b2	15171
칭기즈 칸 2 회색 늑대의 씨족 (Genghis Khan II - Clan of the Gray Wolf).smc	OK	11086	83.51	6.24	0	$c0:9ad3	000b5d	13883
카드 마스터 - 림사리아의 봉인 (Card Master - Rimusaria no Fuuin).smc	OK	2178	85.43	0.00	0	$00:88f0	000020	13365
카라반 슈팅 컬렉션 (Caravan Shooting Collection).smc	OK	6208	27.36	4.97	0	$80:8a0d	000043	14238
카마이타치의 밤 (Kamaitachi no Yoru).smc	UNRENDERED	0	0.00	0.00	0	-	-	10678
카멜트라이 (Cameltry).smc	UNRENDERED	0	0.00	83.06	0	$00:8037	004210	13244
카부이 (Ka-blooey).smc	OK	54709	74.63	4.07	0	$00:88da	00023c	13589
카비의 아발란체 (Kirby's Avalanche).smc	BOOT_CRASH	-	-	-	-	-	-	
카비의 장난감상자 - 야구.smc	BOOT_CRASH	-	-	-	-	-	-	
카시와기 시게타카의 탑 워터 베이싱 (Kashiwagi Shigetaka no Top Water Bassing).smc	OK	41721	86.56	1.44	0	$00:dc03	001ffe	14784
카오스 시드 - 풍수 회랑기 (Chaos Seed - Fuusui Kairouki).smc	OK	51968	77.28	2.59	0	$80:974a	000005	14080
카와사키 슈퍼바이크 챌린지 (Kawasaki Superbike Challenge).smc	BOOT_CRASH	-	-	-	-	-	-	
카와사키 캐리비안 챌린지 (Kawasaki Caribbean Challenge).smc	OK	34414	0.00	18.39	0	$00:a020	004212	17026
카일 페티의 노 피어 레이싱 (Kyle Petty's No Fear Racing).smc	OK	827	30.84	5.29	22810	$81:844d	00005b	7678
카코마 나이트 (Cacoma Knight).smc	BOOT_CRASH	-	-	-	-	-	-	
카코마 나이트 인 비지랜드 (Cacoma Knight in Bizyland).smc	BOOT_CRASH	-	-	-	-	-	-	
카키노키 쇼기 (Kakinoki Shougi).smc	BOOT_CRASH	-	-	-	-	-	-	
카토 1-2-3 9단 쇼기 클럽 (Katou Hifumi Kudan - Shougi Club).smc	OK	57307	45.61	0.09	0	$c0:093a	00007b	14047
칼리지 슬램 (College Slam).smc	OK	57344	77.43	0.00	0	$90:a124	0000ce	14872
캐논 포더 (Cannon Fodder).smc	OK	53525	47.26	0.03	0	$81:8041	000042	12779
캐논데일 컵 (Cannondale Cup).smc	UNRENDERED	0	82.20	2.00	0	$87:857c	000054	15646
캐리어 에이스 (Carrier Aces).smc	OK	54089	27.24	6.25	2939	$01:dd97	0000da	13788
캐스퍼 (Casper).smc	OK	4581	66.61	10.58	0	$8a:f2a6	001c00	14537
캐슬바니아 - 드라큘라 X (Castlevania - Dracula X).smc	UNRENDERED	0	0.00	0.00	0	-	-	14042
캐슬바니아 - 뱀파이어 키스 (Castlevania - Vampire's Kiss).smc	OK	3208	100.00	0.00	0	$80:81f2	8180fb	16244
캘 립켄 주니어 베이스볼 (Cal Ripken Jr. Baseball).smc	OK	55611	37.02	0.00	0	$00:80a3	001001	13109
캘리포니아 게임즈 2 (California Games II).smc	OK	51509	19.75	2.60	0	$02:d563	0003a5	11750
캡콤 MVP 풋볼 (Capcom's MVP Football).smc	BOOT_CRASH	-	-	-	-	-	-	
캡콤 사커 슛아웃 (Capcom's Soccer Shootout).smc	OK	37945	4.09	0.42	0	$9c:8584	002140	11102
캡틴 노블린 (Captain Novolin).smc	OK	4514	31.93	0.00	0	$07:80fe	000000	13075
캡틴 아메리카와 어벤저스 (Captain America and the Avengers).smc	UNRENDERED	0	66.63	14.34	0	$00:bc7c	000054	13153
캡틴 츠바사 3 - 황제의 도전 (Captain Tsubasa III - Koutei no Chousen).smc	OK	8112	65.52	1.33	0	$00:838f	000000	13142
캡틴 츠바사 4 - 프로의 라이벌들 (Captain Tsubasa IV - Pro no Rival-tachi).smc	OK	35923	37.10	1.12	0	$00:840c	000000	13354
캡틴 츠바사 5 - 패자의 칭호 챔피오네 (Captain Tsubasa V - Hasha no Shougou Campione).smc	OK	42216	58.10	2.73	0	$80:85ad	800000	13980
캡틴 츠바사 J - 웨이 투 월드 유스 (Captain Tsubasa J - The Way to World Youth).smc	OK	56928	0.00	0.88	0	$b0:ff10	b02141	12137
캡틴 코만도 (Captain Commando).smc	UNRENDERED	0	0.53	5.80	0	$c0:3340	002140	12558
캡틴아메리카와 어벤져스.smc	UNRENDERED	0	66.63	14.34	0	$00:bc7c	000054	13153
캣츠 런 - 전일본 K-Car 선수권 (Kat's Run - Zen-Nihon K-Car Senshuken).smc	UNRENDERED	0	49.43	0.00	0	$b3:85e3	b3021e	14385
커비 볼 (Kirby Bowl).smc	OK	57344	81.79	1.33	0	$80:8476	7e004d	13143
커비의 고스트 트랩 (Kirby's Ghost Trap).smc	UNRENDERED	0	84.64	0.00	0	$80:80cf	000025	15309
커비의 드림 코스 (Kirby's Dream Course).smc	OK	57344	81.49	1.03	0	$80:8474	7e004d	13136
커비의 반짝반짝 키즈 (Kirby no Kirakira Kids).smc	OK	57344	41.04	0.41	0	$80:8b2d	7e0017	13042
커비의 펀 팩 (Kirby's Fun Pak).smc	BOOT_CRASH	-	-	-	-	-	-	
컬리지 풋볼 USA 97 - 뉴올리언스로 가는 길 (College Football USA 97).smc	UNRENDERED	0	51.82	2.26	0	$81:98e2	000003	12732
컴뱃라이브즈.smc	UNRENDERED	0	37.83	4.65	0	$00:832d	000027	13606
컴퓨터 능력 해석 - 울트라 마권 (Computer Nouryoku Kaiseki - Ultra Baken).smc	OK	56591	65.05	0.00	0	$00:961a	000300	12643
컷스로트 아일랜드 (CutThroat Island).smc	UNRENDERED	0	0.10	3.54	0	$82:89fd	802140	11797
케로케로 케로피의 모험 일기 - 잠자는 숲속의 케로리누 (Kero Kero Keroppi no Bouken Nikki - Nemureru Mori no Keroleen).smc	OK	57330	79.78	0.00	0	$00:8264	001001	10600
케빈 키건의 플레이어 매니저 (Kevin Keegan's Player Manager).smc	OK	534	97.21	0.00	0	$07:8543	000083	15419
켄 그리피 주니어 프레젠츠 메이저 리그 베이스볼 (Ken Griffey Jr. Presents Major League Baseball).smc	UNRENDERED	0	0.38	0.42	0	$80:9ae3	812140	12729
켄 그리피 주니어의 위닝 런 (Ken Griffey Jr.'s Winning Run).smc	UNRENDERED	0	60.49	11.43	0	$80:80fd	000025	13688
켄도 레이지 (Kendo Rage).smc	BOOT_CRASH	-	-	-	-	-	-	
코론 랜드 (Coron Land).smc	OK	55808	63.82	6.72	0	$c0:8d9e	0000a9	14244
코스모 갱 더 비디오 (Cosmo Gang - The Video).smc	OK	56376	51.08	12.10	0	$00:d201	000030	14604
코스모 갱 더 퍼즐 (Cosmo Gang - The Puzzle).smc	OK	57304	70.43	1.47	0	$00:8352	00000f	13432
코스모 폴리스 갈리반 2 - 정의의 화살 (Cosmo Police Galivan II - Arrow of Justice).smc	OK	31475	64.55	0.00	0	$00:8e3e	0014a9	13212
콘 버스터 (Corn Buster).smc	OK	14011	0.00	84.10	0	$00:8c21	034210	14631
콩고의 모험 (Congo's Caper).smc	BOOT_CRASH	-	-	-	-	-	-	
쿠니오군의 닷지볼 - 전원 집합! (Kunio-kun no Dodge Ball Da yo Zenin Shuugou!).smc	OK	9900	63.10	3.03	0	$80:8234	8000cf	14735
쿠니오군의 돗지볼 전원집합 (Kunio-kun no Dodge Ball Da yo Zenin Shuugou! - Tournament Special).smc	OK	6735	92.20	0.00	0	$80:8234	8000cf	15822
쿠니오의 오뎅 (Kunio no Oden).smc	OK	6031	24.08	12.71	0	$00:8379	7e0045	14153
쿠파의 역습 V0.20.smc	OK	41749	77.15	2.16	0	$00:806d	000010	14657
쿠파의 역습 V1.022.smc	OK	44217	79.80	1.71	0	$00:806d	000010	14649
쿨 스팟 (Cool Spot).smc	OK	49072	56.49	0.46	114	$00:ca50	0008bc	12999
쿨 월드 (Cool World).smc	UNRENDERED	0	81.40	4.87	0	$00:a0ac	000021	13174
쿨마리오의 슈퍼 마리오 월드.smc	OK	44698	82.48	1.66	0	$00:806d	000010	14775
큐버트 3 (Q-bert 3).smc	UNRENDERED	0	51.42	13.23	0	$00:e822	0000d5	13229
큐온파 SFC (Cu-On-Pa SFC).smc	OK	53616	33.18	45.89	0	$82:84db	804213	12478
크러스티의 슈퍼 펀하우스 (Krusty's Super Fun House).smc	BOOT_CRASH	-	-	-	-	-	-	
크레용 신짱 - 장화를 풍덩!! + ST BIOS.smc	BOOT_CRASH	-	-	-	-	-	-	
크레용 신짱 - 폭풍을 부르는 그 아이 (Crayon Shin-chan - Arashi o Yobu Enji).smc	OK	55118	0.00	10.86	31778	$00:8e6b	052140	6689
크레용 신짱 2 - 대마왕의 역습 (Crayon Shin-chan 2 - Daimaou no Gyakushuu).smc	BOOT_CRASH	-	-	-	-	-	-	
크레이지 마리오 월드.smc	OK	34595	81.72	1.65	0	$00:806d	000010	14758
크로노 트리거 (Chrono Trigger) (2).smc	OK	19670	90.83	0.05	0	$c2:81cd	7e0d01	12644
크로노 트리거 (Chrono Trigger).smc	OK	19606	87.79	0.20	0	$c2:81cd	7e0d01	12632
크리스마스 전야의 소동 (Daze Before Christmas).smc	OK	46679	49.25	7.51	0	$82:da82	800487	11907
크리스탈 빈즈 프롬 던전 익스플로러 (Crystal Beans from Dungeon Explorer).smc	OK	42976	63.30	5.19	0	$c0:852c	000420	14034
클락 타워 (Clock Tower) (2).smc	OK	1250	0.00	2.30	0	$80:eff0	802140	11212
클락 타워 (Clock Tower).smc	OK	872	0.00	2.42	0	$80:eff0	802140	11213
클래식 로드 (Classic Road).smc	BOOT_CRASH	-	-	-	-	-	-	
클래식 로드 2 (Classic Road II).smc	OK	28144	0.00	4.43	41586	$80:e153	002140	3472
클레이 파이터 (ClayFighter).smc	OK	19853	14.26	25.95	7531	$db:0a27	002143	10179
클레이 파이터 2 - 저지먼트 클레이 (Clay Fighter 2 - Judgment Clay).smc	UNRENDERED	0	32.60	9.70	0	$c0:0b21	002143	11330
클레이 파이터 토너먼트 에디션 (Clay Fighter - Tournament Edition).smc	OK	19815	13.67	24.76	7427	$e3:1241	002143	10261
클레이메이트 (Claymates).smc	OK	21371	0.00	33.04	0	$c0:306a	004212	12226
클레이메이트.smc	OK	21371	0.00	33.04	0	$c0:306a	004212	12226
클록 웍스 (ClockWerx).smc	OK	57344	0.00	0.00	0	$00:ff43	002140	11616
클루 (Clue).smc	OK	48548	62.59	7.26	0	$00:8240	000008	13619
클리프행어 (Cliffhanger).smc	UNRENDERED	0	58.03	9.14	110	$82:993e	800100	13314
클리프행어.smc	UNRENDERED	0	58.03	9.14	110	$82:993e	800100	13314
키드 클라운 인 크레이지 체이스 (Kid Klown in Crazy Chase).smc	UNRENDERED	0	69.68	0.13	0	$80:9120	800240	12909
키드 클리츠의 모험 (Adventures of Kid Kleets, The).smc	UNRENDERED	0	24.05	20.89	0	$8a:9f44	9c2143	11966
키쿠니 마사히코의 잔토시 도라오 (Kikuni Masahiko no Jantoushi Doraou).smc	OK	44009	0.00	2.34	0	$1b:804c	002140	9570
키쿠니 마사히코의 잔토시 도라오 2 (Kikuni Masahiko no Jantoushi Doraou 2).smc	OK	56792	0.00	3.39	0	$8c:8351	002140	11137
키테레츠 대백과 - 초시공 스고로쿠 (Kiteretsu Daihyakka - Choujikuu Sugoroku).smc	OK	57344	94.29	0.00	0	$08:c66e	001ffc	14688
키퍼 (Keeper).smc	OK	57344	49.75	13.88	0	$00:8417	0083f3	12700
킥 오프 (Kick Off).smc	OK	56953	3.35	7.44	0	$0d:85f6	0d2143	16093
킥 오프 3 유러피언 챌린지 (Kick Off 3 - European Challenge).smc	OK	989	99.13	0.00	0	$0f:9085	0001ff	16193
킹 아서의 월드 (King Arthur's World).smc	OK	44301	21.22	0.00	0	$0e:c0c5	002140	13422
킹 오브 더 몬스터즈 (King of the Monsters).smc	OK	57093	0.00	8.81	0	$01:f8c7	002140	12513
킹 오브 더 몬스터즈 2 (King of the Monsters 2).smc	OK	23587	64.73	5.83	0	$c0:01ec	000029	14714
킹 오브 드래곤.smc	OK	44232	0.00	6.23	0	$c4:20f1	002140	12012
타다이마 용사 모집 중 오카와리 (Tadaima Yuusha Boshuuchuu Okawari).smc	UNRENDERED	0	1.86	3.54	0	$80:ef0b	842140	12659
타로 미스터리 (Tarot Mystery).smc	OK	18535	69.14	5.38	0	$c0:0608	000083	14763
타워 드림 (Tower Dream).smc	UNRENDERED	0	0.00	0.00	0	$80:808e	800001	12252
타이니 툰 어드벤처 (Tiny Toon Adventures).smc	OK	57344	0.00	0.05	0	$80:9f3b	812140	12560
타이니툰 어드밴쳐 - 도타바타 대운동회 (Tiny Toon Adventures - Dotabata Daiundoukai).smc	BOOT_CRASH	-	-	-	-	-	-	
타이쿄쿠 이고 - 골리앗 (Taikyoku Igo - Goliath).smc	OK	57271	70.24	3.86	0	$89:83b8	891321	13373
타이쿄쿠 이고 - 이다텐 (Taikyoku Igo - Idaten).smc	BOOT_CRASH	-	-	-	-	-	-	
타임 트랙스 (Time Trax).smc	OK	21504	0.84	55.97	102	$9b:fbe1	804212	14762
타임 환상기 (Illusion of Time).smc	OK	2247	0.00	70.85	0	$82:804d	804210	11918
타임슬립 (Timeslip).smc	UNRENDERED	0	68.11	2.78	0	$00:804b	7e2241	11772
타임캅 (Timecop).smc	OK	20294	0.00	43.30	0	$b7:82ea	b72140	13337
타카하시명인의 대모험도 (Takahashi Meijin no Daibouken-jima).smc	OK	57280	43.98	2.01	0	$00:808a	000bf2	14302
타카하시명인의 대모험도II (Takahashi Meijin no Daibouken-jima II).smc	OK	57344	0.07	52.15	0	$c0:0cb7	004212	13268
타케 유타카 G1 메모리 (Take Yutaka GI Memory).smc	UNRENDERED	0	0.00	2.04	0	$e0:0420	002140	14027
타케다 노부히로의 슈퍼 리그 사커 (Takeda Nobuhiro no Super League Soccer).smc	OK	59808	55.26	7.57	0	$80:83fa	0000b4	15030
타케다 노부히로의 슈퍼 컵 사커 (Takeda Nobuhiro no Super Cup Soccer).smc	OK	46979	51.87	6.83	0	$80:83b1	0000b1	14867
타케미야 마사키 9단의 바둑 대장 (Takemiya Masaki Kudan no Igo Taishou).smc	BOOT_CRASH	-	-	-	-	-	-	
탑 기어 (Top Gear).smc	OK	54563	80.84	0.00	0	$0f:a251	000008	14347
탑 기어 2 (Top Gear 2).smc	OK	17270	67.70	0.89	0	$9f:c547	9f0015	12496
탑 기어 3000 (Top Gear 3000).smc	UNRENDERED	0	94.73	0.90	0	$80:8088	308001	10320
탑 레이서 (Top Racer).smc	OK	54461	80.73	0.00	0	$0f:a249	000008	14276
탑 레이서 2 (Top Racer 2).smc	UNRENDERED	0	45.34	7.44	15	$9f:c7f4	9f0015	12623
탑 매니지먼트 2 (Top Management II).smc	OK	57088	78.12	2.56	0	$00:94f7	000be8	13354
탕탕 - 태양의 감옥 (Tintin - Prisoners of the Sun).smc	OK	900	87.75	2.74	0	$82:991f	000471	11377
태권도 (Taekwon-Do) (2).smc	OK	57344	0.00	0.86	0	$80:f74f	812140	11473
태권도 (Taekwon-Do).smc	OK	57344	0.00	0.86	0	$80:f74f	812140	11473
태즈매니아 (Taz-Mania).smc	OK	35104	51.06	11.08	0	$98:f705	0000a9	13996
태평양 전구 2 (P.T.O. II - Pacific Theater of Operations).smc	OK	54263	65.47	13.07	0	$c0:898d	00002d	13817
태합입신전 (Taikou Risshiden).smc	UNRENDERED	0	76.64	0.90	0	$c0:9af9	000b5d	13235
택티컬 사커.smc	OK	48351	58.45	8.57	0	$c0:803f	0000e9	11691
택틱스 오우거 - 마주 잡은 두손 (Tactics Ogre - Let Us Cling Together) (2).smc	OK	26213	86.69	2.15	0	$80:a19d	8005b9	13010
택틱스 오우거 - 마주 잡은 두손 (Tactics Ogre - Let Us Cling Together).smc	OK	26213	86.60	2.15	0	$80:a19d	8005b9	13012
터미네이터 (Terminator, The).smc	OK	11996	83.69	0.19	0	$00:d681	00003d	10655
터미네이터 2 - 아케이드 게임 (T2 - The Arcade Game).smc	OK	31331	70.76	4.80	0	$81:81b2	000017	13074
터미네이터 2 심판의 날 (Terminator 2 - Judgment Day).smc	UNRENDERED	0	51.34	2.89	0	$89:9b0f	000073	15747
터프 메모리즈 (Turf Memories).smc	OK	55768	0.00	2.20	0	$bf:fea3	bf2141	11898
터프 이 너프 (Tuff E Nuff).smc	OK	57344	47.76	27.44	0	$80:8088	801f6e	12757
터프 히어로 (Turf Hero).smc	BOOT_CRASH	-	-	-	-	-	-	
턴 앤 번 - 노 플라이 존 (Turn and Burn - No-Fly Zone).smc	BOOT_CRASH	-	-	-	-	-	-	
테라니그마 (Terranigma).smc	OK	3963	0.00	77.70	0	$86:8009	004210	11789
테마 파크 (Theme Park).smc	OK	57088	29.75	0.00	0	$2f:8008	7ed652	12393
테이블 게임 대집합! 쇼기 마작 하나후다 (Table Game Daishuugou!!).smc	OK	57119	79.08	5.71	0	$c0:0c74	00007b	15003
테일즈 오브 판타지아 (Tales of Phantasia) (2).smc	BOOT_CRASH	-	-	-	-	-	-	
테일즈 오브 판타지아 (Tales of Phantasia).smc	UNRENDERED	0	0.00	0.00	0	$00:f141	002140	16124
테크모 슈퍼 NBA 농구 (Tecmo Super NBA Basketball).smc	OK	57332	68.24	4.75	0	$80:8fb1	801fe8	13064
테크모 슈퍼 베이스볼 (Tecmo Super Baseball).smc	OK	56407	50.97	15.69	52	$80:90e2	0000a7	12837
테크모 슈퍼 볼 (Tecmo Super Bowl).smc	BOOT_CRASH	-	-	-	-	-	-	
테크모 슈퍼 볼 II SE (Tecmo Super Bowl II - Special Edition).smc	OK	16384	70.82	2.08	0	$80:86e2	800000	14146
테크모 슈퍼 볼 III 파이널 에디션 (Tecmo Super Bowl III - Final Edition).smc	OK	4179	76.21	0.10	0	$80:871b	800000	14142
테트리스 & 닥터 마리오 (Tetris & Dr. Mario).smc	OK	19296	0.00	1.75	0	$80:bb9a	802140	14002
테트리스 2 (Tetris 2).smc	OK	52952	0.00	3.93	0	$80:a5ab	802140	13210
테트리스 어택 (Tetris Attack).smc	OK	57344	0.52	2.99	0	$80:94d8	802143	12452
테트리스 플래시 (Tetris Flash).smc	OK	7953	18.14	71.15	0	$80:a6b8	802140	13430
테트리스배틀외전 (Tetris Battle Gaiden).smc	BOOT_CRASH	-	-	-	-	-	-	
텐류 겐이치로의 프로레슬링 레볼루션 (Tenryuu Genichirou no Pro Wres Revolution).smc	OK	39672	61.62	2.25	0	$80:8088	801f00	13021
텐퍼 월드.smc	OK	44698	79.80	1.71	0	$00:806d	000010	14649
텔레토비 카트 V.50 by SpctrmXD.smc	OK	593	0.00	100.00	0	$81:fa15	007001	10211
텔레토비 카트 V.90 by SpctrmXD.smc	OK	593	0.00	100.00	0	$81:fa15	007001	10211
토니 메올라 사이드킥스 사커 (Tony Meola's Sidekicks Soccer).smc	OK	54584	0.00	18.62	50531	$19:e355	002140	2038
토리데 (Toride).smc	UNRENDERED	0	44.08	3.70	0	$80:80ec	7e023f	13330
토우게 전설 - 최속 배틀 (Touge Densetsu - Saisoku Battle).smc	UNRENDERED	0	40.59	14.19	0	$81:83c3	811101	13409
토이 스토리 (Toy Story).smc	UNRENDERED	0	29.80	0.17	4687	$87:ed43	7e29ad	11163
토이즈 (Toys - Let the Toy Wars begin!).smc	OK	56678	44.37	0.00	0	$9f:ea75	001c00	13656
토코로의 마작 (Tokoro's Mahjong).smc	OK	57344	78.27	0.00	0	$00:8347	02020a	11602
토탈 카니지 (Total Carnage).smc	OK	57344	65.57	13.43	0	$80:97fa	000058	14831
톨네코의 대모험 - 이상한 던전 (Torneko no Daibouken - Fushigi no Dungeon).smc	OK	57344	0.00	6.78	0	$03:aabb	002140	11171
톰과 제리 (Tom and Jerry).smc	UNRENDERED	0	73.20	0.00	0	$80:8058	81023b	11417
트래버스 - 별빛과 대초원 (Traverse - Starlight & Prairie).smc	OK	22728	11.63	42.93	0	$d0:476e	004212	13562
트래져헌터G.smc	UNRENDERED	0	1.56	19.23	0	$88:8115	882140	12556
트럼프 아일랜드 (Trump Island).smc	OK	56826	81.56	3.87	0	$81:847c	000004	12941
트레저 헌터 G (Treasure Hunter G).smc	UNRENDERED	0	1.56	19.35	0	$88:8115	882140	12542
트로들러스 (Troddlers).smc	UNRENDERED	0	17.88	22.86	0	$7f:0302	004210	12514
트로이 에이크만 NFL 풋볼 (Troy Aikman NFL Football).smc	OK	56836	66.07	1.64	5776	$82:9ae3	00041b	12035
트루 라이즈 (True Lies).smc	OK	11278	0.00	6.96	0	$81:8dab	802140	10971
트리네아 (Trinea).smc	UNRENDERED	0	50.78	24.72	0	$c0:8d87	000084	13838
트윈비 - 레인보우 벨 어드벤쳐 (TwinBee - Rainbow Bell Adventure).smc	OK	56143	0.00	0.00	0	-	-	12672
티몬과 품바의 정글 게임 (Timon & Pumbaa's Jungle Games).smc	OK	52026	0.00	6.39	0	$d7:0568	000002	13277
틱 (Tick, The).smc	OK	48358	0.00	3.68	0	$81:dcb7	822140	12058
틴 스타 (Tin Star).smc	OK	56748	7.70	8.44	0	$86:9f0c	012140	12359
틴에이지 뮤턴트 닌자 터틀즈 4 - 터틀즈 인 타임 (Teenage Mutant Ninja Turtles IV - Turtles in Time).smc	OK	57199	0.00	9.78	0	$00:9f21	012140	12907
틴에이지 뮤턴트 히어로 터틀즈 토너먼트 파이터즈 (Teenage Mutant Hero Turtles - Tournament Fighters).smc	UNRENDERED	0	0.00	0.00	0	$80:865c	81003c	13259
틴에이지 히어로 터틀즈 4 - 터틀즈 인 타임 (Teenage Mutant Hero Turtles IV - Turtles in Time).smc	OK	57211	0.00	9.78	0	$00:9f21	012140	12906
틴틴 티베트에서의 모험 (Tintin in Tibet).smc	OK	900	83.25	3.18	0	$82:9ae9	00047a	11453
파랜드 스토리 (Farland Story).smc	OK	17149	91.76	0.00	0	$c0:04c9	000205	12266
파랜드 스토리 2 (Farland Story 2).smc	OK	21587	84.59	0.00	0	$c0:0390	000114	11679
파로디우스 (Parodius).smc	OK	56898	0.00	1.02	0	$00:a80a	012140	12336
파로디우스다! - 신화에서 웃음으로 (Parodius Da! - Shinwa kara Owarai e).smc	OK	56898	0.00	1.10	0	$00:a7fa	012140	12345
파르러! 미니 - 파친코 실기 시뮬레이션 게임 (Parlor! Mini - Pachinko Jikki Simulation Game).smc	OK	55834	0.00	67.12	0	$c3:4fa4	004212	13590
파르러! 미니 2 - 파친코 실기 시뮬레이션 게임 (Parlor! Mini 2 - Pachinko Jikki Simulation Game).smc	OK	57344	0.00	50.53	0	$c3:4d89	004212	14005
파르러! 미니 3 - 파친코 실기 시뮬레이션 게임 (Parlor! Mini 3 - Pachinko Jikki Simulation Game).smc	OK	56034	0.00	42.60	0	$c3:4e75	004212	13961
파르러! 미니 4 - 파친코 실기 시뮬레이션 게임 (Parlor! Mini 4 - Pachinko Jikki Simulation Game).smc	OK	57344	0.00	20.45	0	$c4:5172	004212	13897
파르러! 미니 5 - 파친코 실기 시뮬레이션 게임 (Parlor! Mini 5 - Pachinko Jikki Simulation Game).smc	OK	56049	0.00	21.43	0	$c3:5505	004212	13887
파르러! 미니 6 - 파친코 실기 시뮬레이션 게임 (Parlor! Mini 6 - Pachinko Jikki Simulation Game).smc	OK	56042	0.00	20.50	0	$c3:5281	004212	13883
파르러! 미니 7 - 파친코 실기 시뮬레이션 게임 (Parlor! Mini 7 - Pachinko Jikki Simulation Game).smc	OK	57344	0.00	21.38	0	$c3:526f	004212	13885
파워 드라이브 (Power Drive).smc	UNRENDERED	0	73.41	3.01	0	$82:df7d	000031	14860
파워 레인저스 지오 - 배틀 레이서스 (Power Rangers Zeo - Battle Racers).smc	BOOT_CRASH	-	-	-	-	-	-	
파워 로드 러너 (Power Lode Runner).smc	OK	57344	47.18	6.53	0	$80:81a0	000387	11813
파워 몽거 (Power Monger).smc	OK	57344	0.00	80.39	0	$80:82d0	004212	13361
파워 몽거 - 마성의 모략 (PowerMonger - Mashou no Bouryaku).smc	OK	57344	0.00	79.05	0	$80:82d0	004212	13375
파워 무브즈 (Power Moves).smc	OK	28862	48.04	0.13	0	$00:812b	000003	14460
파워 소코반 (Power Soukoban).smc	OK	44899	70.57	3.49	0	$80:8111	000245	12192
파워 애슬리트 (Power Athlete).smc	OK	28862	48.13	0.12	0	$00:812b	000003	14464
파워 오브 더 하이어드 (Power of the Hired).smc	OK	52884	20.58	6.18	0	$80:8a7b	85013b	13106
파워 인스팅트 (Gouketsuji Ichizoku).smc	UNRENDERED	0	0.00	31.96	0	$c4:8165	000040	13699
파이날 판타지 2 (Final Fantasy II).smc	OK	5985	97.10	0.00	0	$00:8f22	00067e	15476
파이널 녹아웃 (Final Knockout).smc	OK	42459	68.25	0.03	0	$80:b471	800683	12125
파이널 세트 테니스 (Finalset).smc	OK	9014	79.67	0.13	0	$00:8060	001fff	14223
파이널 스트레치 (Final Stretch).smc	OK	38314	0.00	37.66	0	$97:85c4	974212	14034
파이널 파이트 (Final Fight) (2).smc	OK	45144	0.00	1.58	0	$01:8300	002140	15782
파이널 파이트 (Final Fight).smc	OK	45145	0.00	1.59	0	$01:830d	002140	15795
파이널 파이트 1 가이 (Final Fight Guy) (3).smc	OK	44988	0.00	1.68	0	$01:8448	002140	15848
파이널 파이트 1 가이 (Final Fight Guy).smc	OK	44988	0.00	1.68	0	$01:843a	002140	15850
파이널 파이트 2 (Final Fight 2) (3).smc	OK	51200	28.02	1.18	34766	$80:8966	7eaa3a	5490
파이널 파이트 2 (Final Fight 2).smc	OK	51200	12.09	1.29	38250	$81:8056	002140	4679
파이널 파이트 3 터프 (Final Fight Tough).smc	OK	48640	44.84	13.34	0	$ec:0241	001fff	12540
파이널 판타지 - 미스틱 퀘스트 (Final Fantasy - Mystic Quest).smc	OK	28952	95.66	0.02	371	$00:96ab	0000d8	14711
파이널 판타지 3 (Final Fantasy III).smc	OK	57344	70.46	8.09	0	$7e:7206	000017	15019
파이널 판타지 4 (Final Fantasy 4).smc	OK	7831	94.93	0.00	0	$00:9142	00067e	15421
파이널 판타지 4 (Final Fantasy IV).smc	OK	7831	94.79	0.00	0	$00:9142	00067e	15416
파이널 판타지 5 (Final Fantasy 5).smc	OK	18926	58.83	0.96	0	$7f:945f	000427	12635
파이널 판타지 5 (Final Fantasy V).smc	OK	18926	58.83	0.96	0	$7f:945f	000427	12635
파이널 판타지 6 (Final Fantasy 6).smc	OK	57344	72.83	8.04	0	$7e:7192	000017	15113
파이널 판타지 USA - 미스틱 퀘스트 (Final Fantasy USA - Mystic Quest).smc	OK	37744	90.24	0.13	197	$00:9750	0000d8	14175
파이널 판타지 VI (Final Fantasy VI).smc	OK	57344	72.83	8.04	0	$7e:7192	000017	15113
파이널파이트3 (Final Fight 3).smc	OK	48640	45.06	13.36	0	$ec:0241	001fff	12535
파이어 스트라이커 (FireStriker).smc	BOOT_CRASH	-	-	-	-	-	-	
파이어 엠블렘 - 문장의 수수께끼 (Fire Emblem - Monshou no Nazo) (2).smc	BOOT_CRASH	-	-	-	-	-	-	
파이어 엠블렘 - 문장의 수수께끼 (Fire Emblem - Monshou no Nazo).smc	BOOT_CRASH	-	-	-	-	-	-	
파이어 엠블렘 - 성전의 계보 (Fire Emblem - Seisen no Keifu) (2).smc	OK	45857	68.14	2.51	0	$80:8244	0000dc	12942
파이어 엠블렘 - 성전의 계보 (Fire Emblem - Seisen no Keifu).smc	OK	45857	67.98	2.51	0	$80:8244	0000dc	12938
파이어 엠블렘 - 트라키아 776 (Fire Emblem - Thracia 776) (2).smc	OK	30171	71.79	1.51	0	$80:82fb	0000dc	12600
파이어 엠블렘 - 트라키아 776 (Fire Emblem - Thracia 776).smc	OK	30171	79.85	0.20	0	$80:82fb	0000dc	12626
파이어 파이팅 (Fire Fighting).smc	OK	9874	0.00	5.76	0	$80:bcce	804210	12969
파이어 프로 여자 - 올스타 드림 슬램 (Fire Pro Joshi - All Star Dream Slam).smc	OK	57344	0.00	2.91	0	$80:f2ed	842140	11826
파이어맨 (Firemen, The) (2).smc	OK	37251	55.77	3.87	0	$80:8161	0000c1	14062
파이어맨 (Firemen, The).smc	OK	35842	45.70	4.84	0	$80:8161	0000c1	13871
파이어파워 2000 (Firepower 2000).smc	OK	32182	58.77	0.00	0	$9b:828b	7e2023	11968
파이터즈 히스토리 (Fighter's History).smc	OK	49892	29.57	10.80	0	$c0:8581	0000b0	14160
파이터즈 히스토리 - 미조구치 위기일발 (Fighter's History - Mizoguchi Kikiippatsu!!).smc	OK	44197	25.37	17.16	0	$c0:5007	0000b8	14135
파이팅 베이스볼 (Fighting Baseball).smc	BOOT_CRASH	-	-	-	-	-	-	
파이프 드림 (Pipe Dream).smc	OK	57344	48.73	6.68	0	$02:83b8	021f21	13138
파일럿윙즈 (Pilotwings).smc	UNRENDERED	0	83.03	0.00	0	$00:cada	3fc001	12538
파치슬롯 랜드 (Pachi-Slot Land - Pachipachi Coin no Densetsu).smc	OK	56851	89.98	0.32	0	$00:8343	000068	13109
파치슬롯 러브 스토리 (Pachi-Slot Love Story).smc	OK	39451	68.81	0.00	0	$0b:9b60	001013	11917
파치슬롯 승부사 (Pachi-Slot Gambler).smc	OK	57344	62.07	3.08	0	$00:8384	020206	12137
파치슬롯 연구 (Pachi-Slot Kenkyuu).smc	OK	57088	83.56	1.98	0	$80:8434	80011f	13108
파치슬롯 완전공략 - 유니버설 신대 입하 편 1 (Pachi-Slot Kanzen Kouryaku - Universal Shindai Nyuuka Volume 1).smc	OK	57344	40.83	0.00	0	$80:841c	801e5f	15063
파치슬롯 이야기 - PAL 공업 스페셜 (Pachi-Slot Monogatari - PAL Kougyou Special).smc	BOOT_CRASH	-	-	-	-	-	-	
파치슬롯 이야기 - 유니버설 스페셜 (Pachi-Slot Monogatari - Universal Special).smc	OK	56786	59.92	1.61	0	$80:8096	000031	13029
파치오군 스페셜 (Pachio-kun Special).smc	UNRENDERED	0	34.15	32.06	0	$00:80ab	000019	13659
파치오군 스페셜 2 (Pachio-kun Special 2).smc	UNRENDERED	0	0.00	99.80	0	$0c:dd62	0c2140	13235
파치오군 스페셜 3 (Pachio-kun Special 3).smc	OK	57344	77.11	0.30	0	$00:8514	0000f9	15011
파친코 렌찬 천국 - 슈퍼 CR 스페셜 (Pachinko Ren-chan Tengoku - Super CR Special).smc	OK	57056	66.61	0.81	0	$00:d06e	000448	13254
파친코 비 필승법 (Pachinko Maruhi Hisshouhou).smc	OK	57056	35.68	4.21	0	$01:c030	000448	13153
파친코 워즈 (Pachinko Wars).smc	OK	20890	61.57	1.75	0	$00:985c	000d2e	13886
파친코 워즈 2 (Pachinko Wars II).smc	OK	57344	81.80	2.24	0	$80:99ee	800fd1	13498
파친코 이야기 - 파친슬롯도 있다구!! (Pachinko Monogatari - Pachi-Slot mo Aru deyo!!).smc	OK	40556	46.61	13.77	0	$00:812c	000031	13078
파친코 이야기 2 - 나고야 사치호코의 제왕 (Pachinko Monogatari 2 - Nagoya Shachihoko no Teiou).smc	BOOT_CRASH	-	-	-	-	-	-	
파친코 챌린저 (Pachinko Challenger).smc	OK	57344	91.10	2.04	0	$00:8304	000006	13144
파친코 철인 - 칠번 승부 (Pachinko Tetsujin - Nanaban Shoubu).smc	BOOT_CRASH	-	-	-	-	-	-	
파친코 팬 - 승리 선언 (Pachinko Fan - Shouri Sengen).smc	OK	40807	68.94	3.31	0	$82:802b	000201	11514
팔라딘 퀘스트 (Paladin's Quest).smc	UNRENDERED	0	90.65	0.38	0	$00:825d	00001b	15138
팔랑크스 - 인포스 파이터 A-144 (Phalanx).smc	UNRENDERED	0	65.75	0.61	0	$1f:ebdc	1f0220	12149
팝'n 트윈비 (Pop'n TwinBee).smc	OK	57034	2.90	0.00	0	$80:a472	812140	13538
팝엔 트윈비 - 레인보우 벨 어드벤처 (Pop'n TwinBee - Rainbow Bell Adventures).smc	OK	1834	100.00	0.00	0	$80:8e36	81863c	16244
패널로 퐁 (Panel de Pon).smc	OK	57130	0.43	2.65	0	$80:91dc	802143	12421
패미컴 탐정 클럽 파트 2 (Famicom Tantei Club Part II - Ushiro ni Tatsu Shoujo).smc	OK	27157	0.00	0.91	0	$83:80de	002140	14044
패미콤 문고 - 시작의 숲 (Famicom Bunko - Hajimari no Mori).smc	OK	57344	64.80	3.05	0	$c0:02a3	000501	11851
패밀리 도그 (Family Dog).smc	OK	54322	66.18	0.06	0	$80:bc20	830201	11901
패밀리 퓨드 (Family Feud).smc	OK	53752	57.35	0.53	0	$00:9245	000201	12289
패성마작 료가 (Haisei Mahjong - Ryouga).smc	OK	57324	98.26	0.00	0	$85:bf95	7e0181	11651
패왕대계 류나이트 (Haou Taikei Ryuu Knight - Lord of Paladin).smc	UNRENDERED	0	54.71	20.10	0	$05:d610	000027	13891
패키 앤 말론 (Packy & Marlon).smc	BOOT_CRASH	-	-	-	-	-	-	
팩 어택 (Pac-Attack).smc	OK	51029	60.64	1.19	0	$00:8369	00000f	13577
팩 인 타임 (Pac-In-Time).smc	BOOT_CRASH	-	-	-	-	-	-	
팩맨 2 새로운 모험 (Pac-Man 2 - The New Adventures).smc	BOOT_CRASH	-	-	-	-	-	-	
팬텀 2040 (Phantom 2040).smc	OK	46370	53.98	10.42	0	$80:8254	000223	12817
퍼스트 사무라이 (First Samurai).smc	UNRENDERED	0	79.23	0.24	0	$01:ff25	010224	13098
퍼스트 퀸 - 오닉 전기 (First Queen - Ornic Senki).smc	OK	54775	5.70	78.59	0	$c0:feeb	004212	13705
퍼즐 보블 _ 버스트 어 무브 (Puzzle Bobble).smc	OK	57304	0.00	60.94	0	$85:824c	854210	12654
퍼즐앤 데스! (Puzzle'n Desu!).smc	OK	48709	67.23	1.44	0	$00:8a59	000141	14666
퍼티 문 (Putty Moon).smc	OK	159	0.00	66.47	0	$01:e706	004210	13211
퍼티 스쿼드 (Putty Squad).smc	UNRENDERED	0	0.00	56.71	0	$82:fc84	804210	13326
펀 앤 게임즈 (Fun 'n' Games).smc	OK	55708	26.06	2.05	3433	$80:9f2d	00012b	11684
페다 - 더 엠블럼 오브 저스티스 (Feda - The Emblem of Justice).smc	UNRENDERED	0	48.46	1.86	0	$c0:0e9e	000031	14197
페르시아의 왕자 (Prince of Persia).smc	OK	53411	91.31	0.74	0	$03:a2be	030800	11917
페르시아의 왕자 - 빛의 여왕2.0.smc	OK	53411	91.31	0.74	0	$03:a2be	030800	11917
페르시아의 왕자 2 (Prince of Persia 2).smc	OK	50944	85.73	0.11	0	$b1:9b50	000021	13078
페블 비치 골프 링크스 (True Golf Classics - Pebble Beach Golf Links).smc	OK	78	36.57	3.47	0	$00:ad8f	001c95	12029
페블 비치의 파도 (New 3D Golf Simulation - Pebble Beach no Hatou).smc	UNRENDERED	0	37.13	3.47	0	$00:ae22	001c95	12014
페블 비치의 파도 뉴 - 토너먼트 에디션 (Pebble Beach no Hatou New - Tournament Edition).smc	BOOT_CRASH	-	-	-	-	-	-	
페이스볼 2000 (Faceball 2000).smc	OK	53582	25.17	6.07	0	$00:9a7f	031c92	13872
페이지 마스터 (Pagemaster, The).smc	OK	39586	0.00	5.41	0	$1f:81ba	000000	13790
페이탈 퓨리 (Fatal Fury).smc	OK	57088	86.07	3.15	0	$00:8376	000051	13909
페이퍼보이 2 (Paperboy 2).smc	OK	54836	49.97	0.00	0	$00:e347	000009	14260
편의점 전쟁 바코드 배틀러 전기 - 슈퍼 전사 출격하라! (Conveni Wars Barcode Battler Senki - Super Senshi Shutsugeki seyo!).smc	OK	55474	54.83	4.55	0	$c0:81bf	00005d	14628
포먼 포 리얼 (Foreman for Real).smc	BOOT_CRASH	-	-	-	-	-	-	
포이포이 닌자 월드.smc	BOOT_CRASH	-	-	-	-	-	-	
포춘 퀘스트 - 주사위를 굴려라 (Fortune Quest - Dice o Korogase).smc	OK	55449	0.00	5.54	0	$c7:d560	002140	13180
포코냥! 헨포코린 어드벤처 (Pokonyan! - Henpokorin Adventure).smc	OK	57344	59.29	8.81	0	$00:e9a4	001f00	14614
포키 앤 로키 (Pocky & Rocky).smc	OK	48915	64.73	1.97	0	$00:81c7	000000	11764
포키 앤 로키 2 (Pocky & Rocky 2).smc	UNRENDERED	0	44.07	10.03	0	$00:82c1	000007	13264
포키 피그의 헌티드 할리데이 (Porky Pig's Haunted Holiday).smc	BOOT_CRASH	-	-	-	-	-	-	
포파이 - 심술궂은 마녀 씨헤그의 편.smc	BOOT_CRASH	-	-	-	-	-	-	
포포잇토 헤베레케 (Popoitto Hebereke).smc	OK	57344	41.75	8.56	0	$80:8757	00002f	13313
포퓰러스 (Populous).smc	OK	35355	74.20	0.56	0	$01:928d	000051	15026
포퓰러스 2 - 올림피안 신들의 시련 (Populous II - Trials of the Olympian Gods).smc	OK	22086	46.70	5.06	0	$03:87b7	00004e	14822
포플메일 (Popful Mail).smc	OK	48154	47.73	9.88	0	$00:88f1	00060b	13060
폭구연발!! 슈퍼 비다만 (Bakukyuu Renpatsu!! Super B-Daman).smc	OK	57344	68.24	2.73	0	$83:82bc	83100d	13301
푸른 수정의 지팡이 (Blue Crystal Rod, The).smc	OK	44074	0.00	9.29	0	$00:a258	002140	15175
푸른 전설의 슛! (Aoki Densetsu Shoot!).smc	OK	24602	0.00	1.70	0	$80:8b6f	802140	11447
푸시 오버 (Push-Over).smc	UNRENDERED	0	16.96	14.28	0	$00:83a4	000298	13846
풀 스로틀 레이싱 (Full Throttle - All-American Racing).smc	BOOT_CRASH	-	-	-	-	-	-	
풀 파워 (Full Power).smc	BOOT_CRASH	-	-	-	-	-	-	
풋볼 아르헨티나 96.smc	BOOT_CRASH	-	-	-	-	-	-	
풋볼 퓨리 (Football Fury).smc	OK	52285	94.02	0.06	0	$00:80c8	000067	11596
풍래의 시렌 2 (Fushigi no Dungeon 2 - Fuurai no Shiren).smc	OK	57344	93.02	0.44	0	$81:8133	001eff	15366
퓨처 GPX 사이버 포뮬러 (Shinseiki GPX - Cyber Formula).smc	OK	55028	33.83	0.07	0	$10:8522	10002f	13600
프라이멀 레이지 (Primal Rage).smc	OK	41996	52.82	0.53	0	$c2:1174	001f01	12486
프랜틱 플리 (Frantic Flea).smc	OK	52095	80.86	1.71	0	$81:8138	80005d	12413
프랭크 토마스 빅 허트 베이스볼 (Frank Thomas Big Hurt Baseball).smc	UNRENDERED	0	96.83	0.00	0	$80:c4f4	000020	15452
프랭크의 슈퍼 마리오 월드.smc	OK	44472	82.08	1.66	0	$00:806d	000010	14782
프로 기사 인생 시뮬레이션 - 쇼기의 하나미치 (Pro Kishi Jinsei Simulation - Shougi no Hanamichi).smc	BOOT_CRASH	-	-	-	-	-	-	
프로 마작 극 (Pro Mahjong Kiwame).smc	UNRENDERED	0	1.38	98.35	0	$0f:803e	0f2142	13204
프로 마작 극 2 (Pro Mahjong Kiwame II).smc	OK	57344	74.18	0.31	0	$03:fac5	000082	13014
프로 마작 극 3 (Pro Mahjong Kiwame III).smc	OK	1072	0.00	0.00	0	$80:855b	800117	14214
프로 마작 츠와모노 (Pro Mahjong Tsuwamono).smc	OK	57344	67.53	0.00	0	$80:85a5	7e00f2	12182
프로 사커 (Pro Soccer).smc	OK	4032	0.00	5.88	0	$0e:81a4	002140	9481
프로 스포츠 하키 (Pro Sport Hockey).smc	OK	55110	0.00	1.24	0	$80:bba9	002140	12715
프로 야구 스타 (Pro Yakyuu Star).smc	OK	54016	0.00	9.74	0	$97:83af	992140	12207
프로 야구 열투 - 퍼즐 스타디움 (Pro Yakyuu Nettou - Puzzle Stadium).smc	UNRENDERED	0	0.00	95.01	0	$03:81a5	032140	13279
프로 쿼터백 (Pro Quarterback).smc	OK	57344	3.88	6.53	11250	$81:da9a	002140	10875
프로 풋볼 (Pro Football).smc	OK	55755	6.70	2.99	0	$01:ee1c	000005	12174
프로 풋볼 93 (Pro Football '93).smc	UNRENDERED	0	12.76	9.35	0	$0c:b378	002141	11935
프로거 (Frogger).smc	OK	51822	71.09	0.00	0	$8f:ed2d	001c00	14717
프론트 미션 (Front Mission) (2).smc	OK	3200	72.11	3.06	0	$c0:258a	840113	11651
프론트 미션 (Front Mission).smc	OK	3200	72.13	3.06	0	$c0:2587	840113	11651
프론트 미션 - 건하자드 (Front Mission Series - Gun Hazard).smc	OK	50160	1.84	2.46	0	$c0:059b	820049	13720
프리히스토릭 맨 (Prehistorik Man).smc	OK	53557	42.59	8.51	0	$80:ff68	000021	12808
프린세스 메이커 - 이세계 전설 (Princess Maker - Legend of Another World).smc	OK	56576	0.00	3.14	0	$de:0074	002141	12898
프린세스 미네르바 (Princess Minerva).smc	OK	12288	53.15	3.27	0	$80:8286	00000c	12500
플라잉 히어로 - 부규루의 대모험 (Flying Hero - Bugyuru no Daibouken).smc	OK	57065	66.82	6.19	0	$00:8062	000003	14401
플래닛 챔프 TG3000 (Planet's Champ TG 3000, The).smc	UNRENDERED	0	94.73	0.90	0	$80:8088	308001	10320
플래시백 (Flashback).smc	OK	51677	38.33	14.23	0	$c2:c492	000114	12868
플래시백 - 아이덴티티를 찾아서 (Flashback - The Quest for Identity).smc	OK	51680	37.34	12.75	0	$c2:c44e	000114	12741
플래시백.smc	OK	43412	27.26	3.52	0	$c2:c43e	000115	12278
플록! (Plok).smc	UNRENDERED	0	19.94	3.59	0	$80:9fd2	000009	12917
플린스톤 - 시에라 마드록의 보물 (Flintstones, The - The Treasure of Sierra Madrock).smc	OK	53583	0.00	4.02	0	$80:8fdb	802140	12025
플린트스톤 (Flintstones, The).smc	OK	57152	44.56	7.03	0	$83:82a4	00008c	13048
피구왕 통키 (Honoo no Toukyuuji - Dodge Danpei).smc	OK	57304	89.65	0.63	0	$00:830c	00002f	15139
피노키오 (Pinocchio).smc	OK	57344	0.00	74.40	0	$81:9290	834212	13209
피맨 (P-Man).smc	OK	53557	43.83	7.37	0	$80:ff8b	000021	12791
피버 피치 사커.smc	BOOT_CRASH	-	-	-	-	-	-	
피스 키퍼스 (Peace Keepers, The).smc	OK	57344	0.00	11.72	0	$80:dccf	804210	12127
피시즈 (Pieces).smc	OK	57344	0.00	5.77	0	$c0:21ff	002142	12054
피카츄의 모험.smc	UNRENDERED	0	0.00	100.00	0	$c5:c294	002141	11528
피크로스 NP Vol. 2 (Picross NP Vol. 2).smc	OK	56540	39.01	18.57	0	$c0:01d4	80010e	11681
피크로스 NP Vol. 3 (Picross NP Vol. 3).smc	OK	56540	38.44	18.56	0	$c0:01d4	80010e	11689
피크로스 NP Vol. 4 (Picross NP Vol. 4).smc	OK	56540	38.45	18.56	0	$c0:01d4	80010e	11689
피크로스 NP Vol. 5 (Picross NP Vol. 5).smc	OK	56540	38.45	18.55	0	$c0:01d4	80010e	11691
피크로스 NP Vol.6 (Picross NP Vol. 6).smc	OK	56812	38.00	18.54	0	$c0:01d4	80010e	11701
피크로스 NP Vol.7 (Picross NP Vol. 7).smc	OK	56817	37.92	18.54	0	$c0:01d4	80010e	11699
피크로스 NP Vol.8 (Picross NP Vol. 8).smc	OK	56813	37.99	18.55	0	$c0:01d4	80010e	11701
피크로스NP Vol.1 (Picross NP Vol. 1).smc	OK	56540	39.57	18.49	0	$c0:01d4	80010e	11672
피키냐! (Pikiinya!).smc	OK	57344	43.68	4.58	0	$83:1504	000099	13089
피트폴 - 마야의 모험 (Pitfall - The Mayan Adventure).smc	OK	33829	14.20	40.37	0	$80:fcd4	802140	13392
피파 로드 투 월드컵 98 (FIFA - Road to World Cup 98).smc	OK	57096	68.36	1.59	0	$80:8776	000052	13765
핀볼 드림즈 (Pinball Dreams).smc	OK	49168	77.87	3.63	56	$80:9320	800702	13638
핀볼 판타지스 (Pinball Fantasies).smc	BOOT_CRASH	-	-	-	-	-	-	
핀볼 핀볼 (Pinball Pinball).smc	OK	41452	89.83	3.71	0	$80:9320	800702	13321
필살 파친코 컬렉션 (Hissatsu Pachinko Collection).smc	OK	57344	77.04	6.34	0	$80:8b88	000096	14978
필살 파친코 컬렉션 2 (Hissatsu Pachinko Collection 2).smc	OK	57344	77.45	6.45	0	$80:8bb1	0000ae	14982
필살 파친코 컬렉션 3 (Hissatsu Pachinko Collection 3).smc	OK	57344	68.93	4.45	0	$80:8c6d	0000a4	14912
필살 파친코 컬렉션 4 (Hissatsu Pachinko Collection 4).smc	OK	57344	64.77	3.01	0	$85:8016	000032	14318
필승 777 파이터 - 파치슬롯 류구 전설 (Hisshou 777 Fighter - Pachi-Slot Ryuuguu Densetsu).smc	OK	57344	77.95	0.39	0	$00:baa1	000366	13292
필승 777 파이터 II - 파치슬롯 비밀 정보 (Hisshou 777 Fighter II - Pachi-Slot Maruhi Jouhou).smc	OK	57344	41.69	0.68	0	$00:892b	000366	12671
필승 777 파이터 III - 흑룡왕의 부활 (Hisshou 777 Fighter III - Kokuryuu Ou no Fukkatsu).smc	OK	57344	73.27	0.26	0	$00:8b0e	000466	13242
필승 파치슬롯 펀 (Hisshou Pachi-Slot Fun).smc	OK	52629	0.00	0.09	0	$80:8228	802143	9901
핏 파이터 (Pit-Fighter).smc	OK	40641	0.00	7.28	0	$00:d1cb	001353	13473
핏폴 - 마야의 대모험 (Pitfall - Maya no Daibouken).smc	OK	33829	14.16	40.37	0	$80:fc70	802140	13392
핑크 고즈 투 할리우드 (Pink Goes to Hollywood).smc	UNRENDERED	0	55.50	1.02	0	$80:8150	00000b	13358
하가네 (Hagane - The Final Conflict).smc	OK	35787	12.59	44.45	0	$c0:3235	804210	12474
하가네 (Hagane).smc	OK	35678	8.87	53.81	0	$c0:d2a1	800028	12619
하나후다 (Honke Hanafuda).smc	OK	57344	76.13	4.57	0	$c0:038a	00004b	12029
하나후다 왕 (Hanafuda Ou).smc	BOOT_CRASH	-	-	-	-	-	-	
하드볼 3 (HardBall III).smc	OK	50618	1.12	12.32	0	$c4:0e00	002140	11703
하멜의 바이올린 연주 (Hameln no Violin Hiki).smc	BOOT_CRASH	-	-	-	-	-	-	
하멜의 바이올린.smc	BOOT_CRASH	-	-	-	-	-	-	
하베스트 문 (Harvest Moon) (2).smc	OK	57002	66.44	8.08	0	$80:8656	000000	14797
하베스트 문 (Harvest Moon).smc	OK	57002	66.44	8.08	0	$80:8656	000000	14797
하부 명인의 재미있는 장기 (Habu Meijin no Omoshiro Shougi).smc	BOOT_CRASH	-	-	-	-	-	-	
하시리야 타마시이 - 라이더 스피릿츠 (Bike Daisuki! Hashiriya Tamashii).smc	UNRENDERED	0	0.00	82.34	0	$81:a304	817000	12497
하야시 카이호 9단의 바둑 왕도 (Rin Kaihou Kudan no Igo Taidou).smc	BOOT_CRASH	-	-	-	-	-	-	
하야자시 2단 모리타 장기 (Hayazashi Nidan Morita Shougi).smc	OK	61180	92.38	0.00	0	$84:8840	600001	13879
하야자시 2단 모리타 장기 2 (Hayazashi Nidan Morita Shougi 2).smc	BOOT_CRASH	-	-	-	-	-	-	
하이퍼 V볼 (Hyper V-Ball).smc	OK	55148	54.66	8.00	0	$00:8305	0000b1	14386
하이퍼 이리아 (Hyper Iria).smc	OK	47940	49.10	1.43	0	$c0:06c8	00153e	14707
하이퍼존 (HyperZone).smc	OK	43615	69.38	1.36	0	$00:8c0e	7e0029	12982
하타야마 핫치의 프로야구 뉴스! 실명판 (Hatayama Hatch no Pro Yakyuu News! - Jitsumei Ban).smc	OK	56798	46.19	4.03	0	$00:8b66	000067	14530
학교에서 있었던 무서운 이야기 (Gakkou de Atta Kowai Hanashi).smc	OK	423	68.03	3.56	0	$c0:042b	000692	13310
한국프로야구 (Hanguk Pro Yagu).smc	UNRENDERED	0	0.00	0.00	0	-	-	12114
한나 바베라의 터보 툰 (Turbo Toons).smc	OK	50423	60.83	1.07	0	$80:8637	800200	13195
할리의 거대한 모험 (Harley's Humongous Adventure).smc	OK	53974	0.00	37.34	0	$05:d217	004212	13759
핫트릭 히어로 (Hat Trick Hero).smc	OK	885	79.80	0.00	0	$00:8054	0000a3	15265
핫트릭 히어로 2 (Hat Trick Hero 2).smc	OK	41423	45.74	7.30	0	$82:c8cc	000046	13555
항룡전설 빌구스트 - 사라진 소녀 (Kouryuu Densetsu Villgust - Kieta Shoujo).smc	BOOT_CRASH	-	-	-	-	-	-	
해머록 레슬링 (Hammerlock Wrestling).smc	OK	57296	63.67	2.24	0	$80:8093	801f00	13114
행운의 돌림판 - 디럭스 에디션 (Wheel of Fortune - Deluxe Edition).smc	BOOT_CRASH	-	-	-	-	-	-	
허리케인즈 (Hurricanes).smc	OK	50561	80.59	2.08	0	$82:9d64	000053	15061
헤드 온 사커 (Head-On Soccer).smc	BOOT_CRASH	-	-	-	-	-	-	
헤라클레스의 영광 III - 신들의 침묵 (Heracles no Eikou III - Kamigami no Chinmoku).smc	OK	2338	0.00	0.86	0	$1c:81dc	1c2140	13420
헤라클레스의 영광 IV - 신들로부터의 선물 (Heracles no Eikou IV - Kamigami kara no Okurimono).smc	OK	20284	69.99	3.70	0	$81:1504	00007f	14505
헤베레케 포포이토 (Hebereke's Popoitto).smc	OK	57344	98.83	0.00	0	$80:875a	00002f	15255
헤베레케 포폰 (Hebereke's Popoon).smc	OK	57344	99.20	0.00	0	$03:8fff	0002fa	16222
헤베레케의 맛있는 퍼즐 - 안 사시나요_ (Hebereke no Oishii Puzzle wa Irimasenka).smc	OK	53007	53.58	8.35	0	$01:eae4	000026	13953
헤베레케의 팝푼 (Hebereke no Popoon).smc	OK	56819	91.98	1.09	0	$03:89c7	000060	16430
헤이세이 개 이야기 보우 - 팝앤 스매시!! (Heisei Inu Monogatari Bow - Pop'n Smash!!).smc	OK	57344	38.66	1.20	0	$c0:0258	010147	12812
헤이세이 군인장기 (Heisei Gunjin Shougi).smc	OK	57344	25.33	0.47	0	$80:8078	800a94	12325
헤이세이 신 오니가시마 - 전편 (Heisei Shin Onigashima - Zenpen).smc	OK	57344	0.00	0.00	0	$c0:0377	002140	12037
헤이세이 신 오니가시마 - 후편 (Heisei Shin Onigashima - Kouhen).smc	OK	57344	0.00	0.00	0	$c0:0377	002140	12039
헤이안 풍운전 (Heian Fuuunden).smc	OK	57344	0.00	3.26	0	$c1:0e6d	002140	14204
헤이와 파를러! 미니 8 - 파친코 실기 시뮬레이션 게임 (Heiwa Parlor! Mini 8 - Pachinko Jikki Simulation Game).smc	OK	56028	0.00	20.14	0	$c3:55b4	004212	13886
헤이와 파친코 월드 (Heiwa Pachinko World).smc	OK	56839	94.61	0.00	0	$80:9e86	000012	16264
헤이와 파친코 월드 2 (Heiwa Pachinko World 2).smc	OK	49493	91.20	0.89	0	$80:ac71	000032	16362
헤이와 파친코 월드 3.smc	OK	47517	89.75	0.99	0	$80:ad4f	000032	16641
헬로! 팩맨 (Hello! Pac-Man).smc	BOOT_CRASH	-	-	-	-	-	-	
호나우딩요 사커 97 (Ronaldinho Soccer 97).smc	BOOT_CRASH	-	-	-	-	-	-	
호라이 학원의 모험! - 전학생 스크램블 (Hourai Gakuen no Bouken! - Tenkousei Scramble).smc	OK	57344	84.74	0.95	0	$c0:8246	000027	13091
호혈사 일족 (Power Instinct).smc	UNRENDERED	0	0.00	43.68	0	$c4:fc7a	004212	13767
호혈사일족.smc	UNRENDERED	0	0.00	31.96	0	$c4:8165	000040	13699
혼두라 스피리츠 (Contra Spirits).smc	OK	57023	0.00	0.94	0	$00:93a6	052140	11525
혼두라 스피릿츠.smc	OK	57023	0.00	0.93	0	$00:93a6	052140	11575
혼케 산쿄 피버 - 실황 시뮬레이션 (Honke Sankyo Fever - Jikki Simulation).smc	OK	57344	56.85	3.47	0	$80:b8fc	7e0237	12365
혼케 산쿄 피버 - 실황 시뮬레이션 2 (Honke Sankyo Fever 2 - Jikki Simulation).smc	OK	52162	49.87	6.50	0	$80:9be2	7e07c9	12399
혼케 산쿄 피버 - 실황 시뮬레이션 3 (Honke Sankyo Fever 3 - Jikki Simulation).smc	OK	52225	61.88	0.62	0	$80:9be4	7e0ba3	12304
홀리 스트라이커 (Holy Striker).smc	OK	57344	0.00	5.10	0	$00:d91b	002140	12280
홀리 엄브렐라 - 돈데라의 무보!! (Holy Umbrella - Dondera no Mubou!!).smc	OK	57252	65.42	7.90	0	$00:8497	000001	12786
홈 인프루브먼트 (Home Improvement - Power Tool Pursuit!).smc	BOOT_CRASH	-	-	-	-	-	-	
환수유단 (Genjuu Ryodan).smc	OK	12521	62.39	2.88	0	$82:9cda	0000df	14442
황룡의 귀 (Kouryuu no Mimi).smc	UNRENDERED	0	66.49	11.42	0	$00:808b	001fff	13933
효오덴 - 마물들과의 맹세 (Hiouden - Mamono-tachi to no Chikai).smc	OK	3072	2.06	76.60	0	$80:be65	804212	13182
후나키 마사카츠 하이브리드 레슬러 - 투기 전승 (Funaki Masakatsu Hybrid Wrestler - Tougi Denshou).smc	BOOT_CRASH	-	-	-	-	-	-	
후네 타로 (Fune Tarou).smc	OK	57344	62.35	5.56	0	$c0:69ac	811277	12063
후크 (Hook).smc	OK	51292	71.14	2.56	0	$00:eb64	00003c	14537
휠 오브 포춘 (Wheel of Fortune).smc	BOOT_CRASH	-	-	-	-	-	-	
휴먼 (Humans, The).smc	OK	50283	83.00	0.00	0	$01:cfb6	001ae5	13242
휴먼 그랑프리 (Human Grand Prix).smc	OK	33732	0.00	5.23	0	$00:8fd1	1f2140	11277
휴먼 그랑프리 2 (Human Grand Prix II).smc	OK	19787	0.00	3.82	0	$80:e76d	9f2140	10918
휴먼 그랑프리 3 - F1 트리플 배틀 (Human Grand Prix III - F1 Triple Battle).smc	UNRENDERED	0	0.00	100.00	0	$80:f6d9	802140	13236
휴먼 그랑프리 4 - F1 드림 배틀 (Human Grand Prix IV - F1 Dream Battle).smc	OK	34948	0.00	3.79	0	$80:f028	802140	11225
휴먼 베이스볼 (Human Baseball).smc	UNRENDERED	0	0.00	6.21	0	$80:9249	9c2140	11244
히가시오 오사무 감수 슈퍼 프로 야구 스타디움 (Higashio Osamu Kanshuu Super Pro Yakyuu Stadium).smc	OK	55752	70.01	1.30	0	$00:826d	00005b	11995
히어로 전기 - 프로젝트 올림포스 (Hero Senki - Project Olympus).smc	OK	56320	0.00	21.47	0	$00:b742	002141	11835
히트 더 아이스 (Hit the Ice - VHL - The Official Video Hockey League).smc	OK	61184	74.73	4.01	0	$00:81c2	0010a0	12929
힘내라 고에몽 반짝반짝 여행길 ~내가 댄서가 된 이유~.smc	BOOT_CRASH	-	-	-	-	-	-	
힘내라! 대공의 겐상 (Ganbare! Daiku no Gen-san).smc	OK	45178	0.00	2.70	0	$ce:030a	000107	10812
힘내라!고에몽.smc	OK	53372	0.00	0.02	0	$00:9e71	012140	12411
힘내라!고에몽2 - 기천열장군 맛기네스 (Ganbare Goemon 2 - Kiteretsu Shougun McGuiness).smc	BOOT_CRASH	-	-	-	-	-	-	
힘내라!고에몽2.smc	BOOT_CRASH	-	-	-	-	-	-	
힘내라!고에몽3.smc	BOOT_CRASH	-	-	-	-	-	-	
