[ CC snes ] main_snes.c
Updating git tag file Core/Inc/gittag.h
[ CC core ] bilinear.c
[ CC core ] cpp_init_array.c
[ CC core ] gw_crash_crumbs.c
[ CC core ] gw_boot_rescue.c
[ CC core ] gw_buttons.c
[ CC core ] gw_update_guard.c
[ CC core ] gw_lcd.c
[ CC core ] gw_lcd_clut.c
[ CC core ] gw_audio.c
[ CC core ] gw_malloc.c
[ CC core ] gw_flash.c
[ CC core ] gw_ofw.c
[ CC core ] error_screens.c
[ CC core ] main.c
[ CC core ] syscalls.c
[ CC core ] sha256.c
Core/Src/main.c: In function 'gw_debug_show_log':
Core/Src/main.c:311:10: warning: 'line' may be used uninitialized [-Wmaybe-uninitialized]
  311 |     y += odroid_overlay_draw_text(0, y, GW_LCD_WIDTH, line, C_WHITE, C_BLUE);
      |          ^~~~~~~~~~~~~~~~~~~~~~~~~~~~~~~~~~~~~~~~~~~~~~~~~~~~~~~~~~~~~~~~~~~
Core/Src/main.c:281:9: note: 'line' was declared here
  281 |   char *line;
      |         ^~~~
[ CC core ] bq24072.c
[ CC core ] hw_jpeg_decoder.c
[ CC core ] hw_sha1.c
[ CC core ] common.c
[ CC core ] odroid_audio.c
[ CC core ] odroid_display.c
[ CC core ] odroid_input.c
[ CC core ] odroid_netplay.c
[ CC core ] odroid_overlay.c
[ CC core ] odroid_sdcard.c
[ CC core ] odroid_system.c
[ CC core ] crc32.c
[ CC core ] stm32h7xx_hal_msp.c
Core/Src/porting/odroid_overlay.c: In function 'draw_game_status_bar':
Core/Src/porting/odroid_overlay.c:1560:27: warning: '%s' directive output may be truncated writing up to 255 bytes into a region of size 80 [-Wformat-truncation=]
 1560 |     snprintf(bottom, 80, "%s", ACTIVE_FILE ? (ACTIVE_FILE->name) : "N/A");
      |                           ^~
Core/Src/porting/odroid_overlay.c:1560:5: note: 'snprintf' output between 1 and 256 bytes into a destination of size 80
 1560 |     snprintf(bottom, 80, "%s", ACTIVE_FILE ? (ACTIVE_FILE->name) : "N/A");
      |     ^~~~~~~~~~~~~~~~~~~~~~~~~~~~~~~~~~~~~~~~~~~~~~~~~~~~~~~~~~~~~~~~~~~~~
[ CC core ] stm32h7xx_it.c
[ CC core ] system_stm32h7xx.c
[ CC core ] gw_flash_alloc.c
[ CC core ] gw_sdcard.c
[ CC core ] gw_timer.c
[ CC core ] softspi.c
[ CC core ] rg_clock_gif.c
[ CC core ] rg_clock_album.c
Core/Src/retro-go/rg_clock_gif.c: In function 'clock_gif_load':
Core/Src/retro-go/rg_clock_gif.c:129:51: warning: '%s' directive output may be truncated writing up to 63 bytes into a region of size 55 [-Wformat-truncation=]
  129 |         snprintf(s_diag, sizeof s_diag, "no file: %s", path); return false; }
      |                                                   ^~
Core/Src/retro-go/rg_clock_gif.c:129:9: note: 'snprintf' output between 10 and 73 bytes into a destination of size 64
  129 |         snprintf(s_diag, sizeof s_diag, "no file: %s", path); return false; }
      |         ^~~~~~~~~~~~~~~~~~~~~~~~~~~~~~~~~~~~~~~~~~~~~~~~~~~~
[ CC core ] rg_clock_alarm_mp3.c
[ CC core ] gifdec.c
In function 'read_image_data',
    inlined from 'read_image' at Core/Src/porting/lib/gifdec/gifdec.c:470:12,
    inlined from 'gd_get_frame' at Core/Src/porting/lib/gifdec/gifdec.c:532:9:
Core/Src/porting/lib/gifdec/gifdec.c:399:19: warning: 'table_is_full' may be used uninitialized [-Wmaybe-uninitialized]
  399 |         } else if (!table_is_full) {
      |                   ^
Core/Src/porting/lib/gifdec/gifdec.c: In function 'gd_get_frame':
Core/Src/porting/lib/gifdec/gifdec.c:366:34: note: 'table_is_full' was declared here
  366 |     int init_key_size, key_size, table_is_full;
      |                                  ^~~~~~~~~~~~~
In function 'read_image_data',
    inlined from 'read_image' at Core/Src/porting/lib/gifdec/gifdec.c:470:12,
    inlined from 'gd_get_frame' at Core/Src/porting/lib/gifdec/gifdec.c:532:9:
Core/Src/porting/lib/gifdec/gifdec.c:400:19: warning: 'str_len' may be used uninitialized [-Wmaybe-uninitialized]
  400 |             ret = add_entry(&table, str_len + 1, key, entry.suffix);
      |                   ^~~~~~~~~~~~~~~~~~~~~~~~~~~~~~~~~~~~~~~~~~~~~~~~~
Core/Src/porting/lib/gifdec/gifdec.c: In function 'gd_get_frame':
Core/Src/porting/lib/gifdec/gifdec.c:367:28: note: 'str_len' was declared here
  367 |     int frm_off, frm_size, str_len, i, p, x, y;
      |                            ^~~~~~~
In function 'add_entry',
    inlined from 'read_image_data' at Core/Src/porting/lib/gifdec/gifdec.c:400:19,
    inlined from 'read_image' at Core/Src/porting/lib/gifdec/gifdec.c:470:12,
    inlined from 'gd_get_frame' at Core/Src/porting/lib/gifdec/gifdec.c:532:9:
Core/Src/porting/lib/gifdec/gifdec.c:301:37: warning: 'entry.suffix' may be used uninitialized [-Wmaybe-uninitialized]
  301 |     table->entries[table->nentries] = (Entry) {length, prefix, suffix};
      |     ~~~~~~~~~~~~~~~~~~~~~~~~~~~~~~~~^~~~~~~~~~~~~~~~~~~~~~~~~~~~~~~~~~
Core/Src/porting/lib/gifdec/gifdec.c: In function 'gd_get_frame':
Core/Src/porting/lib/gifdec/gifdec.c:371:11: note: 'entry.suffix' was declared here
  371 |     Entry entry;
      |           ^~~~~
[ CC core ] gui.c
Core/Src/retro-go/gui.c: In function 'gui_draw_coverlight_h':
Core/Src/retro-go/gui.c:1303:36: warning: '%s' directive output may be truncated writing up to 255 bytes into a region of size 128 [-Wformat-truncation=]
 1303 |         snprintf(str_buffer, 128, "%s", file->name);
      |                                    ^~
Core/Src/retro-go/gui.c:1303:9: note: 'snprintf' output between 1 and 256 bytes into a destination of size 128
 1303 |         snprintf(str_buffer, 128, "%s", file->name);
      |         ^~~~~~~~~~~~~~~~~~~~~~~~~~~~~~~~~~~~~~~~~~~
Core/Src/retro-go/gui.c: In function 'gui_draw_coverflow_h':
Core/Src/retro-go/gui.c:1693:40: warning: '%s' directive output may be truncated writing up to 255 bytes into a region of size 128 [-Wformat-truncation=]
 1693 |             snprintf(str_buffer, 128, "%s", file->name);
      |                                        ^~
Core/Src/retro-go/gui.c:1693:13: note: 'snprintf' output between 1 and 256 bytes into a destination of size 128
 1693 |             snprintf(str_buffer, 128, "%s", file->name);
      |             ^~~~~~~~~~~~~~~~~~~~~~~~~~~~~~~~~~~~~~~~~~~
[ CC core ] gw_alloc.c
[ CC core ] gw_sleep.c
[ CC core ] rg_main.c
[ CC core ] rg_rtc.c
[ CC core ] rg_emulators.c
[ CC core ] rg_favorites.c
Core/Src/retro-go/rg_emulators.c: In function 'emulator_fill_tab_list':
Core/Src/retro-go/rg_emulators.c:542:77: warning: '%s' directive output may be truncated writing up to 95 bytes into a region of size 46 [-Wformat-truncation=]
  542 |     snprintf(rg_rom_list_parent_label, sizeof(rg_rom_list_parent_label), "< %s", suffix);
      |                                                                             ^~
In function 'build_rom_parent_label',
    inlined from 'emulator_fill_tab_list' at Core/Src/retro-go/rg_emulators.c:717:13:
Core/Src/retro-go/rg_emulators.c:542:5: note: 'snprintf' output between 3 and 98 bytes into a destination of size 48
  542 |     snprintf(rg_rom_list_parent_label, sizeof(rg_rom_list_parent_label), "< %s", suffix);
      |     ^~~~~~~~~~~~~~~~~~~~~~~~~~~~~~~~~~~~~~~~~~~~~~~~~~~~~~~~~~~~~~~~~~~~~~~~~~~~~~~~~~~~
Core/Src/retro-go/rg_emulators.c: In function 'emulator_scan_cd_folder':
Core/Src/retro-go/rg_emulators.c:1089:54: warning: '%s' directive output may be truncated writing up to 255 bytes into a region of size 254 [-Wformat-truncation=]
 1089 |             snprintf(fullpath, sizeof(fullpath), "%s/%s", folder, fno.fname);
      |                                                      ^~           ~~~~~~~~~
Core/Src/retro-go/rg_emulators.c:1089:13: note: 'snprintf' output 2 or more bytes (assuming 257) into a destination of size 255
 1089 |             snprintf(fullpath, sizeof(fullpath), "%s/%s", folder, fno.fname);
      |             ^~~~~~~~~~~~~~~~~~~~~~~~~~~~~~~~~~~~~~~~~~~~~~~~~~~~~~~~~~~~~~~~
Core/Src/retro-go/rg_emulators.c:1012:50: warning: '%s' directive output may be truncated writing up to 255 bytes into a region of size between 0 and 254 [-Wformat-truncation=]
 1012 |         snprintf(fullpath, sizeof(fullpath), "%s/%s", path, cue_name);
      |                                                  ^~         ~~~~~~~~
In function 'pcecd_collapse_game_dir',
    inlined from 'emulator_scan_cd_folder' at Core/Src/retro-go/rg_emulators.c:1103:14:
Core/Src/retro-go/rg_emulators.c:1012:9: note: 'snprintf' output between 2 and 511 bytes into a destination of size 255
 1012 |         snprintf(fullpath, sizeof(fullpath), "%s/%s", path, cue_name);
      |         ^~~~~~~~~~~~~~~~~~~~~~~~~~~~~~~~~~~~~~~~~~~~~~~~~~~~~~~~~~~~~
Core/Src/retro-go/rg_emulators.c: In function 'emulator_scan_cd_folder':
Core/Src/retro-go/rg_emulators.c:1036:50: warning: '%s' directive output may be truncated writing up to 255 bytes into a region of size between 0 and 254 [-Wformat-truncation=]
 1036 |         snprintf(fullpath, sizeof(fullpath), "%s/%s", path, fno.fname);
      |                                                  ^~         ~~~~~~~~~
In function 'pcecd_collapse_game_dir',
    inlined from 'emulator_scan_cd_folder' at Core/Src/retro-go/rg_emulators.c:1103:14:
Core/Src/retro-go/rg_emulators.c:1036:9: note: 'snprintf' output between 2 and 511 bytes into a destination of size 255
 1036 |         snprintf(fullpath, sizeof(fullpath), "%s/%s", path, fno.fname);
      |         ^~~~~~~~~~~~~~~~~~~~~~~~~~~~~~~~~~~~~~~~~~~~~~~~~~~~~~~~~~~~~~
[ CC core ] rg_system_grid.c
Core/Src/retro-go/rg_emulators.c: In function 'emulator_show_file_info':
Core/Src/retro-go/rg_emulators.c:1274:52: warning: '%s' directive output may be truncated writing up to 255 bytes into a region of size between 0 and 254 [-Wformat-truncation=]
 1274 |             snprintf(binpath, sizeof(binpath), "%s/%s", parent, name);
      |                                                    ^~           ~~~~
In function 'emulator_delete_cd_flat',
    inlined from 'emulator_delete_rom_storage' at Core/Src/retro-go/rg_emulators.c:1304:17,
    inlined from 'emulator_show_file_info' at Core/Src/retro-go/rg_emulators.c:1360:17:
Core/Src/retro-go/rg_emulators.c:1274:13: note: 'snprintf' output between 2 and 511 bytes into a destination of size 255
 1274 |             snprintf(binpath, sizeof(binpath), "%s/%s", parent, name);
      |             ^~~~~~~~~~~~~~~~~~~~~~~~~~~~~~~~~~~~~~~~~~~~~~~~~~~~~~~~~
[ CC core ] rg_system_grid_layout.c
[ CC core ] rg_clock.c
[ CC core ] rg_alarm.c
[ CC core ] gw_firmware_abi.c
In file included from Core/Src/retro-go/rg_clock.c:879:
Core/Src/retro-go/rg_clock_scenes.inc: In function 'scene_plasma':
Core/Src/retro-go/rg_clock_scenes.inc:441:13: warning: this 'if' clause does not guard... [-Wmisleading-indentation]
  441 |             if (br < 0) br = 0; if (br > 16) br = 16;
      |             ^~
Core/Src/retro-go/rg_clock_scenes.inc:441:33: note: ...this statement, but the latter is misleadingly indented as if it were guarded by the 'if'
  441 |             if (br < 0) br = 0; if (br > 16) br = 16;
      |                                 ^~
Core/Src/retro-go/rg_clock.c: In function 'clock_edit_time':
Core/Src/retro-go/rg_clock.c:1604:21: warning: this 'if' clause does not guard... [-Wmisleading-indentation]
 1604 |                     if (tm.tm_year < 70) tm.tm_year = 70; if (tm.tm_year > 199) tm.tm_year = 199; break;
      |                     ^~
Core/Src/retro-go/rg_clock.c:1604:59: note: ...this statement, but the latter is misleadingly indented as if it were guarded by the 'if'
 1604 |                     if (tm.tm_year < 70) tm.tm_year = 70; if (tm.tm_year > 199) tm.tm_year = 199; break;
      |                                                           ^~
Core/Src/retro-go/rg_clock.c: At top level:
Core/Src/retro-go/rg_clock.c:1948:52: warning: '/*' within comment [-Wcomment]
 1948 | /* GIF background file: cycles the found /clock/gif/*.gif. "" (default) resolves
Core/Src/retro-go/rg_clock.c:1962:16: warning: '/*' within comment [-Wcomment]
 1962 |  * /clock/alarm/*.mp3|*.wav. "" resolves to alarm.mp3 (default) if present, else
Core/Src/retro-go/rg_clock.c:947:20: warning: 'mode_title' defined but not used [-Wunused-function]
  947 | static const char *mode_title(clock_mode_t mode)
      |                    ^~~~~~~~~~
Core/Src/retro-go/rg_clock_scenes.inc:449:13: warning: 'scene_helix' defined but not used [-Wunused-function]
  449 | static void scene_helix(uint32_t now, const clock_theme_t *t)
      |             ^~~~~~~~~~~
Core/Src/retro-go/rg_clock_scenes.inc:432:13: warning: 'scene_plasma' defined but not used [-Wunused-function]
  432 | static void scene_plasma(uint32_t now, const clock_theme_t *t)
      |             ^~~~~~~~~~~~
Core/Src/retro-go/rg_clock_scenes.inc:408:13: warning: 'scene_equalizer' defined but not used [-Wunused-function]
  408 | static void scene_equalizer(uint32_t now, const clock_theme_t *t)
      |             ^~~~~~~~~~~~~~~
Core/Src/retro-go/rg_clock_scenes.inc:371:13: warning: 'scene_campfire' defined but not used [-Wunused-function]
  371 | static void scene_campfire(uint32_t now, const clock_theme_t *t)
      |             ^~~~~~~~~~~~~~
Core/Src/retro-go/rg_clock_scenes.inc:335:13: warning: 'scene_grid_pulse' defined but not used [-Wunused-function]
  335 | static void scene_grid_pulse(uint32_t now, const clock_theme_t *t)
      |             ^~~~~~~~~~~~~~~~
Core/Src/retro-go/rg_clock_scenes.inc:312:13: warning: 'scene_fireworks' defined but not used [-Wunused-function]
  312 | static void scene_fireworks(uint32_t now, const clock_theme_t *t)
      |             ^~~~~~~~~~~~~~~
Core/Src/retro-go/rg_clock_scenes.inc:296:13: warning: 'scene_bubbles' defined but not used [-Wunused-function]
  296 | static void scene_bubbles(uint32_t now, const clock_theme_t *t)
      |             ^~~~~~~~~~~~~
Core/Src/retro-go/rg_clock_scenes.inc:259:13: warning: 'scene_meteor' defined but not used [-Wunused-function]
  259 | static void scene_meteor(uint32_t now, const clock_theme_t *t)
      |             ^~~~~~~~~~~~
Core/Src/retro-go/rg_clock_scenes.inc:237:13: warning: 'scene_desert' defined but not used [-Wunused-function]
  237 | static void scene_desert(uint32_t now, const clock_theme_t *t)
      |             ^~~~~~~~~~~~
Core/Src/retro-go/rg_clock_scenes.inc:213:13: warning: 'scene_forest' defined but not used [-Wunused-function]
  213 | static void scene_forest(uint32_t now, const clock_theme_t *t)
      |             ^~~~~~~~~~~~
Core/Src/retro-go/rg_clock_scenes.inc:188:13: warning: 'scene_aurora' defined but not used [-Wunused-function]
  188 | static void scene_aurora(uint32_t now, const clock_theme_t *t)
      |             ^~~~~~~~~~~~
Core/Src/retro-go/rg_clock_scenes.inc:155:13: warning: 'scene_rain' defined but not used [-Wunused-function]
  155 | static void scene_rain(uint32_t now, const clock_theme_t *t)
      |             ^~~~~~~~~~
Core/Src/retro-go/rg_clock_scenes.inc:58:13: warning: 'scene_ocean' defined but not used [-Wunused-function]
   58 | static void scene_ocean(uint32_t now, const clock_theme_t *t)
      |             ^~~~~~~~~~~
Core/Src/retro-go/rg_clock_scenes.inc:31:13: warning: 'scene_mountains' defined but not used [-Wunused-function]
   31 | static void scene_mountains(uint32_t now, const clock_theme_t *t)
      |             ^~~~~~~~~~~~~~~
Core/Src/retro-go/rg_clock.c: In function 'cb_alarms_summary':
Core/Src/retro-go/rg_clock.c:2003:39: warning: '%d' directive output may be truncated writing between 1 and 10 bytes into a region of size 4 [-Wformat-truncation=]
 2003 |     if (n > 0) snprintf(o->value, 4, "%d", n);
      |                                       ^~
Core/Src/retro-go/rg_clock.c:2003:38: note: directive argument in the range [1, 2147483647]
 2003 |     if (n > 0) snprintf(o->value, 4, "%d", n);
      |                                      ^~~~
Core/Src/retro-go/rg_clock.c:2003:16: note: 'snprintf' output between 2 and 11 bytes into a destination of size 4
 2003 |     if (n > 0) snprintf(o->value, 4, "%d", n);
      |                ^~~~~~~~~~~~~~~~~~~~~~~~~~~~~~
Core/Src/retro-go/rg_clock.c: In function 'clock_config_load':
Core/Src/retro-go/rg_clock.c:723:96: warning: '%s' directive output may be truncated writing up to 56 bytes into a region of size 32 [-Wformat-truncation=]
  723 |             if (strlen(line + 7) < sizeof s_bgfile)   snprintf(s_bgfile,   sizeof s_bgfile,   "%s", line + 7); }
      |                                                       ~~~~~~~~~~~~~~~~~~~~~~~~~~~~~~~~~~~~~~~~~^~~~~~~~~~~~~~
Core/Src/retro-go/rg_clock.c:723:55: note: 'snprintf' output between 1 and 57 bytes into a destination of size 32
  723 |             if (strlen(line + 7) < sizeof s_bgfile)   snprintf(s_bgfile,   sizeof s_bgfile,   "%s", line + 7); }
      |                                                       ^~~~~~~~~~~~~~~~~~~~~~~~~~~~~~~~~~~~~~~~~~~~~~~~~~~~~~~
Core/Src/retro-go/rg_clock.c:717:96: warning: '%s' directive output may be truncated writing up to 54 bytes into a region of size 32 [-Wformat-truncation=]
  717 |             if (strlen(line + 9) < sizeof s_alarmsnd) snprintf(s_alarmsnd, sizeof s_alarmsnd, "%s", line + 9);
      |                                                       ~~~~~~~~~~~~~~~~~~~~~~~~~~~~~~~~~~~~~~~~~^~~~~~~~~~~~~~
Core/Src/retro-go/rg_clock.c:717:55: note: 'snprintf' output between 1 and 55 bytes into a destination of size 32
  717 |             if (strlen(line + 9) < sizeof s_alarmsnd) snprintf(s_alarmsnd, sizeof s_alarmsnd, "%s", line + 9);
      |                                                       ^~~~~~~~~~~~~~~~~~~~~~~~~~~~~~~~~~~~~~~~~~~~~~~~~~~~~~~
[ CC core ] rg_storage.c
[ CC core ] rg_welcome_prompt.c
[ CC core ] rg_utils.c
Core/Src/retro-go/rg_storage.c: In function 'rg_storage_get_adjacent_files':
Core/Src/retro-go/rg_storage.c:537:64: warning: '%s' directive output may be truncated writing up to 255 bytes into a region of size between 0 and 254 [-Wformat-truncation=]
  537 |                     snprintf(best_prev, sizeof(best_prev), "%s/%s", dir, fno.fname);
      |                                                                ^~        ~~~~~~~~~
Core/Src/retro-go/rg_storage.c:537:21: note: 'snprintf' output between 2 and 511 bytes into a destination of size 255
  537 |                     snprintf(best_prev, sizeof(best_prev), "%s/%s", dir, fno.fname);
      |                     ^~~~~~~~~~~~~~~~~~~~~~~~~~~~~~~~~~~~~~~~~~~~~~~~~~~~~~~~~~~~~~~
Core/Src/retro-go/rg_storage.c:545:64: warning: '%s' directive output may be truncated writing up to 255 bytes into a region of size between 0 and 254 [-Wformat-truncation=]
  545 |                     snprintf(best_next, sizeof(best_next), "%s/%s", dir, fno.fname);
      |                                                                ^~        ~~~~~~~~~
Core/Src/retro-go/rg_storage.c:545:21: note: 'snprintf' output between 2 and 511 bytes into a destination of size 255
  545 |                     snprintf(best_next, sizeof(best_next), "%s/%s", dir, fno.fname);
      |                     ^~~~~~~~~~~~~~~~~~~~~~~~~~~~~~~~~~~~~~~~~~~~~~~~~~~~~~~~~~~~~~~
[ CC core ] odroid_settings.c
Core/Src/retro-go/rg_clock.c: In function 'clock_settings_menu':
Core/Src/retro-go/rg_clock.c:1544:30: warning: '%04d' directive output may be truncated writing between 4 and 11 bytes into a region of size 8 [-Wformat-truncation=]
 1544 |     snprintf(yy, sizeof yy, "%04d", tm->tm_year + 1900);
      |                              ^~~~
In function 'render_datetime_edit',
    inlined from 'clock_edit_time' at Core/Src/retro-go/rg_clock.c:1619:13,
    inlined from 'clock_settings_menu' at Core/Src/retro-go/rg_clock.c:2096:19:
Core/Src/retro-go/rg_clock.c:1544:29: note: directive argument in the range [-2147481748, 2147483647]
 1544 |     snprintf(yy, sizeof yy, "%04d", tm->tm_year + 1900);
      |                             ^~~~~~
Core/Src/retro-go/rg_clock.c:1544:5: note: 'snprintf' output between 5 and 12 bytes into a destination of size 8
 1544 |     snprintf(yy, sizeof yy, "%04d", tm->tm_year + 1900);
      |     ^~~~~~~~~~~~~~~~~~~~~~~~~~~~~~~~~~~~~~~~~~~~~~~~~~~
Core/Src/retro-go/rg_clock.c: In function 'clock_settings_menu':
Core/Src/retro-go/rg_clock.c:1545:30: warning: '%02d' directive output may be truncated writing between 2 and 11 bytes into a region of size 8 [-Wformat-truncation=]
 1545 |     snprintf(mo, sizeof mo, "%02d", tm->tm_mon + 1);
      |                              ^~~~
In function 'render_datetime_edit',
    inlined from 'clock_edit_time' at Core/Src/retro-go/rg_clock.c:1619:13,
    inlined from 'clock_settings_menu' at Core/Src/retro-go/rg_clock.c:2096:19:
Core/Src/retro-go/rg_clock.c:1545:29: note: directive argument in the range [-2147483647, 2147483647]
 1545 |     snprintf(mo, sizeof mo, "%02d", tm->tm_mon + 1);
      |                             ^~~~~~
Core/Src/retro-go/rg_clock.c:1545:5: note: 'snprintf' output between 3 and 12 bytes into a destination of size 8
 1545 |     snprintf(mo, sizeof mo, "%02d", tm->tm_mon + 1);
      |     ^~~~~~~~~~~~~~~~~~~~~~~~~~~~~~~~~~~~~~~~~~~~~~~
[ CC core ] rg_i18n.c
[ CC core ] rg_logos.c
[ CC core ] rg_logos_fork.c
[ CC core ] stm32h7xx_hal_adc.c
[ CC core ] stm32h7xx_hal_adc_ex.c
[ CC core ] stm32h7xx_hal_cortex.c
[ CC core ] stm32h7xx_hal_dac_ex.c
[ CC core ] stm32h7xx_hal_dac.c
[ CC core ] stm32h7xx_hal_dma_ex.c
[ CC core ] stm32h7xx_hal_dma.c
[ CC core ] stm32h7xx_hal_dma2d.c
[ CC core ] stm32h7xx_hal_exti.c
[ CC core ] stm32h7xx_hal_flash_ex.c
[ CC core ] stm32h7xx_hal_flash.c
[ CC core ] stm32h7xx_hal_gpio.c
[ CC core ] stm32h7xx_hal_hash.c
[ CC core ] stm32h7xx_hal_hash_ex.c
[ CC core ] stm32h7xx_hal_hsem.c
[ CC core ] stm32h7xx_hal_i2c_ex.c
[ CC core ] stm32h7xx_hal_i2c.c
[ CC core ] stm32h7xx_hal_jpeg.c
[ CC core ] stm32h7xx_hal_ltdc_ex.c
[ CC core ] stm32h7xx_hal_ltdc.c
[ CC core ] stm32h7xx_hal_mdma.c
[ CC core ] stm32h7xx_hal_ospi.c
[ AS ] memcpy-armv7m.s
[ CC core ] stm32h7xx_hal_pwr_ex.c
[ CC core ] stm32h7xx_hal_pwr.c
[ CC core ] stm32h7xx_hal_rcc_ex.c
[ CC core ] stm32h7xx_hal_rcc.c
[ CC core ] stm32h7xx_hal_rtc_ex.c
[ CC core ] stm32h7xx_hal_rtc.c
[ CC core ] stm32h7xx_hal_sai_ex.c
[ CC core ] stm32h7xx_hal_sai.c
[ CC core ] stm32h7xx_hal_spi_ex.c
[ CC core ] stm32h7xx_hal_spi.c
[ CC core ] stm32h7xx_hal_tim_ex.c
[ CC core ] stm32h7xx_hal_tim.c
[ CC core ] stm32h7xx_hal_wwdg.c
[ CC core ] stm32h7xx_hal.c
[ AS ] startup_stm32h7b0xx.s
[ CC FatFs ] user_diskio.c
[ CC FatFs ] ff.c
Core/Src/porting/lib/FatFs/ff.c:595:9: warning: 'CODEPAGE' redefined
  595 | #define CODEPAGE FF_CODE_PAGE
      |         ^~~~~~~~
<command-line>: note: this is the location of the previous definition
[ CC FatFs ] ffsystem.c
[ CC FatFs ] ffunicode.c
[ CC FatFs ] user_diskio_spi.c
[ CC FatFs ] user_diskio_softspi.c
[ CC a7800 ] Bios.c
[ CC a7800 ] Cartridge.c
[ CC a7800 ] Database.c
[ CC a7800 ] Hash.c
[ CC a7800 ] Maria.c
[ CC a7800 ] Memory.c
[ CC a7800 ] Palette.c
[ CC a7800 ] Pokey.c
[ CC a7800 ] ProSystem.c
external/prosystem-go/core/ProSystem.c: In function 'prosystem_Load':
external/prosystem-go/core/ProSystem.c:196:10: warning: value computed is not used [-Wunused-value]
  196 |    buffer[offset++];
      |    ~~~~~~^~~~~~~~~~
external/prosystem-go/core/ProSystem.c:185:13: warning: unused variable 'date' [-Wunused-variable]
  185 |    uint32_t date   = 0;
      |             ^~~~
[ CC a7800 ] Region.c
[ CC a7800 ] Riot.c
[ CC a7800 ] Sally.c
[ CC a7800 ] Tia.c
[ CC a7800 ] main_a7800.c
[ CC vb ] v810_cpu.c
external/red-viper/source/common/v810_cpu.c: In function 'v810_init':
external/red-viper/source/common/v810_cpu.c:76:18: warning: unused variable 'ram_size' [-Wunused-variable]
   76 |     unsigned int ram_size = 0;
      |                  ^~~~~~~~
external/red-viper/source/common/v810_cpu.c:75:10: warning: unused variable 'ram_name' [-Wunused-variable]
   75 |     char ram_name[32];
      |          ^~~~~~~~
external/red-viper/source/common/v810_cpu.c: In function 'serviceDisplayInt':
external/red-viper/source/common/v810_cpu.c:562:9: warning: unused variable 'gamestart' [-Wunused-variable]
  562 |     int gamestart;
      |         ^~~~~~~~~
In file included from external/red-viper/source/common/v810_cpu.c:31:
external/red-viper/include/v810_opt.h: At top level:
external/red-viper/include/v810_opt.h:187:21: warning: 'fpsuboptable' defined but not used [-Wunused-variable]
  187 | static suboperation fpsuboptable[16] = {
      |                     ^~~~~~~~~~~~
external/red-viper/include/v810_opt.h:167:21: warning: 'bssuboptable' defined but not used [-Wunused-variable]
  167 | static suboperation bssuboptable[16] = {
      |                     ^~~~~~~~~~~~
external/red-viper/include/v810_opt.h:67:18: warning: 'optable' defined but not used [-Wunused-variable]
   67 | static operation optable[80] = {
      |                  ^~~~~~~
external/red-viper/include/v810_opt.h:38:13: warning: 'am_size_table' defined but not used [-Wunused-variable]
   38 | static BYTE am_size_table[] = {
      |             ^~~~~~~~~~~~~
[ CC vb ] v810_ins.c
In file included from external/red-viper/source/common/v810_ins.c:10:
external/red-viper/include/v810_opt.h:187:21: warning: 'fpsuboptable' defined but not used [-Wunused-variable]
  187 | static suboperation fpsuboptable[16] = {
      |                     ^~~~~~~~~~~~
external/red-viper/include/v810_opt.h:167:21: warning: 'bssuboptable' defined but not used [-Wunused-variable]
  167 | static suboperation bssuboptable[16] = {
      |                     ^~~~~~~~~~~~
external/red-viper/include/v810_opt.h:67:18: warning: 'optable' defined but not used [-Wunused-variable]
   67 | static operation optable[80] = {
      |                  ^~~~~~~
external/red-viper/include/v810_opt.h:38:13: warning: 'am_size_table' defined but not used [-Wunused-variable]
   38 | static BYTE am_size_table[] = {
      |             ^~~~~~~~~~~~~
[ CC vb ] v810_mem.c
external/red-viper/source/common/v810_mem.c: In function 'vipcreg_whword':
external/red-viper/source/common/v810_mem.c:881:9: warning: unused variable 'i' [-Wunused-variable]
  881 |     int i;
      |         ^
[ CC vb ] interpreter.c
In file included from external/red-viper/source/common/interpreter.c:4:
external/red-viper/include/v810_opt.h:187:21: warning: 'fpsuboptable' defined but not used [-Wunused-variable]
  187 | static suboperation fpsuboptable[16] = {
      |                     ^~~~~~~~~~~~
external/red-viper/include/v810_opt.h:67:18: warning: 'optable' defined but not used [-Wunused-variable]
   67 | static operation optable[80] = {
      |                  ^~~~~~~
external/red-viper/include/v810_opt.h:38:13: warning: 'am_size_table' defined but not used [-Wunused-variable]
   38 | static BYTE am_size_table[] = {
      |             ^~~~~~~~~~~~~
[ CC vb ] vb_sound.c
[ CC vb ] vb_set.c
[ CC vb ] rom_db.c
[ CC vb ] patches.c
external/red-viper/source/common/patches.c: In function 'apply_patches':
external/red-viper/source/common/patches.c:131:15: warning: unused variable 'gameid' [-Wunused-variable]
  131 |         char *gameid = (char*)(V810_ROM1.off + (V810_ROM1.highaddr & 0xFFFFFDF9));
      |               ^~~~~~
external/red-viper/source/common/vb_set.c: In function 'loadFileOptions':
external/red-viper/source/common/vb_set.c:472:10: warning: unused variable 'old_cpp' [-Wunused-variable]
  472 |     bool old_cpp = tVBOpt.CPP_ENABLED;
      |          ^~~~~~~
external/red-viper/source/common/vb_set.c: In function 'loadGameOptions':
external/red-viper/source/common/vb_set.c:492:10: warning: unused variable 'old_cpp' [-Wunused-variable]
  492 |     bool old_cpp = tVBOpt.CPP_ENABLED;
      |          ^~~~~~~
[ CC vb ] replay.c
[ CC vb ] video_common.c
external/red-viper/source/common/video_common.c: In function 'videoProcessingTime':
external/red-viper/source/common/video_common.c:164:54: warning: unused variable 'end' [-Wunused-variable]
  164 |                                                 bool end = gy + h + 1 <= y + 8;
      |                                                      ^~~
[ CC vb ] ini.c
[ CC vb ] main_vb.c
[ CC vb ] vb_savestate.c
[ CC vb ] vb_audio.c
[ CXX vb ] video_soft.cpp
[ CC nes-fceu ] main_nes_fceu.c
external/red-viper/source/common/video_soft.cpp: In instantiation of 'void render_normal_world(uint16_t*, WORLD*, int, int) [with bool aligned = false; bool over = true; uint16_t = short unsigned int]':
external/red-viper/source/common/video_soft.cpp:372:57:   required from here
  372 |                         render_normal_world<false, true>(fb, &worlds[wrld], eye, drawn_fb);
      |                         ~~~~~~~~~~~~~~~~~~~~~~~~~~~~~~~~^~~~~~~~~~~~~~~~~~~~~~~~~~~~~~~~~~
external/red-viper/source/common/video_soft.cpp:139:10: warning: unused variable 'over_visible' [-Wunused-variable]
  139 |     bool over_visible = !over || tileVisible[tilemap[over_tile] & 0x07ff];
      |          ^~~~~~~~~~~~
external/red-viper/source/common/video_soft.cpp:149:13: warning: unused variable 'my_shift' [-Wunused-variable]
  149 |     uint8_t my_shift = (my & 7) * 2;
      |             ^~~~~~~~
external/red-viper/source/common/video_soft.cpp: In instantiation of 'void render_normal_world(uint16_t*, WORLD*, int, int) [with bool aligned = false; bool over = false; uint16_t = short unsigned int]':
external/red-viper/source/common/video_soft.cpp:374:58:   required from here
  374 |                         render_normal_world<false, false>(fb, &worlds[wrld], eye, drawn_fb);
      |                         ~~~~~~~~~~~~~~~~~~~~~~~~~~~~~~~~~^~~~~~~~~~~~~~~~~~~~~~~~~~~~~~~~~~
external/red-viper/source/common/video_soft.cpp:139:10: warning: unused variable 'over_visible' [-Wunused-variable]
  139 |     bool over_visible = !over || tileVisible[tilemap[over_tile] & 0x07ff];
      |          ^~~~~~~~~~~~
external/red-viper/source/common/video_soft.cpp:149:13: warning: unused variable 'my_shift' [-Wunused-variable]
  149 |     uint8_t my_shift = (my & 7) * 2;
      |             ^~~~~~~~
external/red-viper/source/common/video_soft.cpp: In instantiation of 'void render_normal_world(uint16_t*, WORLD*, int, int) [with bool aligned = true; bool over = true; uint16_t = short unsigned int]':
external/red-viper/source/common/video_soft.cpp:377:56:   required from here
  377 |                         render_normal_world<true, true>(fb, &worlds[wrld], eye, drawn_fb);
      |                         ~~~~~~~~~~~~~~~~~~~~~~~~~~~~~~~^~~~~~~~~~~~~~~~~~~~~~~~~~~~~~~~~~
external/red-viper/source/common/video_soft.cpp:139:10: warning: unused variable 'over_visible' [-Wunused-variable]
  139 |     bool over_visible = !over || tileVisible[tilemap[over_tile] & 0x07ff];
      |          ^~~~~~~~~~~~
external/red-viper/source/common/video_soft.cpp:149:13: warning: unused variable 'my_shift' [-Wunused-variable]
  149 |     uint8_t my_shift = (my & 7) * 2;
      |             ^~~~~~~~
external/red-viper/source/common/video_soft.cpp: In instantiation of 'void render_normal_world(uint16_t*, WORLD*, int, int) [with bool aligned = true; bool over = false; uint16_t = short unsigned int]':
external/red-viper/source/common/video_soft.cpp:379:57:   required from here
  379 |                         render_normal_world<true, false>(fb, &worlds[wrld], eye, drawn_fb);
      |                         ~~~~~~~~~~~~~~~~~~~~~~~~~~~~~~~~^~~~~~~~~~~~~~~~~~~~~~~~~~~~~~~~~~
external/red-viper/source/common/video_soft.cpp:139:10: warning: unused variable 'over_visible' [-Wunused-variable]
  139 |     bool over_visible = !over || tileVisible[tilemap[over_tile] & 0x07ff];
      |          ^~~~~~~~~~~~
external/red-viper/source/common/video_soft.cpp:149:13: warning: unused variable 'my_shift' [-Wunused-variable]
  149 |     uint8_t my_shift = (my & 7) * 2;
      |             ^~~~~~~~
external/red-viper/source/common/video_soft.cpp: In instantiation of 'void render_affine_world(WORLD*, int) [with bool over = true]':
external/red-viper/source/common/video_soft.cpp:389:42:   required from here
  389 |                 render_affine_world<true>(&worlds[wrld], drawn_fb);
      |                 ~~~~~~~~~~~~~~~~~~~~~~~~~^~~~~~~~~~~~~~~~~~~~~~~~~
external/red-viper/source/common/video_soft.cpp:245:13: warning: unused variable 'mx' [-Wunused-variable]
  245 |         int mx = base_mx + (eye == 0 ? -mp : mp);
      |             ^~
external/red-viper/source/common/video_soft.cpp:227:13: warning: unused variable 'my' [-Wunused-variable]
  227 |     int16_t my = (s16)(world->my << 3) >> 3;
      |             ^~
external/red-viper/source/common/video_soft.cpp: In instantiation of 'void render_affine_world(WORLD*, int) [with bool over = false]':
external/red-viper/source/common/video_soft.cpp:391:43:   required from here
  391 |                 render_affine_world<false>(&worlds[wrld], drawn_fb);
      |                 ~~~~~~~~~~~~~~~~~~~~~~~~~~^~~~~~~~~~~~~~~~~~~~~~~~~
external/red-viper/source/common/video_soft.cpp:245:13: warning: unused variable 'mx' [-Wunused-variable]
  245 |         int mx = base_mx + (eye == 0 ? -mp : mp);
      |             ^~
external/red-viper/source/common/video_soft.cpp:227:13: warning: unused variable 'my' [-Wunused-variable]
  227 |     int16_t my = (s16)(world->my << 3) >> 3;
      |             ^~
[ CC nes-fceu ] nes_fceu_mappers.c
[ CC nes-fceu ] 09-034a.c
[ CC nes-fceu ] 3d-block.c
[ CC nes-fceu ] 8in1.c
[ CC nes-fceu ] 12in1.c
[ CC nes-fceu ] 15.c
[ CC nes-fceu ] 18.c
[ CC nes-fceu ] 28.c
[ CC nes-fceu ] 31.c
[ CC nes-fceu ] 32.c
[ CC nes-fceu ] 33.c
[ CC nes-fceu ] 34.c
[ CC nes-fceu ] 40.c
[ CC nes-fceu ] 41.c
[ CC nes-fceu ] 42.c
[ CC nes-fceu ] 43.c
[ CC nes-fceu ] 46.c
[ CC nes-fceu ] 50.c
[ CC nes-fceu ] 51.c
[ CC nes-fceu ] 57.c
[ CC nes-fceu ] 60.c
[ CC nes-fceu ] 62.c
[ CC nes-fceu ] 65.c
[ CC nes-fceu ] 67.c
[ CC nes-fceu ] 68.c
[ CC nes-fceu ] 69.c
[ CC nes-fceu ] 71.c
[ CC nes-fceu ] 72.c
[ CC nes-fceu ] 77.c
[ CC nes-fceu ] 79.c
[ CC nes-fceu ] 80.c
[ CC nes-fceu ] 81.c
[ CC nes-fceu ] 82.c
[ CC nes-fceu ] 88.c
[ CC nes-fceu ] 91.c
[ CC nes-fceu ] 96.c
[ CC nes-fceu ] 99.c
[ CC nes-fceu ] 103.c
[ CC nes-fceu ] 104.c
[ CC nes-fceu ] 106.c
[ CC nes-fceu ] 108.c
[ CC nes-fceu ] 112.c
[ CC nes-fceu ] 116.c
[ CC nes-fceu ] 117.c
[ CC nes-fceu ] 120.c
[ CC nes-fceu ] 121.c
[ CC nes-fceu ] 126-422-534.c
[ CC nes-fceu ] 128.c
[ CC nes-fceu ] 134.c
[ CC nes-fceu ] 151.c
[ CC nes-fceu ] 156.c
[ CC nes-fceu ] 162.c
[ CC nes-fceu ] 163.c
[ CC nes-fceu ] 164.c
[ CC nes-fceu ] 168.c
[ CC nes-fceu ] 170.c
[ CC nes-fceu ] 174.c
[ CC nes-fceu ] 175.c
[ CC nes-fceu ] 177.c
[ CC nes-fceu ] 178.c
[ CC nes-fceu ] 183.c
[ CC nes-fceu ] 185.c
[ CC nes-fceu ] 186.c
[ CC nes-fceu ] 187.c
[ CC nes-fceu ] 189.c
[ CC nes-fceu ] 190.c
[ CC nes-fceu ] 193.c
[ CC nes-fceu ] 195.c
[ CC nes-fceu ] 199.c
[ CC nes-fceu ] 206.c
[ CC nes-fceu ] 208.c
[ CC nes-fceu ] 218.c
[ CC nes-fceu ] 222.c
[ CC nes-fceu ] 225.c
[ CC nes-fceu ] 228.c
[ CC nes-fceu ] 230.c
[ CC nes-fceu ] 232.c
[ CC nes-fceu ] 233.c
[ CC nes-fceu ] 234.c
[ CC nes-fceu ] 235.c
[ CC nes-fceu ] 236.c
[ CC nes-fceu ] 237.c
[ CC nes-fceu ] 244.c
[ CC nes-fceu ] 246.c
[ CC nes-fceu ] 252.c
[ CC nes-fceu ] 253.c
[ CC nes-fceu ] 265.c
[ CC nes-fceu ] 267.c
[ CC nes-fceu ] 268.c
[ CC nes-fceu ] 269.c
[ CC nes-fceu ] 272.c
[ CC nes-fceu ] 277.c
[ CC nes-fceu ] 283.c
[ CC nes-fceu ] 291.c
[ CC nes-fceu ] 293.c
[ CC nes-fceu ] 294.c
[ CC nes-fceu ] 310.c
[ CC nes-fceu ] 319.c
[ CC nes-fceu ] 326.c
[ CC nes-fceu ] 330.c
[ CC nes-fceu ] 334.c
[ CC nes-fceu ] 351.c
[ CC nes-fceu ] 353.c
[ CC nes-fceu ] 354.c
[ CC nes-fceu ] 356.c
[ CC nes-fceu ] 357.c
[ CC nes-fceu ] 359.c
[ CC nes-fceu ] 360.c
[ AS gba ] gba_bios.S
[ CC nes-fceu ] 362.c
[ CC nes-fceu ] 364.c
file "build/fceumm_mappers.ld" generated
[ CC nes-fceu ] 368.c
[ CC nes-fceu ] 369.c
[ CC nes-fceu ] 370.c
[ CC nes-fceu ] 372.c
[ CC nes-fceu ] 375.c
[ CC nes-fceu ] 376.c
[ CC nes-fceu ] 377.c
[ CC nes-fceu ] 380.c
[ CC nes-fceu ] 382.c
[ CC nes-fceu ] 383.c
[ CC nes-fceu ] 389.c
[ CC nes-fceu ] 390.c
[ CC nes-fceu ] 391.c
[ CC nes-fceu ] 393.c
[ CC nes-fceu ] 395.c
[ CC nes-fceu ] 396.c
[ CC nes-fceu ] 398.c
[ CC nes-fceu ] 401.c
[ CC nes-fceu ] 403.c
[ CC nes-fceu ] 410.c
[ CC nes-fceu ] 411.c
[ CC nes-fceu ] 412.c
[ CC nes-fceu ] 414.c
[ CC nes-fceu ] 416.c
[ CC nes-fceu ] 417.c
[ CC nes-fceu ] 420.c
[ CC nes-fceu ] 428.c
[ CC nes-fceu ] 430.c
[ CC nes-fceu ] 431.c
[ CC nes-fceu ] 432.c
[ CC nes-fceu ] 433.c
[ CC nes-fceu ] 434.c
[ CC nes-fceu ] 436.c
[ CC nes-fceu ] 437.c
[ CC nes-fceu ] 438.c
[ CC nes-fceu ] 439.c
[ CC nes-fceu ] 441.c
[ CC nes-fceu ] 443.c
[ CC nes-fceu ] 444.c
[ CC nes-fceu ] 448.c
[ CC nes-fceu ] 449.c
[ CC nes-fceu ] 452.c
[ CC nes-fceu ] 453.c
[ CC nes-fceu ] 454.c
[ CC nes-fceu ] 455.c
[ CC nes-fceu ] 456.c
[ CC nes-fceu ] 457.c
[ CC nes-fceu ] 458.c
[ CC nes-fceu ] 460.c
[ CC nes-fceu ] 463.c
[ CC nes-fceu ] 465.c
[ CC nes-fceu ] 466.c
[ CC nes-fceu ] 467.c
[ CC nes-fceu ] 468.c
[ CC nes-fceu ] 500.c
[ CC nes-fceu ] 501.c
[ CC nes-fceu ] 502.c
[ CC nes-fceu ] 516.c
[ CC nes-fceu ] 528.c
[ CC nes-fceu ] 533.c
[ CC nes-fceu ] 539.c
[ CC nes-fceu ] 554.c
[ CC nes-fceu ] 556.c
[ CC nes-fceu ] 558.c
[ CC nes-fceu ] 603-5052.c
[ CC nes-fceu ] 8157.c
[ CC nes-fceu ] 8237.c
[ CC nes-fceu ] 411120-c.c
[ CC nes-fceu ] 830118C.c
[ CC nes-fceu ] 830134C.c
[ CC nes-fceu ] a9746.c
[ CC nes-fceu ] ac-08.c
[ CC nes-fceu ] addrlatch.c
[ CC nes-fceu ] ax40g.c
[ CC nes-fceu ] ax5705.c
[ CC nes-fceu ] bandai.c
[ CC nes-fceu ] bb.c
[ CC nes-fceu ] bj56.c
[ CC nes-fceu ] bmc42in1r.c
[ CC nes-fceu ] bmc64in1nr.c
[ CC nes-fceu ] bmc60311c.c
[ CC nes-fceu ] bmc80013b.c
[ CC nes-fceu ] bmc830425C4391t.c
[ CC nes-fceu ] bmcctc09.c
[ CC nes-fceu ] bmcgamecard.c
[ CC nes-fceu ] bmck3006.c
[ CC nes-fceu ] bmck3033.c
[ CC nes-fceu ] bmck3036.c
[ CC nes-fceu ] bmcl6in1.c
[ CC nes-fceu ] BMW8544.c
[ CC nes-fceu ] bonza.c
[ CC nes-fceu ] bs-5.c
[ CC nes-fceu ] cheapocabra.c
[ CC nes-fceu ] cityfighter.c
[ CC nes-fceu ] coolgirl.c
[ CC nes-fceu ] dance2000.c
In file included from external/fceumm-go/src/boards/coolgirl.c:102:
external/fceumm-go/src/boards/coolgirl.c: In function 'string_to_bits':
external/fceumm-go/src/boards/coolgirl.c:264:29: warning: array subscript has type 'char' [-Wchar-subscripts]
  264 |                 if (isdigit(*bitsstr))
      |                             ^~~~~~~~
external/fceumm-go/src/boards/coolgirl.c:266:40: warning: array subscript has type 'char' [-Wchar-subscripts]
  266 |                         while (isdigit(*bitsstr))
      |                                        ^~~~~~~~
external/fceumm-go/src/boards/coolgirl.c:275:48: warning: array subscript has type 'char' [-Wchar-subscripts]
  275 |                                 while (isdigit(*bitsstr))
      |                                                ^~~~~~~~
external/fceumm-go/src/boards/coolgirl.c: In function 'COOLGIRL_Init':
external/fceumm-go/src/boards/coolgirl.c:2265:16: warning: unused variable 'i' [-Wunused-variable]
 2265 |         size_t i;
      |                ^
[ CC nes-fceu ] datalatch.c
[ CC nes-fceu ] dream.c
[ CC nes-fceu ] edu2000.c
[ CC nes-fceu ] eeprom_93C66.c
[ CC nes-fceu ] eh8813a.c
[ CC nes-fceu ] et-100.c
[ CC nes-fceu ] et-4320.c
[ CC nes-fceu ] f-15.c
[ CC nes-fceu ] fceu-emu2413.c
[ CC nes-fceu ] famicombox.c
[ CC nes-fceu ] faridunrom.c
[ CC nes-fceu ] ffe.c
[ CC nes-fceu ] fk23c.c
[ CC nes-fceu ] gn26.c
[ CC nes-fceu ] h2288.c
[ CC nes-fceu ] hp10xx_hp20xx.c
[ CC nes-fceu ] hp898f.c
[ CC nes-fceu ] inx007t.c
[ CC nes-fceu ] jyasic.c
[ CC nes-fceu ] karaoke.c
[ CC nes-fceu ] KG256.c
[ CC nes-fceu ] kof97.c
[ CC nes-fceu ] KS7012.c
[ CC nes-fceu ] KS7013.c
[ CC nes-fceu ] KS7016.c
[ CC nes-fceu ] KS7017.c
[ CC nes-fceu ] KS7030.c
[ CC nes-fceu ] KS7031.c
[ CC nes-fceu ] KS7032.c
[ CC nes-fceu ] KS7037.c
[ CC nes-fceu ] KS7057.c
[ CC nes-fceu ] latch.c
[ CC nes-fceu ] le05.c
[ CC nes-fceu ] lh32.c
[ CC nes-fceu ] lh51.c
[ CC nes-fceu ] lh53.c
[ CC nes-fceu ] malee.c
[ CC nes-fceu ] mihunche.c
[ CC nes-fceu ] mmc1.c
[ CC nes-fceu ] mmc2and4.c
[ CC nes-fceu ] mmc3.c
[ CC nes-fceu ] mmc5.c
[ CC nes-fceu ] n106.c
[ CC nes-fceu ] n625092.c
[ CC nes-fceu ] novel.c
[ CC nes-fceu ] onebus.c
[ CC nes-fceu ] pec-586.c
[ CC nes-fceu ] resetnromxin1.c
[ CC nes-fceu ] resettxrom.c
[ CC nes-fceu ] rt-01.c
[ CC nes-fceu ] SA-9602B.c
[ CC nes-fceu ] sachen.c
[ CC nes-fceu ] sheroes.c
[ CC nes-fceu ] sl1632.c
[ CC nes-fceu ] subor.c
[ CC nes-fceu ] super40in1.c
[ CC nes-fceu ] supervision.c
[ CC nes-fceu ] t-227-1.c
[ CC nes-fceu ] t-262.c
[ CC nes-fceu ] tengen.c
[ CC nes-fceu ] tf-1201.c
[ CC nes-fceu ] transformer.c
[ CC nes-fceu ] txcchip.c
[ CC nes-fceu ] unrom512.c
[ CC nes-fceu ] vrc1.c
[ CC nes-fceu ] vrc2and4.c
[ CC nes-fceu ] vrc3.c
[ CC nes-fceu ] vrc6.c
[ CC nes-fceu ] vrc7.c
[ CC nes-fceu ] vrc7p.c
[ CC nes-fceu ] vrcirq.c
[ CC nes-fceu ] yoko.c
[ CC nes-fceu ] cheat.c
[ CC nes-fceu ] fceu-cart.c
[ CC nes-fceu ] fceu-endian.c
[ CC nes-fceu ] fceu-memory.c
[ CC nes-fceu ] fceu-sound.c
[ CC nes-fceu ] fceu-state.c
[ CC nes-fceu ] fceu.c
[ CC nes-fceu ] fds.c
[ CC nes-fceu ] fds_apu.c
[ CC nes-fceu ] filter.c
[ CC nes-fceu ] general.c
[ CC nes-fceu ] ines.c
[ CC nes-fceu ] input.c
[ CC nes-fceu ] md5.c
[ CC nes-fceu ] nsf.c
[ CC nes-fceu ] palette.c
[ CC nes-fceu ] ppu.c
In file included from external/fceumm-go/src/ppu.c:538:
external/fceumm-go/src/pputile.h: In function 'RefreshLine':
external/fceumm-go/src/pputile.h:6:15: warning: variable 'zz' set but not used [-Wunused-but-set-variable]
    6 |         uint8 zz;
      |               ^~
[ CC nes-fceu ] video.c
[ CC nes-fceu ] x6502.c
external/fceumm-go/src/ops.h: In function 'X6502_Run':
external/fceumm-go/src/x6502.c:345:43: warning: variable 'x' set but not used [-Wunused-but-set-variable]
  345 | #define LD_AB(op)       { uint32 A; uint8 x; GetAB(A); x = RdMem(A); op; break; }
      |                                           ^
external/fceumm-go/src/ops.h:472:12: note: in expansion of macro 'LD_AB'
  472 | case 0x0C: LD_AB(;);
      |            ^~~~~
external/fceumm-go/src/x6502.c:346:43: warning: variable 'x' set but not used [-Wunused-but-set-variable]
  346 | #define LD_ABI(reg, op) { uint32 A; uint8 x; GetABIRD(A, reg); x = RdMem(A); op; break; }
      |                                           ^
external/fceumm-go/src/x6502.c:347:25: note: in expansion of macro 'LD_ABI'
  347 | #define LD_ABX(op)      LD_ABI(_X, op)
      |                         ^~~~~~
external/fceumm-go/src/ops.h:478:12: note: in expansion of macro 'LD_ABX'
  478 | case 0xFC: LD_ABX(;);
      |            ^~~~~~
[ CC sms ] loadrom.c
[ CC sms ] render.c
[ CC sms ] sms.c
[ CC sms ] state.c
[ CC sms ] vdp.c
[ CC sms ] pio.c
[ CC sms ] tms.c
[ CC sms ] memz80.c
[ CC sms ] system.c
[ CC sms ] z80.c
[ CC sms ] emu2413.c
[ CC sms ] fmintf.c
[ CC sms ] sn76489.c
[ CC sms ] sms_sound.c
[ CC sms ] ym2413.c
[ CC sms ] main_smsplusgx.c
[ CC pce ] gfx.c
[ CC pce ] h6280.c
[ CC pce ] pce.c
[ CC pce ] sound_pce.c
[ CC pce ] main_pce.c
[ CC pce ] pce_cd.c
Core/Src/porting/pce/pce_cd.c: In function 'pce_cd_parse_cue':
Core/Src/porting/pce/pce_cd.c:84:13: warning: 'strncpy' output may be truncated copying 255 bytes from a string of length 255 [-Wstringop-truncation]
   84 |             strncpy(t->bin_path, cur_bin, sizeof(t->bin_path) - 1);
      |             ^~~~~~~~~~~~~~~~~~~~~~~~~~~~~~~~~~~~~~~~~~~~~~~~~~~~~~
[ CC pce ] pce_scsi.c
[ CC pce ] pce_adpcm.c
[ CC msx ] Timer.c
[ CC msx ] Emulator.c
[ CC msx ] Patch.c
[ CC msx ] DeviceManager.c
[ CC msx ] IoPort.c
[ CC msx ] MegaromCartridge.c
[ CC msx ] ramNormal.c
[ CC msx ] ramMapper.c
[ CC msx ] ramMapperIo.c
[ CC msx ] RomLoader.c
[ CC msx ] romMapperASCII8.c
[ CC msx ] romMapperASCII16.c
[ CC msx ] romMapperASCII16X.c
[ CC msx ] romMapperNEO16.c
[ CC msx ] romMapperASCII16nf.c
[ CC msx ] romMapperBasic.c
[ CC msx ] romMapperCasette.c
[ CC msx ] romMapperDRAM.c
[ CC msx ] romMapperF4device.c
[ CC msx ] romMapperKoei.c
[ CC msx ] romMapperKonami4.c
[ CC msx ] romMapperKonami4nf.c
[ CC msx ] romMapperKonami5.c
[ CC msx ] romMapperLodeRunner.c
[ CC msx ] romMapperMsxDos2.c
[ CC msx ] romMapperMsxMusic.c
[ CC msx ] romMapperNormal.c
[ CC msx ] romMapperPlain.c
[ CC msx ] romMapperRType.c
[ CC msx ] romMapperStandard.c
[ CC msx ] romMapperSunriseIDE.c
[ CC msx ] romMapperSCCplus.c
[ CC msx ] romMapperTC8566AF.c
[ CC msx ] SlotManager.c
[ CC msx ] VDP_YJK_gnw.c
[ CC msx ] VDP_MSX.c
[ CC msx ] V9938.c
[ CC msx ] VideoManager.c
[ CC msx ] R800.c
[ CC msx ] R800SaveState.c
[ CC msx ] JoystickPort.c
[ CC msx ] MsxJoystick.c
[ CC msx ] Disk.c
[ CC msx ] HarddiskIDE.c
[ CC msx ] I8255.c
[ CC msx ] MsxPPI.c
[ CC msx ] RTC.c
[ CC msx ] SunriseIDE.c
[ CC msx ] TC8566AF.c
[ CC msx ] AudioMixer.c
[ CC msx ] AY8910.c
[ CC msx ] SCC.c
[ CC msx ] MsxPsg.c
[ CC msx ] YM2413_msx.c
[ CC msx ] emu2413_msx.c
[ CC msx ] AppConfig.c
[ CC msx ] LaunchFile.c
[ CC msx ] Properties.c
[ CC msx ] IsFileExtension.c
[ CC msx ] StrcmpNoCase.c
[ CC msx ] TokenExtract.c
[ CC msx ] Board.c
[ CC msx ] Machine.c
[ CC msx ] MSX.c
[ CC msx ] InputEvent.c
[ CC msx ] main_msx.c
[ CC msx ] msx_database.c
[ CC msx ] save_msx.c
Core/Src/porting/msx/msx_database.c:66:17: warning: 'msx_read_u32_le' defined but not used [-Wunused-function]
   66 | static uint32_t msx_read_u32_le(const uint8_t* data) {
      |                 ^~~~~~~~~~~~~~~
[ CC gw ] LzmaDec.c
[ CC gw ] lzma.c
[ CC gw ] lz4_depack.c
[ CC gw ] sm500op.c
[ CC gw ] sm510op.c
[ CC gw ] sm500core.c
[ CC gw ] sm5acore.c
[ CC gw ] sm510core.c
[ CC gw ] sm511core.c
[ CC gw ] sm510base.c
[ CC gw ] gw_romloader.c
[ CC gw ] gw_graphic.c
[ CC gw ] gw_system.c
[ CC gw ] main_gw.c
[ CC wsv ] controls.c
[ CC wsv ] gpu.c
[ CC wsv ] m6502.c
[ CC wsv ] memorymap.c
[ CC wsv ] timer.c
[ CC wsv ] watara.c
[ CC wsv ] wsv_sound.c
[ CC wsv ] main_wsv.c
[ CC ngp ] cz80.c
In file included from external/race/cz80exec.inc:121,
                 from external/race/cz80.c:93:
external/race/cz80_op.inc: In function 'Cz80_Exec':
external/race/cz80_op.inc:1305:1: warning: label 'CB_PREFIXE' defined but not used [-Wunused-label]
 1305 | CB_PREFIXE:
      | ^~~~~~~~~~
external/race/cz80_op.inc:741:1: warning: label 'OP_OR_mHL' defined but not used [-Wunused-label]
  741 | OP_OR_mHL:
      | ^~~~~~~~~
external/race/cz80_op.inc:695:1: warning: label 'OP_XOR_mHL' defined but not used [-Wunused-label]
  695 | OP_XOR_mHL:
      | ^~~~~~~~~~
external/race/cz80_op.inc:652:1: warning: label 'OP_AND_mHL' defined but not used [-Wunused-label]
  652 | OP_AND_mHL:
      | ^~~~~~~~~~
external/race/cz80_op.inc:603:1: warning: label 'OP_CP_mHL' defined but not used [-Wunused-label]
  603 | OP_CP_mHL:
      | ^~~~~~~~~
external/race/cz80_op.inc:552:1: warning: label 'OP_SBC_mHL' defined but not used [-Wunused-label]
  552 | OP_SBC_mHL:
      | ^~~~~~~~~~
external/race/cz80_op.inc:501:1: warning: label 'OP_SUB_mHL' defined but not used [-Wunused-label]
  501 | OP_SUB_mHL:
      | ^~~~~~~~~~
external/race/cz80_op.inc:450:1: warning: label 'OP_ADC_mHL' defined but not used [-Wunused-label]
  450 | OP_ADC_mHL:
      | ^~~~~~~~~~
external/race/cz80_op.inc:399:1: warning: label 'OP_ADD_mHL' defined but not used [-Wunused-label]
  399 | OP_ADD_mHL:
      | ^~~~~~~~~~
external/race/cz80_op.inc:120:1: warning: label 'OP_LD_mHL_imm' defined but not used [-Wunused-label]
  120 | OP_LD_mHL_imm:
      | ^~~~~~~~~~~~~
external/race/cz80_op.inc:113:1: warning: label 'OP_LD_mHL_R' defined but not used [-Wunused-label]
  113 | OP_LD_mHL_R:
      | ^~~~~~~~~~~
external/race/cz80_op.inc:100:1: warning: label 'OP_LD_R_mHL' defined but not used [-Wunused-label]
  100 | OP_LD_R_mHL:
      | ^~~~~~~~~~~
[ CC ngp ] cz80_support.c
[ CC ngp ] flash.c
[ CC ngp ] graphics.c
[ CC ngp ] main.c
[ CC ngp ] neopop_blip.c
[ CC ngp ] neopopsound.c
[ CC ngp ] ngpBios.c
[ CC ngp ] race-memory.c
[ CC ngp ] sound.c
[ CC ngp ] state.c
[ CC ngp ] tlcs900h.c
[ CC ngp ] Blip_Buffer.c
[ CC ngp ] main_ngp.c
[ CC wswan ] WS.c
[ CC wswan ] ws_fileio.c
[ CC wswan ] WSRender.c
[ CC wswan ] WSApu.c
[ CC wswan ] nec.c
[ CC wswan ] main_wswan.c
[ CC md ] m68kcpu.c
[ CC md ] Z80.c
external/gwenesis/src/cpus/Z80/Z80.c: In function 'ExecZ80':
external/gwenesis/src/cpus/Z80/Z80.c:532:12: warning: variable 'prev_pc' set but not used [-Wunused-but-set-variable]
  532 |       word prev_pc;
      |            ^~~~~~~
[ CC md ] z80inst.c
[ CC md ] ym2612.c
[ CC md ] gwenesis_sn76489.c
[ CC md ] gwenesis_bus.c
[ CC md ] gwenesis_sram.c
[ CC md ] gwenesis_eeprom.c
[ CC md ] gwenesis_io.c
[ CC md ] gwenesis_vdp_mem.c
[ CC md ] gwenesis_vdp_gfx.c
[ CC md ] gwenesis_savestate.c
[ CC md ] main_gwenesis.c
[ CC md32x ] sh2.c
[ CC md32x ] sh2pico.c
[ CC md32x ] m68kcpu.c
[ CC md32x ] g68k_bus.c
[ CC md32x ] cz80.c
[ CC md32x ] 32x.c
[ CC md32x ] draw.c
[ CC md32x ] memory.c
[ CC md32x ] pwm.c
[ CC md32x ] sh2soc.c
[ CC md32x ] cart.c
[ CC md32x ] carthw.c
[ CC md32x ] eeprom_spi.c
[ CC md32x ] memory.c
[ CC md32x ] draw.c
[ CC md32x ] sek.c
[ CC md32x ] videoport.c
[ CC md32x ] media.c
[ CC md32x ] pico.c
[ CC md32x ] misc.c
[ CC md32x ] patch.c
[ CC md32x ] z80if.c
[ CC md32x ] eeprom.c
[ CC md32x ] state.c
[ CC md32x ] sound.c
[ CC md32x ] mix.c
[ CC md32x ] sn76496.c
[ CC md32x ] ym2612.c
[ CC md32x ] resampler.c
[ CC md32x ] main_md32x.c
[ CC md32x ] md32x_border_clear.c
[ CC md32x ] md32x_fullscreen.c
[ CC segacd ] famec.c
[ CC segacd ] cz80.c
[ CC segacd ] pico.c
[ CC segacd ] cart.c
[ CC segacd ] memory.c
[ CC segacd ] state.c
[ CC segacd ] sek.c
[ CC segacd ] z80if.c
[ CC segacd ] videoport.c
[ CC segacd ] draw.c
[ CC segacd ] misc.c
[ CC segacd ] eeprom.c
[ CC segacd ] patch.c
[ CC segacd ] media.c
[ CC segacd ] pico.c
[ CC segacd ] memory.c
[ CC segacd ] xpcm.c
[ CC segacd ] carthw.c
[ CC segacd ] eeprom_spi.c
[ CC segacd ] mcd.c
[ CC segacd ] memory.c
[ CC segacd ] sek.c
[ CC segacd ] cdc.c
[ CC segacd ] cdd.c
[ CC segacd ] cd_image.c
[ CC segacd ] cd_parse.c
[ CC segacd ] gfx.c
[ CC segacd ] gfx_dma.c
[ CC segacd ] misc.c
[ CC segacd ] pcm.c
[ CC segacd ] megasd.c
[ CC segacd ] sound.c
[ CC segacd ] mix.c
[ CC segacd ] sn76496.c
[ CC segacd ] ym2612.c
[ CC segacd ] resampler.c
[ CC segacd ] segacd_lcd_clut.c
[ CC segacd ] main_segacd.c
[ CC amstrad CPC ] cap32.c
[ CC amstrad CPC ] crtc.c
[ CC amstrad CPC ] fdc.c
[ CC amstrad CPC ] kbdauto.c
[ CC amstrad CPC ] psg.c
[ CC amstrad CPC ] slots.c
[ CC amstrad CPC ] cap32_z80.c
[ CC amstrad CPC ] main_amstrad.c
[ CC amstrad CPC ] amstrad_catalog.c
[ CC amstrad CPC ] amstrad_format.c
[ CC amstrad CPC ] amstrad_loader.c
[ CC amstrad CPC ] amstrad_video8bpp.c
[ CC o2em ] o2em_audio.c
[ CC o2em ] o2em_cpu.c
[ CC o2em ] o2em_cset.c
[ CC o2em ] o2em_keyboard.c
[ CC o2em ] o2em_score.c
[ CC o2em ] o2em_table.c
[ CC o2em ] o2em_vdc.c
[ CC o2em ] o2em_vmachine.c
[ CC o2em ] o2em_voice.c
external/o2em-go/src/o2em_voice.c:37:22: warning: 'clk_voice_start' defined but not used [-Wunused-variable]
   37 | static unsigned long clk_voice_start = 0;
      |                      ^~~~~~~~~~~~~~~
external/o2em-go/src/o2em_voice.c:36:12: warning: 'voice_st' defined but not used [-Wunused-variable]
   36 | static int voice_st   = 0;
      |            ^~~~~~~~
external/o2em-go/src/o2em_voice.c:34:12: warning: 'voice_addr' defined but not used [-Wunused-variable]
   34 | static int voice_addr = 0;
      |            ^~~~~~~~~~
external/o2em-go/src/o2em_voice.c:33:12: warning: 'voice_bank' defined but not used [-Wunused-variable]
   33 | static int voice_bank = 0;
      |            ^~~~~~~~~~
[ CC o2em ] o2em_vpp.c
[ CC o2em ] o2em_vpp_cset.c
[ CC o2em ] wrapalleg.c
[ CC o2em ] ui.c
[ CC o2em ] vkeyb.c
[ CC o2em ] vkeyb_config.c
[ CC o2em ] vkeyb_layout.c
[ CC o2em ] main_videopac.c
Core/Src/porting/videopac/main_videopac.c: In function 'app_main_videopac':
Core/Src/porting/videopac/main_videopac.c:613:14: warning: unused variable 'drawFrame' [-Wunused-variable]
  613 |         bool drawFrame = common_emu_frame_loop();
      |              ^~~~~~~~~
[ CC zxs-core ] zxs_impl.c
[ CC zxs ] main_zxs.c
[ CXX c64 ] C64.cpp
In file included from Core/Src/porting/c64/frodo/C64.cpp:11:
Core/Src/porting/c64/frodo/CPU1541.h: In member function 'void MOS6502_1541::NewATNState()':
Core/Src/porting/c64/frodo/CPU1541.h:255:69: warning: suggest parentheses around arithmetic in operand of '|' [-Wparentheses]
  255 |         IECLines = (byte << 6) & ((~byte ^ TheCIA2->IECLines) << 3) & 0x80      // DATA (incl. ATN acknowledge)
      |                    ~~~~~~~~~~~~~~~~~~~~~~~~~~~~~~~~~~~~~~~~~~~~~~~~~^~~~~~
Core/Src/porting/c64/frodo/C64.cpp: In destructor 'C64::~C64()':
Core/Src/porting/c64/frodo/C64.cpp:146:9: warning: deleting object of polymorphic class type 'MOS6526_2' which has non-virtual destructor might cause undefined behavior [-Wdelete-non-virtual-dtor]
  146 |         delete TheCIA2;
      |         ^~~~~~~~~~~~~~
Core/Src/porting/c64/frodo/C64.cpp:147:9: warning: deleting object of polymorphic class type 'MOS6526_1' which has non-virtual destructor might cause undefined behavior [-Wdelete-non-virtual-dtor]
  147 |         delete TheCIA1;
      |         ^~~~~~~~~~~~~~
Core/Src/porting/c64/frodo/C64.cpp: In member function 'void C64::SaveRAM(char*)':
Core/Src/porting/c64/frodo/C64.cpp:305:31: warning: ISO C++ forbids converting a string constant to 'char*' [-Wwrite-strings]
  305 |                 ShowRequester("RAM save failed.", "OK", NULL);
      |                               ^~~~~~~~~~~~~~~~~~
Core/Src/porting/c64/frodo/C64.cpp:305:51: warning: ISO C++ forbids converting a string constant to 'char*' [-Wwrite-strings]
  305 |                 ShowRequester("RAM save failed.", "OK", NULL);
      |                                                   ^~~~
Core/Src/porting/c64/frodo/C64.cpp: In member function 'void C64::SaveSnapshot(char*)':
Core/Src/porting/c64/frodo/C64.cpp:556:31: warning: ISO C++ forbids converting a string constant to 'char*' [-Wwrite-strings]
  556 |                 ShowRequester("Unable to open snapshot file", "OK", NULL);
      |                               ^~~~~~~~~~~~~~~~~~~~~~~~~~~~~~
Core/Src/porting/c64/frodo/C64.cpp:556:63: warning: ISO C++ forbids converting a string constant to 'char*' [-Wwrite-strings]
  556 |                 ShowRequester("Unable to open snapshot file", "OK", NULL);
      |                                                               ^~~~
Core/Src/porting/c64/frodo/C64.cpp:552:15: warning: unused variable 'delay' [-Wunused-variable]
  552 |         uint8 delay;
      |               ^~~~~
Core/Src/porting/c64/frodo/C64.cpp:553:13: warning: unused variable 'stat' [-Wunused-variable]
  553 |         int stat;
      |             ^~~~
Core/Src/porting/c64/frodo/C64.cpp: In member function 'bool C64::LoadSnapshot(char*)':
Core/Src/porting/c64/frodo/C64.cpp:639:47: warning: ISO C++ forbids converting a string constant to 'char*' [-Wwrite-strings]
  639 |                                 ShowRequester("Unknown snapshot format", "OK", NULL);
      |                                               ^~~~~~~~~~~~~~~~~~~~~~~~~
Core/Src/porting/c64/frodo/C64.cpp:639:74: warning: ISO C++ forbids converting a string constant to 'char*' [-Wwrite-strings]
  639 |                                 ShowRequester("Unknown snapshot format", "OK", NULL);
      |                                                                          ^~~~
Core/Src/porting/c64/frodo/C64.cpp:707:47: warning: ISO C++ forbids converting a string constant to 'char*' [-Wwrite-strings]
  707 |                                 ShowRequester("Error reading snapshot file", "OK", NULL);
      |                                               ^~~~~~~~~~~~~~~~~~~~~~~~~~~~~
Core/Src/porting/c64/frodo/C64.cpp:707:78: warning: ISO C++ forbids converting a string constant to 'char*' [-Wwrite-strings]
  707 |                                 ShowRequester("Error reading snapshot file", "OK", NULL);
      |                                                                              ^~~~
Core/Src/porting/c64/frodo/C64.cpp:714:39: warning: ISO C++ forbids converting a string constant to 'char*' [-Wwrite-strings]
  714 |                         ShowRequester("Not a Frodo snapshot file", "OK", NULL);
      |                                       ^~~~~~~~~~~~~~~~~~~~~~~~~~~
Core/Src/porting/c64/frodo/C64.cpp:714:68: warning: ISO C++ forbids converting a string constant to 'char*' [-Wwrite-strings]
  714 |                         ShowRequester("Not a Frodo snapshot file", "OK", NULL);
      |                                                                    ^~~~
Core/Src/porting/c64/frodo/C64.cpp:620:23: warning: variable 'delay' set but not used [-Wunused-but-set-variable]
  620 |                 uint8 delay, i;
      |                       ^~~~~
Core/Src/porting/c64/frodo/C64.cpp:620:30: warning: unused variable 'i' [-Wunused-variable]
  620 |                 uint8 delay, i;
      |                              ^
Core/Src/porting/c64/frodo/C64.cpp:718:31: warning: ISO C++ forbids converting a string constant to 'char*' [-Wwrite-strings]
  718 |                 ShowRequester("Can't open snapshot file", "OK", NULL);
      |                               ^~~~~~~~~~~~~~~~~~~~~~~~~~
Core/Src/porting/c64/frodo/C64.cpp:718:59: warning: ISO C++ forbids converting a string constant to 'char*' [-Wwrite-strings]
  718 |                 ShowRequester("Can't open snapshot file", "OK", NULL);
      |                                                           ^~~~
[ CXX c64 ] CPUC64.cpp
Core/Src/porting/c64/frodo/CPUC64.cpp: In member function 'uint8 MOS6510::read_byte_io(uint16)':
Core/Src/porting/c64/frodo/CPUC64.cpp:171:89: warning: suggest parentheses around arithmetic in operand of '|' [-Wparentheses]
  171 |                                                 return color_ram[adr & 0x03ff] | rand() & 0xf0;
      |                                                                                  ~~~~~~~^~~~~~
Core/Src/porting/c64/frodo/CPUC64.cpp: In member function 'void MOS6510::illegal_op(uint8, uint16)':
Core/Src/porting/c64/frodo/CPUC64.cpp:696:34: warning: ISO C++ forbids converting a string constant to 'char*' [-Wwrite-strings]
  696 |         ShowRequester(illop_msg, "Reset");
      |                                  ^~~~~~~
Core/Src/porting/c64/frodo/CPUC64.cpp: In member function 'void MOS6510::illegal_jump(uint16, uint16)':
Core/Src/porting/c64/frodo/CPUC64.cpp:711:34: warning: ISO C++ forbids converting a string constant to 'char*' [-Wwrite-strings]
  711 |         ShowRequester(illop_msg, "Reset");
      |                                  ^~~~~~~
Core/Src/porting/c64/frodo/CPUC64.cpp: In member function 'int MOS6510::EmulateLine(int)':
Core/Src/porting/c64/frodo/CPUC64.cpp:725:37: warning: suggest parentheses around arithmetic in operand of '|' [-Wparentheses]
  725 | #define push_byte(byte) (ram[(sp--) & 0xff | 0x0100] = (byte))
      |                              ~~~~~~~^~~~~~
Core/Src/porting/c64/frodo/CPUC64.cpp:768:25: note: in expansion of macro 'push_byte'
  768 |                         push_byte((pc-pc_base) >> 8); push_byte(pc-pc_base);
      |                         ^~~~~~~~~
Core/Src/porting/c64/frodo/CPUC64.cpp:725:37: warning: suggest parentheses around arithmetic in operand of '|' [-Wparentheses]
  725 | #define push_byte(byte) (ram[(sp--) & 0xff | 0x0100] = (byte))
      |                              ~~~~~~~^~~~~~
Core/Src/porting/c64/frodo/CPUC64.cpp:768:55: note: in expansion of macro 'push_byte'
  768 |                         push_byte((pc-pc_base) >> 8); push_byte(pc-pc_base);
      |                                                       ^~~~~~~~~
Core/Src/porting/c64/frodo/CPUC64.cpp:725:37: warning: suggest parentheses around arithmetic in operand of '|' [-Wparentheses]
  725 | #define push_byte(byte) (ram[(sp--) & 0xff | 0x0100] = (byte))
      |                              ~~~~~~~^~~~~~
Core/Src/porting/c64/frodo/CPUC64.cpp:745:9: note: in expansion of macro 'push_byte'
  745 |         push_byte(tmp);
      |         ^~~~~~~~~
Core/Src/porting/c64/frodo/CPUC64.cpp:772:25: note: in expansion of macro 'push_flags'
  772 |                         push_flags(false);
      |                         ^~~~~~~~~~
Core/Src/porting/c64/frodo/CPUC64.cpp:725:37: warning: suggest parentheses around arithmetic in operand of '|' [-Wparentheses]
  725 | #define push_byte(byte) (ram[(sp--) & 0xff | 0x0100] = (byte))
      |                              ~~~~~~~^~~~~~
Core/Src/porting/c64/frodo/CPUC64.cpp:779:25: note: in expansion of macro 'push_byte'
  779 |                         push_byte((pc-pc_base) >> 8); push_byte(pc-pc_base);
      |                         ^~~~~~~~~
Core/Src/porting/c64/frodo/CPUC64.cpp:725:37: warning: suggest parentheses around arithmetic in operand of '|' [-Wparentheses]
  725 | #define push_byte(byte) (ram[(sp--) & 0xff | 0x0100] = (byte))
      |                              ~~~~~~~^~~~~~
Core/Src/porting/c64/frodo/CPUC64.cpp:779:55: note: in expansion of macro 'push_byte'
  779 |                         push_byte((pc-pc_base) >> 8); push_byte(pc-pc_base);
      |                                                       ^~~~~~~~~
Core/Src/porting/c64/frodo/CPUC64.cpp:725:37: warning: suggest parentheses around arithmetic in operand of '|' [-Wparentheses]
  725 | #define push_byte(byte) (ram[(sp--) & 0xff | 0x0100] = (byte))
      |                              ~~~~~~~^~~~~~
Core/Src/porting/c64/frodo/CPUC64.cpp:745:9: note: in expansion of macro 'push_byte'
  745 |         push_byte(tmp);
      |         ^~~~~~~~~
Core/Src/porting/c64/frodo/CPUC64.cpp:783:25: note: in expansion of macro 'push_flags'
  783 |                         push_flags(false);
      |                         ^~~~~~~~~~
In file included from Core/Src/porting/c64/frodo/CPUC64.cpp:790:
Core/Src/porting/c64/frodo/CPU_emulline.i:389:29: warning: operation on 'adr' may be undefined [-Wsequence-point]
  389 |                         adr = read_adr_abs_x();
      |                             ^
Core/Src/porting/c64/frodo/CPU_emulline.i:409:29: warning: operation on 'adr' may be undefined [-Wsequence-point]
  409 |                         adr = read_adr_abs_x();
      |                             ^
Core/Src/porting/c64/frodo/CPU_emulline.i:529:36: warning: operation on 'adr' may be undefined [-Wsequence-point]
  529 |                         set_nz(adr = a - read_byte_abs());
      |                                    ^
Core/Src/porting/c64/frodo/CPU_emulline.i:100:39: note: in definition of macro 'set_nz'
  100 | #define set_nz(x) (z_flag = n_flag = (x))
      |                                       ^
Core/Src/porting/c64/frodo/CPU_emulline.i:534:36: warning: operation on 'adr' may be undefined [-Wsequence-point]
  534 |                         set_nz(adr = a - read_byte_abs_x());
      |                                    ^
Core/Src/porting/c64/frodo/CPU_emulline.i:100:39: note: in definition of macro 'set_nz'
  100 | #define set_nz(x) (z_flag = n_flag = (x))
      |                                       ^
Core/Src/porting/c64/frodo/CPU_emulline.i:539:36: warning: operation on 'adr' may be undefined [-Wsequence-point]
  539 |                         set_nz(adr = a - read_byte_abs_y());
      |                                    ^
Core/Src/porting/c64/frodo/CPU_emulline.i:100:39: note: in definition of macro 'set_nz'
  100 | #define set_nz(x) (z_flag = n_flag = (x))
      |                                       ^
Core/Src/porting/c64/frodo/CPU_emulline.i:564:36: warning: operation on 'adr' may be undefined [-Wsequence-point]
  564 |                         set_nz(adr = x - read_byte_abs());
      |                                    ^
Core/Src/porting/c64/frodo/CPU_emulline.i:100:39: note: in definition of macro 'set_nz'
  100 | #define set_nz(x) (z_flag = n_flag = (x))
      |                                       ^
Core/Src/porting/c64/frodo/CPU_emulline.i:579:36: warning: operation on 'adr' may be undefined [-Wsequence-point]
  579 |                         set_nz(adr = y - read_byte_abs());
      |                                    ^
Core/Src/porting/c64/frodo/CPU_emulline.i:100:39: note: in definition of macro 'set_nz'
  100 | #define set_nz(x) (z_flag = n_flag = (x))
      |                                       ^
Core/Src/porting/c64/frodo/CPU_emulline.i:623:45: warning: operation on 'adr' may be undefined [-Wsequence-point]
  623 |                         tmp = read_byte(adr = read_adr_abs_x());
      |                                             ^
Core/Src/porting/c64/frodo/CPU_emulline.i:652:45: warning: operation on 'adr' may be undefined [-Wsequence-point]
  652 |                         tmp = read_byte(adr = read_adr_abs_x());
      |                                             ^
Core/Src/porting/c64/frodo/CPU_emulline.i:685:45: warning: operation on 'adr' may be undefined [-Wsequence-point]
  685 |                         tmp = read_byte(adr = read_adr_abs_x());
      |                                             ^
Core/Src/porting/c64/frodo/CPU_emulline.i:719:45: warning: operation on 'adr' may be undefined [-Wsequence-point]
  719 |                         tmp = read_byte(adr = read_adr_abs_x());
      |                                             ^
Core/Src/porting/c64/frodo/CPUC64.cpp:725:37: warning: suggest parentheses around arithmetic in operand of '|' [-Wparentheses]
  725 | #define push_byte(byte) (ram[(sp--) & 0xff | 0x0100] = (byte))
      |                              ~~~~~~~^~~~~~
Core/Src/porting/c64/frodo/CPU_emulline.i:728:25: note: in expansion of macro 'push_byte'
  728 |                         push_byte(a);
      |                         ^~~~~~~~~
Core/Src/porting/c64/frodo/CPUC64.cpp:725:37: warning: suggest parentheses around arithmetic in operand of '|' [-Wparentheses]
  725 | #define push_byte(byte) (ram[(sp--) & 0xff | 0x0100] = (byte))
      |                              ~~~~~~~^~~~~~
Core/Src/porting/c64/frodo/CPUC64.cpp:745:9: note: in expansion of macro 'push_byte'
  745 |         push_byte(tmp);
      |         ^~~~~~~~~
Core/Src/porting/c64/frodo/CPU_emulline.i:736:25: note: in expansion of macro 'push_flags'
  736 |                         push_flags(true);
      |                         ^~~~~~~~~~
Core/Src/porting/c64/frodo/CPU_emulline.i:753:68: warning: suggest parentheses around arithmetic in operand of '|' [-Wparentheses]
  753 |                         jump(read_byte(adr) | (read_byte((adr + 1) & 0xff | adr & 0xff00) << 8));
      |                                                          ~~~~~~~~~~^~~~~~
Core/Src/porting/c64/frodo/CPUC64.cpp:725:37: warning: suggest parentheses around arithmetic in operand of '|' [-Wparentheses]
  725 | #define push_byte(byte) (ram[(sp--) & 0xff | 0x0100] = (byte))
      |                              ~~~~~~~^~~~~~
Core/Src/porting/c64/frodo/CPU_emulline.i:758:25: note: in expansion of macro 'push_byte'
  758 |                         push_byte((pc-pc_base+1) >> 8); push_byte(pc-pc_base+1);
      |                         ^~~~~~~~~
Core/Src/porting/c64/frodo/CPUC64.cpp:725:37: warning: suggest parentheses around arithmetic in operand of '|' [-Wparentheses]
  725 | #define push_byte(byte) (ram[(sp--) & 0xff | 0x0100] = (byte))
      |                              ~~~~~~~^~~~~~
Core/Src/porting/c64/frodo/CPU_emulline.i:758:57: note: in expansion of macro 'push_byte'
  758 |                         push_byte((pc-pc_base+1) >> 8); push_byte(pc-pc_base+1);
      |                                                         ^~~~~~~~~
Core/Src/porting/c64/frodo/CPUC64.cpp:725:37: warning: suggest parentheses around arithmetic in operand of '|' [-Wparentheses]
  725 | #define push_byte(byte) (ram[(sp--) & 0xff | 0x0100] = (byte))
      |                              ~~~~~~~^~~~~~
Core/Src/porting/c64/frodo/CPU_emulline.i:780:25: note: in expansion of macro 'push_byte'
  780 |                         push_byte((pc+1-pc_base) >> 8); push_byte(pc+1-pc_base);
      |                         ^~~~~~~~~
Core/Src/porting/c64/frodo/CPUC64.cpp:725:37: warning: suggest parentheses around arithmetic in operand of '|' [-Wparentheses]
  725 | #define push_byte(byte) (ram[(sp--) & 0xff | 0x0100] = (byte))
      |                              ~~~~~~~^~~~~~
Core/Src/porting/c64/frodo/CPU_emulline.i:780:57: note: in expansion of macro 'push_byte'
  780 |                         push_byte((pc+1-pc_base) >> 8); push_byte(pc+1-pc_base);
      |                                                         ^~~~~~~~~
Core/Src/porting/c64/frodo/CPUC64.cpp:725:37: warning: suggest parentheses around arithmetic in operand of '|' [-Wparentheses]
  725 | #define push_byte(byte) (ram[(sp--) & 0xff | 0x0100] = (byte))
      |                              ~~~~~~~^~~~~~
Core/Src/porting/c64/frodo/CPUC64.cpp:745:9: note: in expansion of macro 'push_byte'
  745 |         push_byte(tmp);
      |         ^~~~~~~~~
Core/Src/porting/c64/frodo/CPU_emulline.i:784:25: note: in expansion of macro 'push_flags'
  784 |                         push_flags(true);
      |                         ^~~~~~~~~~
Core/Src/porting/c64/frodo/CPU_emulline.i:1022:45: warning: operation on 'adr' may be undefined [-Wsequence-point]
 1022 |                         tmp = read_byte(adr = read_adr_abs_x());
      |                                             ^
Core/Src/porting/c64/frodo/CPU_emulline.i:1028:45: warning: operation on 'adr' may be undefined [-Wsequence-point]
 1028 |                         tmp = read_byte(adr = read_adr_abs_y());
      |                                             ^
Core/Src/porting/c64/frodo/CPU_emulline.i:1072:45: warning: operation on 'adr' may be undefined [-Wsequence-point]
 1072 |                         tmp = read_byte(adr = read_adr_abs_x());
      |                                             ^
Core/Src/porting/c64/frodo/CPU_emulline.i:1078:45: warning: operation on 'adr' may be undefined [-Wsequence-point]
 1078 |                         tmp = read_byte(adr = read_adr_abs_y());
      |                                             ^
Core/Src/porting/c64/frodo/CPU_emulline.i:1121:45: warning: operation on 'adr' may be undefined [-Wsequence-point]
 1121 |                         tmp = read_byte(adr = read_adr_abs_x());
      |                                             ^
Core/Src/porting/c64/frodo/CPU_emulline.i:1127:45: warning: operation on 'adr' may be undefined [-Wsequence-point]
 1127 |                         tmp = read_byte(adr = read_adr_abs_y());
      |                                             ^
Core/Src/porting/c64/frodo/CPU_emulline.i:1171:45: warning: operation on 'adr' may be undefined [-Wsequence-point]
 1171 |                         tmp = read_byte(adr = read_adr_abs_x());
      |                                             ^
Core/Src/porting/c64/frodo/CPU_emulline.i:1177:45: warning: operation on 'adr' may be undefined [-Wsequence-point]
 1177 |                         tmp = read_byte(adr = read_adr_abs_y());
      |                                             ^
Core/Src/porting/c64/frodo/CPU_emulline.i:1219:45: warning: operation on 'adr' may be undefined [-Wsequence-point]
 1219 |                         tmp = read_byte(adr = read_adr_abs_x()) - 1;
      |                                             ^
Core/Src/porting/c64/frodo/CPU_emulline.i:1225:45: warning: operation on 'adr' may be undefined [-Wsequence-point]
 1225 |                         tmp = read_byte(adr = read_adr_abs_y()) - 1;
      |                                             ^
Core/Src/porting/c64/frodo/CPU_emulline.i:1263:45: warning: operation on 'adr' may be undefined [-Wsequence-point]
 1263 |                         tmp = read_byte(adr = read_adr_abs_x()) + 1;
      |                                             ^
Core/Src/porting/c64/frodo/CPU_emulline.i:1269:45: warning: operation on 'adr' may be undefined [-Wsequence-point]
 1269 |                         tmp = read_byte(adr = read_adr_abs_y()) + 1;
      |                                             ^
[ CXX c64 ] CPU_common.cpp
[ CXX c64 ] VIC.cpp
[ CXX c64 ] VIC_table.cpp
[ CXX c64 ] SID.cpp
[ CXX c64 ] DigitalRenderer.cpp
[ CXX c64 ] CIA.cpp
In file included from Core/Src/porting/c64/frodo/CIA.cpp:33:
Core/Src/porting/c64/frodo/CPU1541.h: In member function 'void MOS6502_1541::NewATNState()':
Core/Src/porting/c64/frodo/CPU1541.h:255:69: warning: suggest parentheses around arithmetic in operand of '|' [-Wparentheses]
  255 |         IECLines = (byte << 6) & ((~byte ^ TheCIA2->IECLines) << 3) & 0x80      // DATA (incl. ATN acknowledge)
      |                    ~~~~~~~~~~~~~~~~~~~~~~~~~~~~~~~~~~~~~~~~~~~~~~~~~^~~~~~
Core/Src/porting/c64/frodo/CIA.cpp: In member function 'uint8 MOS6526_2::ReadRegister(uint16)':
Core/Src/porting/c64/frodo/CIA.cpp:229:46: warning: suggest parentheses around arithmetic in operand of '|' [-Wparentheses]
  229 |                         return (pra | ~ddra) & 0x3f
      |                                ~~~~~~~~~~~~~~^~~~~~
Core/Src/porting/c64/frodo/CIA.cpp: In member function 'void MOS6526_1::check_lp()':
Core/Src/porting/c64/frodo/CIA.cpp:263:34: warning: suggest parentheses around comparison in operand of '&' [-Wparentheses]
  263 |         if ((prb | ~ddrb) & 0x10 != prev_lp)
      |                             ~~~~~^~~~~~~~~~
Core/Src/porting/c64/frodo/CIA.cpp: In member function 'void MOS6526_2::WriteRegister(uint16, uint8)':
Core/Src/porting/c64/frodo/CIA.cpp:369:48: warning: suggest parentheses around arithmetic in operand of '|' [-Wparentheses]
  369 |                         IECLines = (byte << 2) & 0x80   // DATA
      |                                    ~~~~~~~~~~~~^~~~~~
Core/Src/porting/c64/frodo/CIA.cpp:371:47: warning: suggest parentheses around arithmetic in operand of '|' [-Wparentheses]
  371 |                                 | (byte << 1) & 0x10;           // ATN
      |                                   ~~~~~~~~~~~~^~~~~~
Core/Src/porting/c64/frodo/CIA.cpp: In member function 'void MOS6526::CountTOD()':
Core/Src/porting/c64/frodo/CIA.cpp:516:65: warning: suggest parentheses around arithmetic in operand of '^' [-Wparentheses]
  516 |                                                 tod_hr = tod_hr & 0x80 ^ 0x80;
      |                                                          ~~~~~~~^~~~~~
[ CXX c64 ] IEC.cpp
Core/Src/porting/c64/frodo/IEC.cpp:410:9: warning: ISO C++ forbids converting a string constant to 'char*' [-Wwrite-strings]
  410 |         "00, OK,00,00\r",
      |         ^~~~~~~~~~~~~~~~
Core/Src/porting/c64/frodo/IEC.cpp:411:9: warning: ISO C++ forbids converting a string constant to 'char*' [-Wwrite-strings]
  411 |         "25,WRITE ERROR,00,00\r",
      |         ^~~~~~~~~~~~~~~~~~~~~~~~
Core/Src/porting/c64/frodo/IEC.cpp:412:9: warning: ISO C++ forbids converting a string constant to 'char*' [-Wwrite-strings]
  412 |         "26,WRITE PROTECT ON,00,00\r",
      |         ^~~~~~~~~~~~~~~~~~~~~~~~~~~~~
Core/Src/porting/c64/frodo/IEC.cpp:413:9: warning: ISO C++ forbids converting a string constant to 'char*' [-Wwrite-strings]
  413 |         "30,SYNTAX ERROR,00,00\r",
      |         ^~~~~~~~~~~~~~~~~~~~~~~~~
Core/Src/porting/c64/frodo/IEC.cpp:414:9: warning: ISO C++ forbids converting a string constant to 'char*' [-Wwrite-strings]
  414 |         "33,SYNTAX ERROR,00,00\r",
      |         ^~~~~~~~~~~~~~~~~~~~~~~~~
Core/Src/porting/c64/frodo/IEC.cpp:415:9: warning: ISO C++ forbids converting a string constant to 'char*' [-Wwrite-strings]
  415 |         "60,WRITE FILE OPEN,00,00\r",
      |         ^~~~~~~~~~~~~~~~~~~~~~~~~~~~
Core/Src/porting/c64/frodo/IEC.cpp:416:9: warning: ISO C++ forbids converting a string constant to 'char*' [-Wwrite-strings]
  416 |         "61,FILE NOT OPEN,00,00\r",
      |         ^~~~~~~~~~~~~~~~~~~~~~~~~~
Core/Src/porting/c64/frodo/IEC.cpp:417:9: warning: ISO C++ forbids converting a string constant to 'char*' [-Wwrite-strings]
  417 |         "62,FILE NOT FOUND,00,00\r",
      |         ^~~~~~~~~~~~~~~~~~~~~~~~~~~
Core/Src/porting/c64/frodo/IEC.cpp:418:9: warning: ISO C++ forbids converting a string constant to 'char*' [-Wwrite-strings]
  418 |         "67,ILLEGAL TRACK OR SECTOR,00,00\r",
      |         ^~~~~~~~~~~~~~~~~~~~~~~~~~~~~~~~~~~~
Core/Src/porting/c64/frodo/IEC.cpp:419:9: warning: ISO C++ forbids converting a string constant to 'char*' [-Wwrite-strings]
  419 |         "70,NO CHANNEL,00,00\r",
      |         ^~~~~~~~~~~~~~~~~~~~~~~
Core/Src/porting/c64/frodo/IEC.cpp:420:9: warning: ISO C++ forbids converting a string constant to 'char*' [-Wwrite-strings]
  420 |         "73,CBM DOS V2.6 1541,00,00\r",
      |         ^~~~~~~~~~~~~~~~~~~~~~~~~~~~~~
Core/Src/porting/c64/frodo/IEC.cpp:421:9: warning: ISO C++ forbids converting a string constant to 'char*' [-Wwrite-strings]
  421 |         "74,DRIVE NOT READY,00,00\r"
      |         ^~~~~~~~~~~~~~~~~~~~~~~~~~~~
[ CXX c64 ] 1541d64.cpp
Core/Src/porting/c64/frodo/1541d64.cpp: In destructor 'virtual D64Drive::~D64Drive()':
Core/Src/porting/c64/frodo/1541d64.cpp:93:29: warning: ISO C++ forbids converting a string constant to 'char*' [-Wwrite-strings]
   93 |         open_close_d64_file("");
      |                             ^~
[ CXX c64 ] 1541job.cpp
In file included from Core/Src/porting/c64/frodo/1541job.cpp:29:
Core/Src/porting/c64/frodo/CPU1541.h: In member function 'void MOS6502_1541::NewATNState()':
Core/Src/porting/c64/frodo/CPU1541.h:255:69: warning: suggest parentheses around arithmetic in operand of '|' [-Wparentheses]
  255 |         IECLines = (byte << 6) & ((~byte ^ TheCIA2->IECLines) << 3) & 0x80      // DATA (incl. ATN acknowledge)
      |                    ~~~~~~~~~~~~~~~~~~~~~~~~~~~~~~~~~~~~~~~~~~~~~~~~~^~~~~~
[ CXX c64 ] 1541t64.cpp
Core/Src/porting/c64/frodo/1541t64.cpp: In destructor 'virtual T64Drive::~T64Drive()':
Core/Src/porting/c64/frodo/1541t64.cpp:76:29: warning: ISO C++ forbids converting a string constant to 'char*' [-Wwrite-strings]
   76 |         open_close_t64_file("");
      |                             ^~
Core/Src/porting/c64/frodo/1541t64.cpp: In member function 'uint8 T64Drive::conv_from_64(uint8, bool)':
Core/Src/porting/c64/frodo/1541t64.cpp:709:24: warning: suggest parentheses around '&&' within '||' [-Wparentheses]
  709 |         if ((c >= 'A') && (c <= 'Z') || (c >= 'a') && (c <= 'z'))
      |             ~~~~~~~~~~~^~~~~~~~~~~~~
Core/Src/porting/c64/frodo/1541t64.cpp: In member function 'bool T64Drive::parse_lynx_file()':
Core/Src/porting/c64/frodo/1541t64.cpp:192:15: warning: 'char* strcpy(char*, const char*)' writing 17 bytes into a region of size 16 overflows the destination [-Wstringop-overflow=]
  192 |         strcpy(dir_title, "LYNX ARCHIVE    ");
      |         ~~~~~~^~~~~~~~~~~~~~~~~~~~~~~~~~~~~~~
In file included from Core/Src/porting/c64/frodo/1541t64.cpp:26:
Core/Src/porting/c64/frodo/1541t64.h:50:14: note: destination object 'T64Drive::dir_title' of size 16
   50 |         char dir_title[16];             // Directory title
      |              ^~~~~~~~~
[ CXX c64 ] CPU1541.cpp
In file included from Core/Src/porting/c64/frodo/CPU1541.cpp:64:
Core/Src/porting/c64/frodo/CPU1541.h: In member function 'void MOS6502_1541::NewATNState()':
Core/Src/porting/c64/frodo/CPU1541.h:255:69: warning: suggest parentheses around arithmetic in operand of '|' [-Wparentheses]
  255 |         IECLines = (byte << 6) & ((~byte ^ TheCIA2->IECLines) << 3) & 0x80      // DATA (incl. ATN acknowledge)
      |                    ~~~~~~~~~~~~~~~~~~~~~~~~~~~~~~~~~~~~~~~~~~~~~~~~~^~~~~~
Core/Src/porting/c64/frodo/CPU1541.cpp: In member function 'uint8 MOS6502_1541::read_byte_io(uint16)':
Core/Src/porting/c64/frodo/CPU1541.cpp:121:50: warning: suggest parentheses around arithmetic in operand of '|' [-Wparentheses]
  121 |                                 return (via1_prb & 0x1a
      |                                         ~~~~~~~~~^~~~~~
Core/Src/porting/c64/frodo/CPU1541.cpp:123:81: warning: suggest parentheses around arithmetic in operand of '|' [-Wparentheses]
  123 |                                         | ((IECLines & TheCIA2->IECLines) >> 4) & 0x04  // CLK
      |                                           ~~~~~~~~~~~~~~~~~~~~~~~~~~~~~~~~~~~~~~^~~~~~
Core/Src/porting/c64/frodo/CPU1541.cpp:124:68: warning: suggest parentheses around arithmetic in operand of '|' [-Wparentheses]
  124 |                                         | (TheCIA2->IECLines << 3) & 0x80) ^ 0x85;              // ATN
      |                                           ~~~~~~~~~~~~~~~~~~~~~~~~~^~~~~~
Core/Src/porting/c64/frodo/CPU1541.cpp:164:57: warning: suggest parentheses around arithmetic in operand of '|' [-Wparentheses]
  164 |                                         return via2_prb & 0x7f | the_job->WPState();
      |                                                ~~~~~~~~~^~~~~~
Core/Src/porting/c64/frodo/CPU1541.cpp: In member function 'void MOS6502_1541::write_byte_io(uint16, uint8)':
Core/Src/porting/c64/frodo/CPU1541.cpp:244:93: warning: suggest parentheses around arithmetic in operand of '|' [-Wparentheses]
  244 |                                 IECLines = (byte << 6) & ((~byte ^ TheCIA2->IECLines) << 3) & 0x80
      |                                            ~~~~~~~~~~~~~~~~~~~~~~~~~~~~~~~~~~~~~~~~~~~~~~~~~^~~~~~
Core/Src/porting/c64/frodo/CPU1541.cpp:254:93: warning: suggest parentheses around arithmetic in operand of '|' [-Wparentheses]
  254 |                                 IECLines = (byte << 6) & ((~byte ^ TheCIA2->IECLines) << 3) & 0x80
      |                                            ~~~~~~~~~~~~~~~~~~~~~~~~~~~~~~~~~~~~~~~~~~~~~~~~~^~~~~~
Core/Src/porting/c64/frodo/CPU1541.cpp:262:53: warning: suggest parentheses around arithmetic in operand of '|' [-Wparentheses]
  262 |                                 via1_t1l = via1_t1l & 0xff00 | byte;
      |                                            ~~~~~~~~~^~~~~~~~
Core/Src/porting/c64/frodo/CPU1541.cpp:265:53: warning: suggest parentheses around arithmetic in operand of '|' [-Wparentheses]
  265 |                                 via1_t1l = via1_t1l & 0xff | (byte << 8);
      |                                            ~~~~~~~~~^~~~~~
Core/Src/porting/c64/frodo/CPU1541.cpp:270:53: warning: suggest parentheses around arithmetic in operand of '|' [-Wparentheses]
  270 |                                 via1_t1l = via1_t1l & 0xff | (byte << 8);
      |                                            ~~~~~~~~~^~~~~~
Core/Src/porting/c64/frodo/CPU1541.cpp:273:53: warning: suggest parentheses around arithmetic in operand of '|' [-Wparentheses]
  273 |                                 via1_t2l = via1_t2l & 0xff00 | byte;
      |                                            ~~~~~~~~~^~~~~~~~
Core/Src/porting/c64/frodo/CPU1541.cpp:276:53: warning: suggest parentheses around arithmetic in operand of '|' [-Wparentheses]
  276 |                                 via1_t2l = via1_t2l & 0xff | (byte << 8);
      |                                            ~~~~~~~~~^~~~~~
Core/Src/porting/c64/frodo/CPU1541.cpp:305:36: warning: suggest explicit braces to avoid ambiguous 'else' [-Wdangling-else]
  305 |                                 if ((via2_prb ^ byte) & 3)      // Bits 0/1: Stepper motor
      |                                    ^
Core/Src/porting/c64/frodo/CPU1541.cpp:324:53: warning: suggest parentheses around arithmetic in operand of '|' [-Wparentheses]
  324 |                                 via2_t1l = via2_t1l & 0xff00 | byte;
      |                                            ~~~~~~~~~^~~~~~~~
Core/Src/porting/c64/frodo/CPU1541.cpp:327:53: warning: suggest parentheses around arithmetic in operand of '|' [-Wparentheses]
  327 |                                 via2_t1l = via2_t1l & 0xff | (byte << 8);
      |                                            ~~~~~~~~~^~~~~~
Core/Src/porting/c64/frodo/CPU1541.cpp:332:53: warning: suggest parentheses around arithmetic in operand of '|' [-Wparentheses]
  332 |                                 via2_t1l = via2_t1l & 0xff | (byte << 8);
      |                                            ~~~~~~~~~^~~~~~
Core/Src/porting/c64/frodo/CPU1541.cpp:335:53: warning: suggest parentheses around arithmetic in operand of '|' [-Wparentheses]
  335 |                                 via2_t2l = via2_t2l & 0xff00 | byte;
      |                                            ~~~~~~~~~^~~~~~~~
Core/Src/porting/c64/frodo/CPU1541.cpp:338:53: warning: suggest parentheses around arithmetic in operand of '|' [-Wparentheses]
  338 |                                 via2_t2l = via2_t2l & 0xff | (byte << 8);
      |                                            ~~~~~~~~~^~~~~~
In file included from Core/Src/porting/c64/frodo/CPU1541.cpp:734:
Core/Src/porting/c64/frodo/CPU_emulline.i: In member function 'int MOS6502_1541::EmulateLine(int)':
Core/Src/porting/c64/frodo/CPU_emulline.i:389:29: warning: operation on 'adr' may be undefined [-Wsequence-point]
  389 |                         adr = read_adr_abs_x();
      |                             ^
Core/Src/porting/c64/frodo/CPU_emulline.i:409:29: warning: operation on 'adr' may be undefined [-Wsequence-point]
  409 |                         adr = read_adr_abs_x();
      |                             ^
Core/Src/porting/c64/frodo/CPU_emulline.i:529:36: warning: operation on 'adr' may be undefined [-Wsequence-point]
  529 |                         set_nz(adr = a - read_byte_abs());
      |                                    ^
Core/Src/porting/c64/frodo/CPU_emulline.i:100:39: note: in definition of macro 'set_nz'
  100 | #define set_nz(x) (z_flag = n_flag = (x))
      |                                       ^
Core/Src/porting/c64/frodo/CPU_emulline.i:534:36: warning: operation on 'adr' may be undefined [-Wsequence-point]
  534 |                         set_nz(adr = a - read_byte_abs_x());
      |                                    ^
Core/Src/porting/c64/frodo/CPU_emulline.i:100:39: note: in definition of macro 'set_nz'
  100 | #define set_nz(x) (z_flag = n_flag = (x))
      |                                       ^
Core/Src/porting/c64/frodo/CPU_emulline.i:539:36: warning: operation on 'adr' may be undefined [-Wsequence-point]
  539 |                         set_nz(adr = a - read_byte_abs_y());
      |                                    ^
Core/Src/porting/c64/frodo/CPU_emulline.i:100:39: note: in definition of macro 'set_nz'
  100 | #define set_nz(x) (z_flag = n_flag = (x))
      |                                       ^
Core/Src/porting/c64/frodo/CPU_emulline.i:564:36: warning: operation on 'adr' may be undefined [-Wsequence-point]
  564 |                         set_nz(adr = x - read_byte_abs());
      |                                    ^
Core/Src/porting/c64/frodo/CPU_emulline.i:100:39: note: in definition of macro 'set_nz'
  100 | #define set_nz(x) (z_flag = n_flag = (x))
      |                                       ^
Core/Src/porting/c64/frodo/CPU_emulline.i:579:36: warning: operation on 'adr' may be undefined [-Wsequence-point]
  579 |                         set_nz(adr = y - read_byte_abs());
      |                                    ^
Core/Src/porting/c64/frodo/CPU_emulline.i:100:39: note: in definition of macro 'set_nz'
  100 | #define set_nz(x) (z_flag = n_flag = (x))
      |                                       ^
Core/Src/porting/c64/frodo/CPU_emulline.i:623:45: warning: operation on 'adr' may be undefined [-Wsequence-point]
  623 |                         tmp = read_byte(adr = read_adr_abs_x());
      |                                             ^
Core/Src/porting/c64/frodo/CPU_emulline.i:652:45: warning: operation on 'adr' may be undefined [-Wsequence-point]
  652 |                         tmp = read_byte(adr = read_adr_abs_x());
      |                                             ^
Core/Src/porting/c64/frodo/CPU_emulline.i:685:45: warning: operation on 'adr' may be undefined [-Wsequence-point]
  685 |                         tmp = read_byte(adr = read_adr_abs_x());
      |                                             ^
Core/Src/porting/c64/frodo/CPU_emulline.i:719:45: warning: operation on 'adr' may be undefined [-Wsequence-point]
  719 |                         tmp = read_byte(adr = read_adr_abs_x());
      |                                             ^
Core/Src/porting/c64/frodo/CPU_emulline.i:753:68: warning: suggest parentheses around arithmetic in operand of '|' [-Wparentheses]
  753 |                         jump(read_byte(adr) | (read_byte((adr + 1) & 0xff | adr & 0xff00) << 8));
      |                                                          ~~~~~~~~~~^~~~~~
Core/Src/porting/c64/frodo/CPU_emulline.i:1022:45: warning: operation on 'adr' may be undefined [-Wsequence-point]
 1022 |                         tmp = read_byte(adr = read_adr_abs_x());
      |                                             ^
Core/Src/porting/c64/frodo/CPU_emulline.i:1028:45: warning: operation on 'adr' may be undefined [-Wsequence-point]
 1028 |                         tmp = read_byte(adr = read_adr_abs_y());
      |                                             ^
Core/Src/porting/c64/frodo/CPU_emulline.i:1072:45: warning: operation on 'adr' may be undefined [-Wsequence-point]
 1072 |                         tmp = read_byte(adr = read_adr_abs_x());
      |                                             ^
Core/Src/porting/c64/frodo/CPU_emulline.i:1078:45: warning: operation on 'adr' may be undefined [-Wsequence-point]
 1078 |                         tmp = read_byte(adr = read_adr_abs_y());
      |                                             ^
Core/Src/porting/c64/frodo/CPU_emulline.i:1121:45: warning: operation on 'adr' may be undefined [-Wsequence-point]
 1121 |                         tmp = read_byte(adr = read_adr_abs_x());
      |                                             ^
Core/Src/porting/c64/frodo/CPU_emulline.i:1127:45: warning: operation on 'adr' may be undefined [-Wsequence-point]
 1127 |                         tmp = read_byte(adr = read_adr_abs_y());
      |                                             ^
Core/Src/porting/c64/frodo/CPU_emulline.i:1171:45: warning: operation on 'adr' may be undefined [-Wsequence-point]
 1171 |                         tmp = read_byte(adr = read_adr_abs_x());
      |                                             ^
Core/Src/porting/c64/frodo/CPU_emulline.i:1177:45: warning: operation on 'adr' may be undefined [-Wsequence-point]
 1177 |                         tmp = read_byte(adr = read_adr_abs_y());
      |                                             ^
Core/Src/porting/c64/frodo/CPU_emulline.i:1219:45: warning: operation on 'adr' may be undefined [-Wsequence-point]
 1219 |                         tmp = read_byte(adr = read_adr_abs_x()) - 1;
      |                                             ^
Core/Src/porting/c64/frodo/CPU_emulline.i:1225:45: warning: operation on 'adr' may be undefined [-Wsequence-point]
 1225 |                         tmp = read_byte(adr = read_adr_abs_y()) - 1;
      |                                             ^
Core/Src/porting/c64/frodo/CPU_emulline.i:1263:45: warning: operation on 'adr' may be undefined [-Wsequence-point]
 1263 |                         tmp = read_byte(adr = read_adr_abs_x()) + 1;
      |                                             ^
Core/Src/porting/c64/frodo/CPU_emulline.i:1269:45: warning: operation on 'adr' may be undefined [-Wsequence-point]
 1269 |                         tmp = read_byte(adr = read_adr_abs_y()) + 1;
      |                                             ^
[ CXX c64 ] Prefs.cpp
[ CXX c64 ] REU.cpp
[ CXX c64 ] SAM.cpp
[ CXX c64 ] main_c64_dev.cpp
In file included from Core/Src/porting/c64/frodo/SAM.cpp:12:
Core/Src/porting/c64/frodo/CPU1541.h: In member function 'void MOS6502_1541::NewATNState()':
Core/Src/porting/c64/frodo/CPU1541.h:255:69: warning: suggest parentheses around arithmetic in operand of '|' [-Wparentheses]
  255 |         IECLines = (byte << 6) & ((~byte ^ TheCIA2->IECLines) << 3) & 0x80      // DATA (incl. ATN acknowledge)
      |                    ~~~~~~~~~~~~~~~~~~~~~~~~~~~~~~~~~~~~~~~~~~~~~~~~~^~~~~~
Core/Src/porting/c64/frodo/SAM.cpp: In function 'void SAM(C64*)':
Core/Src/porting/c64/frodo/SAM.cpp:432:39: warning: ISO C++ forbids converting a string constant to 'char*' [-Wwrite-strings]
  432 |                                 error("Unknown command");
      |                                       ^~~~~~~~~~~~~~~~~
Core/Src/porting/c64/frodo/SAM.cpp: In function 'Token get_token()':
Core/Src/porting/c64/frodo/SAM.cpp:595:39: warning: ISO C++ forbids converting a string constant to 'char*' [-Wwrite-strings]
  595 |                                 error("Unrecognized token");
      |                                       ^~~~~~~~~~~~~~~~~~~~
Core/Src/porting/c64/frodo/SAM.cpp:602:39: warning: ISO C++ forbids converting a string constant to 'char*' [-Wwrite-strings]
  602 |                                 error("Unrecognized token");
      |                                       ^~~~~~~~~~~~~~~~~~~~
Core/Src/porting/c64/frodo/SAM.cpp:614:31: warning: ISO C++ forbids converting a string constant to 'char*' [-Wwrite-strings]
  614 |                         error("Unrecognized token");
      |                               ^~~~~~~~~~~~~~~~~~~~
Core/Src/porting/c64/frodo/SAM.cpp: In function 'Token get_reg_token()':
Core/Src/porting/c64/frodo/SAM.cpp:635:39: warning: ISO C++ forbids converting a string constant to 'char*' [-Wwrite-strings]
  635 |                                 error("Unrecognized token");
      |                                       ^~~~~~~~~~~~~~~~~~~~
Core/Src/porting/c64/frodo/SAM.cpp:644:39: warning: ISO C++ forbids converting a string constant to 'char*' [-Wwrite-strings]
  644 |                                 error("Unrecognized token");
      |                                       ^~~~~~~~~~~~~~~~~~~~
Core/Src/porting/c64/frodo/SAM.cpp:651:39: warning: ISO C++ forbids converting a string constant to 'char*' [-Wwrite-strings]
  651 |                                 error("Unrecognized token");
      |                                       ^~~~~~~~~~~~~~~~~~~~
Core/Src/porting/c64/frodo/SAM.cpp:659:31: warning: ISO C++ forbids converting a string constant to 'char*' [-Wwrite-strings]
  659 |                         error("Unrecognized token");
      |                               ^~~~~~~~~~~~~~~~~~~~
Core/Src/porting/c64/frodo/SAM.cpp: In function 'uint16 get_number()':
Core/Src/porting/c64/frodo/SAM.cpp:669:42: warning: suggest parentheses around '&&' within '||' [-Wparentheses]
  669 |         while (((c = get_char()) >= '0') && (c <= '9') || (c >= 'a') && (c <= 'f'))
      |                ~~~~~~~~~~~~~~~~~~~~~~~~~~^~~~~~~~~~~~~
Core/Src/porting/c64/frodo/SAM.cpp: In function 'Token get_string(char*)':
Core/Src/porting/c64/frodo/SAM.cpp:691:15: warning: ISO C++ forbids converting a string constant to 'char*' [-Wwrite-strings]
  691 |         error("Unterminated string");
      |               ^~~~~~~~~~~~~~~~~~~~~
Core/Src/porting/c64/frodo/SAM.cpp: In function 'bool term(uint16*)':
Core/Src/porting/c64/frodo/SAM.cpp:757:47: warning: ISO C++ forbids converting a string constant to 'char*' [-Wwrite-strings]
  757 |                                         error("Division by 0");
      |                                               ^~~~~~~~~~~~~~~
Core/Src/porting/c64/frodo/SAM.cpp: In function 'bool factor(uint16*)':
Core/Src/porting/c64/frodo/SAM.cpp:800:47: warning: ISO C++ forbids converting a string constant to 'char*' [-Wwrite-strings]
  800 |                                         error("Missing ')'");
      |                                               ^~~~~~~~~~~~~
Core/Src/porting/c64/frodo/SAM.cpp:804:39: warning: ISO C++ forbids converting a string constant to 'char*' [-Wwrite-strings]
  804 |                                 error("Error in expression");
      |                                       ^~~~~~~~~~~~~~~~~~~~~
Core/Src/porting/c64/frodo/SAM.cpp:809:31: warning: ISO C++ forbids converting a string constant to 'char*' [-Wwrite-strings]
  809 |                         error("Required argument missing");
      |                               ^~~~~~~~~~~~~~~~~~~~~~~~~~~
Core/Src/porting/c64/frodo/SAM.cpp:813:31: warning: ISO C++ forbids converting a string constant to 'char*' [-Wwrite-strings]
  813 |                         error("'pc', 'sp', '(' or number expected");
      |                               ^~~~~~~~~~~~~~~~~~~~~~~~~~~~~~~~~~~~
Core/Src/porting/c64/frodo/SAM.cpp: In function 'bool instr_args(uint16*, char*)':
Core/Src/porting/c64/frodo/SAM.cpp:896:39: warning: ISO C++ forbids converting a string constant to 'char*' [-Wwrite-strings]
  896 |                                 error("Number expected");
      |                                       ^~~~~~~~~~~~~~~~~
Core/Src/porting/c64/frodo/SAM.cpp:933:63: warning: ISO C++ forbids converting a string constant to 'char*' [-Wwrite-strings]
  933 |                                                         error("Illegal index register");
      |                                                               ^~~~~~~~~~~~~~~~~~~~~~~~
Core/Src/porting/c64/frodo/SAM.cpp:963:79: warning: ISO C++ forbids converting a string constant to 'char*' [-Wwrite-strings]
  963 |                                                                         error("Only 'y' index register allowed");
      |                                                                               ^~~~~~~~~~~~~~~~~~~~~~~~~~~~~~~~~
Core/Src/porting/c64/frodo/SAM.cpp:968:71: warning: ISO C++ forbids converting a string constant to 'char*' [-Wwrite-strings]
  968 |                                                                 error("Illegal characters after ')'");
      |                                                                       ^~~~~~~~~~~~~~~~~~~~~~~~~~~~~~
Core/Src/porting/c64/frodo/SAM.cpp:981:71: warning: ISO C++ forbids converting a string constant to 'char*' [-Wwrite-strings]
  981 |                                                                 error("')' expected");
      |                                                                       ^~~~~~~~~~~~~~
Core/Src/porting/c64/frodo/SAM.cpp:985:63: warning: ISO C++ forbids converting a string constant to 'char*' [-Wwrite-strings]
  985 |                                                         error("Only 'x' index register allowed");
      |                                                               ^~~~~~~~~~~~~~~~~~~~~~~~~~~~~~~~~
Core/Src/porting/c64/frodo/SAM.cpp:990:55: warning: ISO C++ forbids converting a string constant to 'char*' [-Wwrite-strings]
  990 |                                                 error("')' or ',' expected");
      |                                                       ^~~~~~~~~~~~~~~~~~~~~
Core/Src/porting/c64/frodo/SAM.cpp:994:39: warning: ISO C++ forbids converting a string constant to 'char*' [-Wwrite-strings]
  994 |                                 error("Number expected");
      |                                       ^~~~~~~~~~~~~~~~~
Core/Src/porting/c64/frodo/SAM.cpp:999:31: warning: ISO C++ forbids converting a string constant to 'char*' [-Wwrite-strings]
  999 |                         error("'(', '#' or number expected");
      |                               ^~~~~~~~~~~~~~~~~~~~~~~~~~~~~
Core/Src/porting/c64/frodo/SAM.cpp: In function 'void display_registers()':
Core/Src/porting/c64/frodo/SAM.cpp:1119:36: warning: format '%lx' expects argument of type 'long unsigned int', but argument 3 has type 'int' [-Wformat=]
 1119 |                 fprintf(fout, "%04lx %02lx %02lx %02lx %04lx %c%c%c%c%c%c ",
      |                                ~~~~^
      |                                    |
      |                                    long unsigned int
      |                                %04x
 1120 |                         R1541.pc, R1541.a, R1541.x, R1541.y, R1541.sp,
      |                         ~~~~~~~~    
      |                               |
      |                               int
Core/Src/porting/c64/frodo/SAM.cpp:1119:42: warning: format '%lx' expects argument of type 'long unsigned int', but argument 4 has type 'int' [-Wformat=]
 1119 |                 fprintf(fout, "%04lx %02lx %02lx %02lx %04lx %c%c%c%c%c%c ",
      |                                      ~~~~^
      |                                          |
      |                                          long unsigned int
      |                                      %02x
 1120 |                         R1541.pc, R1541.a, R1541.x, R1541.y, R1541.sp,
      |                                   ~~~~~~~ 
      |                                         |
      |                                         int
Core/Src/porting/c64/frodo/SAM.cpp:1119:48: warning: format '%lx' expects argument of type 'long unsigned int', but argument 5 has type 'int' [-Wformat=]
 1119 |                 fprintf(fout, "%04lx %02lx %02lx %02lx %04lx %c%c%c%c%c%c ",
      |                                            ~~~~^
      |                                                |
      |                                                long unsigned int
      |                                            %02x
 1120 |                         R1541.pc, R1541.a, R1541.x, R1541.y, R1541.sp,
      |                                            ~~~~~~~
      |                                                  |
      |                                                  int
Core/Src/porting/c64/frodo/SAM.cpp:1119:54: warning: format '%lx' expects argument of type 'long unsigned int', but argument 6 has type 'int' [-Wformat=]
 1119 |                 fprintf(fout, "%04lx %02lx %02lx %02lx %04lx %c%c%c%c%c%c ",
      |                                                  ~~~~^
      |                                                      |
      |                                                      long unsigned int
      |                                                  %02x
 1120 |                         R1541.pc, R1541.a, R1541.x, R1541.y, R1541.sp,
      |                                                     ~~~~~~~
      |                                                           |
      |                                                           int
Core/Src/porting/c64/frodo/SAM.cpp:1119:60: warning: format '%lx' expects argument of type 'long unsigned int', but argument 7 has type 'int' [-Wformat=]
 1119 |                 fprintf(fout, "%04lx %02lx %02lx %02lx %04lx %c%c%c%c%c%c ",
      |                                                        ~~~~^
      |                                                            |
      |                                                            long unsigned int
      |                                                        %04x
 1120 |                         R1541.pc, R1541.a, R1541.x, R1541.y, R1541.sp,
      |                                                              ~~~~~~~~
      |                                                                    |
      |                                                                    int
Core/Src/porting/c64/frodo/SAM.cpp:1126:36: warning: format '%lx' expects argument of type 'long unsigned int', but argument 3 has type 'int' [-Wformat=]
 1126 |                 fprintf(fout, "%04lx %02lx %02lx %02lx %04lx %02lx %02lx %c%c%c%c%c%c ",
      |                                ~~~~^
      |                                    |
      |                                    long unsigned int
      |                                %04x
 1127 |                         R64.pc, R64.a, R64.x, R64.y, R64.sp, R64.ddr, R64.pr,
      |                         ~~~~~~      
      |                             |
      |                             int
Core/Src/porting/c64/frodo/SAM.cpp:1126:42: warning: format '%lx' expects argument of type 'long unsigned int', but argument 4 has type 'int' [-Wformat=]
 1126 |                 fprintf(fout, "%04lx %02lx %02lx %02lx %04lx %02lx %02lx %c%c%c%c%c%c ",
      |                                      ~~~~^
      |                                          |
      |                                          long unsigned int
      |                                      %02x
 1127 |                         R64.pc, R64.a, R64.x, R64.y, R64.sp, R64.ddr, R64.pr,
      |                                 ~~~~~     
      |                                     |
      |                                     int
Core/Src/porting/c64/frodo/SAM.cpp:1126:48: warning: format '%lx' expects argument of type 'long unsigned int', but argument 5 has type 'int' [-Wformat=]
 1126 |                 fprintf(fout, "%04lx %02lx %02lx %02lx %04lx %02lx %02lx %c%c%c%c%c%c ",
      |                                            ~~~~^
      |                                                |
      |                                                long unsigned int
      |                                            %02x
 1127 |                         R64.pc, R64.a, R64.x, R64.y, R64.sp, R64.ddr, R64.pr,
      |                                        ~~~~~    
      |                                            |
      |                                            int
Core/Src/porting/c64/frodo/SAM.cpp:1126:54: warning: format '%lx' expects argument of type 'long unsigned int', but argument 6 has type 'int' [-Wformat=]
 1126 |                 fprintf(fout, "%04lx %02lx %02lx %02lx %04lx %02lx %02lx %c%c%c%c%c%c ",
      |                                                  ~~~~^
      |                                                      |
      |                                                      long unsigned int
      |                                                  %02x
 1127 |                         R64.pc, R64.a, R64.x, R64.y, R64.sp, R64.ddr, R64.pr,
      |                                               ~~~~~   
      |                                                   |
      |                                                   int
Core/Src/porting/c64/frodo/SAM.cpp:1126:60: warning: format '%lx' expects argument of type 'long unsigned int', but argument 7 has type 'int' [-Wformat=]
 1126 |                 fprintf(fout, "%04lx %02lx %02lx %02lx %04lx %02lx %02lx %c%c%c%c%c%c ",
      |                                                        ~~~~^
      |                                                            |
      |                                                            long unsigned int
      |                                                        %04x
 1127 |                         R64.pc, R64.a, R64.x, R64.y, R64.sp, R64.ddr, R64.pr,
      |                                                      ~~~~~~ 
      |                                                          |
      |                                                          int
Core/Src/porting/c64/frodo/SAM.cpp:1126:66: warning: format '%lx' expects argument of type 'long unsigned int', but argument 8 has type 'int' [-Wformat=]
 1126 |                 fprintf(fout, "%04lx %02lx %02lx %02lx %04lx %02lx %02lx %c%c%c%c%c%c ",
      |                                                              ~~~~^
      |                                                                  |
      |                                                                  long unsigned int
      |                                                              %02x
 1127 |                         R64.pc, R64.a, R64.x, R64.y, R64.sp, R64.ddr, R64.pr,
      |                                                              ~~~~~~~
      |                                                                  |
      |                                                                  int
Core/Src/porting/c64/frodo/SAM.cpp:1126:72: warning: format '%lx' expects argument of type 'long unsigned int', but argument 9 has type 'int' [-Wformat=]
 1126 |                 fprintf(fout, "%04lx %02lx %02lx %02lx %04lx %02lx %02lx %c%c%c%c%c%c ",
      |                                                                    ~~~~^
      |                                                                        |
      |                                                                        long unsigned int
      |                                                                    %02x
 1127 |                         R64.pc, R64.a, R64.x, R64.y, R64.sp, R64.ddr, R64.pr,
      |                                                                       ~~~~~~
      |                                                                           |
      |                                                                           int
Core/Src/porting/c64/frodo/SAM.cpp: In function 'void memory_dump()':
Core/Src/porting/c64/frodo/SAM.cpp:1155:36: warning: format '%lx' expects argument of type 'long unsigned int', but argument 3 has type 'int' [-Wformat=]
 1155 |                 fprintf(fout, "%04lx:", address);
      |                                ~~~~^    ~~~~~~~
      |                                    |    |
      |                                    |    int
      |                                    long unsigned int
      |                                %04x
Core/Src/porting/c64/frodo/SAM.cpp:1159:45: warning: format '%lx' expects argument of type 'long unsigned int', but argument 3 has type 'int' [-Wformat=]
 1159 |                         fprintf(fout, " %02lx", byte = SAMReadByte(address));
      |                                         ~~~~^   ~~~~~~~~~~~~~~~~~~~~~~~~~~~
      |                                             |        |
      |                                             |        int
      |                                             long unsigned int
      |                                         %02x
Core/Src/porting/c64/frodo/SAM.cpp: In function 'void ascii_dump()':
Core/Src/porting/c64/frodo/SAM.cpp:1190:36: warning: format '%lx' expects argument of type 'long unsigned int', but argument 3 has type 'int' [-Wformat=]
 1190 |                 fprintf(fout, "%04lx:", address);
      |                                ~~~~^    ~~~~~~~
      |                                    |    |
      |                                    |    int
      |                                    long unsigned int
      |                                %04x
Core/Src/porting/c64/frodo/SAM.cpp: In function 'char conv_from_64(char)':
Core/Src/porting/c64/frodo/SAM.cpp:1211:24: warning: suggest parentheses around '&&' within '||' [-Wparentheses]
 1211 |         if ((c >= 'A') && (c <= 'Z') || (c >= 'a') && (c <= 'z'))
      |             ~~~~~~~~~~~^~~~~~~~~~~~~
Core/Src/porting/c64/frodo/SAM.cpp: In function 'void screen_dump()':
Core/Src/porting/c64/frodo/SAM.cpp:1238:36: warning: format '%lx' expects argument of type 'long unsigned int', but argument 3 has type 'int' [-Wformat=]
 1238 |                 fprintf(fout, "%04lx:", address);
      |                                ~~~~^    ~~~~~~~
      |                                    |    |
      |                                    |    int
      |                                    long unsigned int
      |                                %04x
Core/Src/porting/c64/frodo/SAM.cpp: In function 'void binary_dump()':
Core/Src/porting/c64/frodo/SAM.cpp:1290:36: warning: format '%lx' expects argument of type 'long unsigned int', but argument 3 has type 'int' [-Wformat=]
 1290 |                 fprintf(fout, "%04lx: %s\n", address++, bin);
      |                                ~~~~^         ~~~~~~~~~
      |                                    |                |
      |                                    |                int
      |                                    long unsigned int
      |                                %04x
Core/Src/porting/c64/frodo/SAM.cpp: In function 'void sprite_dump()':
Core/Src/porting/c64/frodo/SAM.cpp:1312:36: warning: format '%lx' expects argument of type 'long unsigned int', but argument 3 has type 'int' [-Wformat=]
 1312 |                 fprintf(fout, "%04lx: ", address);
      |                                ~~~~^     ~~~~~~~
      |                                    |     |
      |                                    |     int
      |                                    long unsigned int
      |                                %04x
Core/Src/porting/c64/frodo/SAM.cpp: In function 'void disassemble()':
Core/Src/porting/c64/frodo/SAM.cpp:1356:36: warning: format '%lx' expects argument of type 'long unsigned int', but argument 3 has type 'int' [-Wformat=]
 1356 |                 fprintf(fout, "%04lx:", adr = address);
      |                                ~~~~^    ~~~~~~~~~~~~~
      |                                    |        |
      |                                    |        int
      |                                    long unsigned int
      |                                %04x
Core/Src/porting/c64/frodo/SAM.cpp: In function 'int disass_line(uint16, uint8, uint8, uint8)':
Core/Src/porting/c64/frodo/SAM.cpp:1375:28: warning: array subscript has type 'char' [-Wchar-subscripts]
 1375 |         switch (adr_length[mode]) {
      |                            ^~~~
Core/Src/porting/c64/frodo/SAM.cpp:1377:45: warning: format '%lx' expects argument of type 'long unsigned int', but argument 3 has type 'int' [-Wformat=]
 1377 |                         fprintf(fout, " %02lx       ", op);
      |                                         ~~~~^          ~~
      |                                             |          |
      |                                             |          int
      |                                             long unsigned int
      |                                         %02x
Core/Src/porting/c64/frodo/SAM.cpp:1381:45: warning: format '%lx' expects argument of type 'long unsigned int', but argument 3 has type 'int' [-Wformat=]
 1381 |                         fprintf(fout, " %02lx %02lx    ", op, lo);
      |                                         ~~~~^             ~~
      |                                             |             |
      |                                             |             int
      |                                             long unsigned int
      |                                         %02x
Core/Src/porting/c64/frodo/SAM.cpp:1381:51: warning: format '%lx' expects argument of type 'long unsigned int', but argument 4 has type 'int' [-Wformat=]
 1381 |                         fprintf(fout, " %02lx %02lx    ", op, lo);
      |                                               ~~~~^           ~~
      |                                                   |           |
      |                                                   |           int
      |                                                   long unsigned int
      |                                               %02x
Core/Src/porting/c64/frodo/SAM.cpp:1385:45: warning: format '%lx' expects argument of type 'long unsigned int', but argument 3 has type 'int' [-Wformat=]
 1385 |                         fprintf(fout, " %02lx %02lx %02lx ", op, lo, hi);
      |                                         ~~~~^                ~~
      |                                             |                |
      |                                             |                int
      |                                             long unsigned int
      |                                         %02x
Core/Src/porting/c64/frodo/SAM.cpp:1385:51: warning: format '%lx' expects argument of type 'long unsigned int', but argument 4 has type 'int' [-Wformat=]
 1385 |                         fprintf(fout, " %02lx %02lx %02lx ", op, lo, hi);
      |                                               ~~~~^              ~~
      |                                                   |              |
      |                                                   |              int
      |                                                   long unsigned int
      |                                               %02x
Core/Src/porting/c64/frodo/SAM.cpp:1385:57: warning: format '%lx' expects argument of type 'long unsigned int', but argument 5 has type 'int' [-Wformat=]
 1385 |                         fprintf(fout, " %02lx %02lx %02lx ", op, lo, hi);
      |                                                     ~~~~^            ~~
      |                                                         |            |
      |                                                         |            int
      |                                                         long unsigned int
      |                                                     %02x
Core/Src/porting/c64/frodo/SAM.cpp:1396:41: warning: array subscript has type 'char' [-Wchar-subscripts]
 1396 |         fprintf(fout, "%c%c%c ", mnem_1[mnem], mnem_2[mnem], mnem_3[mnem]);
      |                                         ^~~~
Core/Src/porting/c64/frodo/SAM.cpp:1396:55: warning: array subscript has type 'char' [-Wchar-subscripts]
 1396 |         fprintf(fout, "%c%c%c ", mnem_1[mnem], mnem_2[mnem], mnem_3[mnem]);
      |                                                       ^~~~
Core/Src/porting/c64/frodo/SAM.cpp:1396:69: warning: array subscript has type 'char' [-Wchar-subscripts]
 1396 |         fprintf(fout, "%c%c%c ", mnem_1[mnem], mnem_2[mnem], mnem_3[mnem]);
      |                                                                     ^~~~
Core/Src/porting/c64/frodo/SAM.cpp:1408:45: warning: format '%lx' expects argument of type 'long unsigned int', but argument 3 has type 'int' [-Wformat=]
 1408 |                         fprintf(fout, "#%02lx", lo);
      |                                         ~~~~^   ~~
      |                                             |   |
      |                                             |   int
      |                                             long unsigned int
      |                                         %02x
Core/Src/porting/c64/frodo/SAM.cpp:1412:44: warning: format '%lx' expects argument of type 'long unsigned int', but argument 3 has type 'int' [-Wformat=]
 1412 |                         fprintf(fout, "%04lx", ((adr + 2) + (int8)lo) & 0xffff);
      |                                        ~~~~^   ~~~~~~~~~~~~~~~~~~~~~~~~~~~~~~~
      |                                            |                          |
      |                                            long unsigned int          int
      |                                        %04x
Core/Src/porting/c64/frodo/SAM.cpp:1416:44: warning: format '%lx' expects argument of type 'long unsigned int', but argument 3 has type 'int' [-Wformat=]
 1416 |                         fprintf(fout, "%02lx", lo);
      |                                        ~~~~^   ~~
      |                                            |   |
      |                                            |   int
      |                                            long unsigned int
      |                                        %02x
Core/Src/porting/c64/frodo/SAM.cpp:1420:44: warning: format '%lx' expects argument of type 'long unsigned int', but argument 3 has type 'int' [-Wformat=]
 1420 |                         fprintf(fout, "%02lx,x", lo);
      |                                        ~~~~^     ~~
      |                                            |     |
      |                                            |     int
      |                                            long unsigned int
      |                                        %02x
Core/Src/porting/c64/frodo/SAM.cpp:1424:44: warning: format '%lx' expects argument of type 'long unsigned int', but argument 3 has type 'int' [-Wformat=]
 1424 |                         fprintf(fout, "%02lx,y", lo);
      |                                        ~~~~^     ~~
      |                                            |     |
      |                                            |     int
      |                                            long unsigned int
      |                                        %02x
Core/Src/porting/c64/frodo/SAM.cpp:1428:44: warning: format '%lx' expects argument of type 'long unsigned int', but argument 3 has type 'int' [-Wformat=]
 1428 |                         fprintf(fout, "%04lx", (hi << 8) | lo);
      |                                        ~~~~^   ~~~~~~~~~~~~~~
      |                                            |             |
      |                                            |             int
      |                                            long unsigned int
      |                                        %04x
Core/Src/porting/c64/frodo/SAM.cpp:1432:44: warning: format '%lx' expects argument of type 'long unsigned int', but argument 3 has type 'int' [-Wformat=]
 1432 |                         fprintf(fout, "%04lx,x", (hi << 8) | lo);
      |                                        ~~~~^     ~~~~~~~~~~~~~~
      |                                            |               |
      |                                            |               int
      |                                            long unsigned int
      |                                        %04x
Core/Src/porting/c64/frodo/SAM.cpp:1436:44: warning: format '%lx' expects argument of type 'long unsigned int', but argument 3 has type 'int' [-Wformat=]
 1436 |                         fprintf(fout, "%04lx,y", (hi << 8) | lo);
      |                                        ~~~~^     ~~~~~~~~~~~~~~
      |                                            |               |
      |                                            |               int
      |                                            long unsigned int
      |                                        %04x
Core/Src/porting/c64/frodo/SAM.cpp:1440:45: warning: format '%lx' expects argument of type 'long unsigned int', but argument 3 has type 'int' [-Wformat=]
 1440 |                         fprintf(fout, "(%04lx)", (hi << 8) | lo);
      |                                         ~~~~^    ~~~~~~~~~~~~~~
      |                                             |              |
      |                                             |              int
      |                                             long unsigned int
      |                                         %04x
Core/Src/porting/c64/frodo/SAM.cpp:1444:45: warning: format '%lx' expects argument of type 'long unsigned int', but argument 3 has type 'int' [-Wformat=]
 1444 |                         fprintf(fout, "(%02lx,x)", lo);
      |                                         ~~~~^      ~~
      |                                             |      |
      |                                             |      int
      |                                             long unsigned int
      |                                         %02x
Core/Src/porting/c64/frodo/SAM.cpp:1448:45: warning: format '%lx' expects argument of type 'long unsigned int', but argument 3 has type 'int' [-Wformat=]
 1448 |                         fprintf(fout, "(%02lx),y", lo);
      |                                         ~~~~^      ~~
      |                                             |      |
      |                                             |      int
      |                                             long unsigned int
      |                                         %02x
Core/Src/porting/c64/frodo/SAM.cpp:1453:27: warning: array subscript has type 'char' [-Wchar-subscripts]
 1453 |         return adr_length[mode];
      |                           ^~~~
Core/Src/porting/c64/frodo/SAM.cpp: In function 'void assemble()':
Core/Src/porting/c64/frodo/SAM.cpp:1476:36: warning: format '%lx' expects argument of type 'long unsigned int', but argument 3 has type 'int' [-Wformat=]
 1476 |                 fprintf(fout, "%04lx> ", address);
      |                                ~~~~^     ~~~~~~~
      |                                    |     |
      |                                    |     int
      |                                    long unsigned int
      |                                %04x
Core/Src/porting/c64/frodo/SAM.cpp:1498:59: warning: suggest parentheses around '-' in operand of '&' [-Wparentheses]
 1498 |                                                 rel = arg - (address + 2) & 0xffff;
      |                                                       ~~~~^~~~~~~~~~~~~~~
Core/Src/porting/c64/frodo/SAM.cpp:1500:63: warning: ISO C++ forbids converting a string constant to 'char*' [-Wwrite-strings]
 1500 |                                                         error("Branch too long");
      |                                                               ^~~~~~~~~~~~~~~~~
Core/Src/porting/c64/frodo/SAM.cpp:1509:70: warning: format '%lx' expects argument of type 'long unsigned int', but argument 3 has type 'int' [-Wformat=]
 1509 |                                                 fprintf(fout, "\v%04lx:", address);
      |                                                                  ~~~~^    ~~~~~~~
      |                                                                      |    |
      |                                                                      |    int
      |                                                                      long unsigned int
      |                                                                  %04x
Core/Src/porting/c64/frodo/SAM.cpp:1512:68: warning: array subscript has type 'char' [-Wchar-subscripts]
 1512 |                                                 switch (adr_length[mode]) {
      |                                                                    ^~~~
Core/Src/porting/c64/frodo/SAM.cpp:1529:71: warning: ISO C++ forbids converting a string constant to 'char*' [-Wwrite-strings]
 1529 |                                                                 error("Internal error");
      |                                                                       ^~~~~~~~~~~~~~~~
Core/Src/porting/c64/frodo/SAM.cpp:1534:55: warning: ISO C++ forbids converting a string constant to 'char*' [-Wwrite-strings]
 1534 |                                                 error("Addressing mode not supported by instruction");
      |                                                       ^~~~~~~~~~~~~~~~~~~~~~~~~~~~~~~~~~~~~~~~~~~~~~
Core/Src/porting/c64/frodo/SAM.cpp:1537:47: warning: ISO C++ forbids converting a string constant to 'char*' [-Wwrite-strings]
 1537 |                                         error("Unrecognized addressing mode");
      |                                               ^~~~~~~~~~~~~~~~~~~~~~~~~~~~~~
Core/Src/porting/c64/frodo/SAM.cpp:1540:39: warning: ISO C++ forbids converting a string constant to 'char*' [-Wwrite-strings]
 1540 |                                 error("Unknown instruction");
      |                                       ^~~~~~~~~~~~~~~~~~~~~
Core/Src/porting/c64/frodo/SAM.cpp: In function 'void mem_config()':
Core/Src/porting/c64/frodo/SAM.cpp:1601:41: warning: format '%ld' expects argument of type 'long int', but argument 3 has type 'int' [-Wformat=]
 1601 |         fprintf(fout, "Configuration: %ld\n", con & 7);
      |                                       ~~^     ~~~~~~~
      |                                         |         |
      |                                         long int  int
      |                                       %d
Core/Src/porting/c64/frodo/SAM.cpp: In function 'void compare()':
Core/Src/porting/c64/frodo/SAM.cpp:1655:44: warning: format '%lx' expects argument of type 'long unsigned int', but argument 3 has type 'int' [-Wformat=]
 1655 |                         fprintf(fout, "%04lx ", adr);
      |                                        ~~~~^    ~~~
      |                                            |    |
      |                                            |    int
      |                                            long unsigned int
      |                                        %04x
Core/Src/porting/c64/frodo/SAM.cpp:1665:26: warning: format '%ld' expects argument of type 'long int', but argument 3 has type 'int' [-Wformat=]
 1665 |         fprintf(fout, "%ld byte(s) different\n", num);
      |                        ~~^                       ~~~
      |                          |                       |
      |                          long int                int
      |                        %d
Core/Src/porting/c64/frodo/SAM.cpp: In function 'void print_expr()':
Core/Src/porting/c64/frodo/SAM.cpp:1733:33: warning: format '%lx' expects argument of type 'long unsigned int', but argument 3 has type 'int' [-Wformat=]
 1733 |         fprintf(fout, "Hex: %04lx\nDec: %lu\n", val, val);
      |                             ~~~~^               ~~~
      |                                 |               |
      |                                 |               int
      |                                 long unsigned int
      |                             %04x
Core/Src/porting/c64/frodo/SAM.cpp:1733:43: warning: format '%lu' expects argument of type 'long unsigned int', but argument 4 has type 'int' [-Wformat=]
 1733 |         fprintf(fout, "Hex: %04lx\nDec: %lu\n", val, val);
      |                                         ~~^          ~~~
      |                                           |          |
      |                                           |          int
      |                                           long unsigned int
      |                                         %u
Core/Src/porting/c64/frodo/SAM.cpp: In function 'void redir_output()':
Core/Src/porting/c64/frodo/SAM.cpp:1758:31: warning: ISO C++ forbids converting a string constant to 'char*' [-Wwrite-strings]
 1758 |                         error("Unable to open file");
      |                               ^~~~~~~~~~~~~~~~~~~~~
Core/Src/porting/c64/frodo/SAM.cpp:1760:23: warning: ISO C++ forbids converting a string constant to 'char*' [-Wwrite-strings]
 1760 |                 error("'\"' around file name expected");
      |                       ^~~~~~~~~~~~~~~~~~~~~~~~~~~~~~~~
Core/Src/porting/c64/frodo/SAM.cpp: In function 'void int_vectors()':
Core/Src/porting/c64/frodo/SAM.cpp:1771:34: warning: format '%lx' expects argument of type 'long unsigned int', but argument 4 has type 'int' [-Wformat=]
 1771 |         fprintf(fout, "%d  : %04lx %04lx %04lx\n",
      |                              ~~~~^
      |                                  |
      |                                  long unsigned int
      |                              %04x
 1772 |                 access_1541 ? 6502 : 6510,
 1773 |                 SAMReadByte(0xffff) << 8 | SAMReadByte(0xfffe),
      |                 ~~~~~~~~~~~~~~~~~~~~~~~~~~~~~~~~~~~~~~~~~~~~~~
      |                                          |
      |                                          int
Core/Src/porting/c64/frodo/SAM.cpp:1771:40: warning: format '%lx' expects argument of type 'long unsigned int', but argument 5 has type 'int' [-Wformat=]
 1771 |         fprintf(fout, "%d  : %04lx %04lx %04lx\n",
      |                                    ~~~~^
      |                                        |
      |                                        long unsigned int
      |                                    %04x
......
 1774 |                 SAMReadByte(0xffff) << 8 | SAMReadByte(0xfffe),
      |                 ~~~~~~~~~~~~~~~~~~~~~~~~~~~~~~~~~~~~~~~~~~~~~~
      |                                          |
      |                                          int
Core/Src/porting/c64/frodo/SAM.cpp:1771:46: warning: format '%lx' expects argument of type 'long unsigned int', but argument 6 has type 'int' [-Wformat=]
 1771 |         fprintf(fout, "%d  : %04lx %04lx %04lx\n",
      |                                          ~~~~^
      |                                              |
      |                                              long unsigned int
      |                                          %04x
......
 1775 |                 SAMReadByte(0xfffb) << 8 | SAMReadByte(0xfffa));
      |                 ~~~~~~~~~~~~~~~~~~~~~~~~~~~~~~~~~~~~~~~~~~~~~~
      |                                          |
      |                                          int
Core/Src/porting/c64/frodo/SAM.cpp:1778:44: warning: format '%lx' expects argument of type 'long unsigned int', but argument 3 has type 'int' [-Wformat=]
 1778 |                 fprintf(fout, "Kernal: %04lx %04lx %04lx\n",
      |                                        ~~~~^
      |                                            |
      |                                            long unsigned int
      |                                        %04x
 1779 |                         SAMReadByte(0x0315) << 8 | SAMReadByte(0x0314),
      |                         ~~~~~~~~~~~~~~~~~~~~~~~~~~~~~~~~~~~~~~~~~~~~~~
      |                                                  |
      |                                                  int
Core/Src/porting/c64/frodo/SAM.cpp:1778:50: warning: format '%lx' expects argument of type 'long unsigned int', but argument 4 has type 'int' [-Wformat=]
 1778 |                 fprintf(fout, "Kernal: %04lx %04lx %04lx\n",
      |                                              ~~~~^
      |                                                  |
      |                                                  long unsigned int
      |                                              %04x
 1779 |                         SAMReadByte(0x0315) << 8 | SAMReadByte(0x0314),
 1780 |                         SAMReadByte(0x0317) << 8 | SAMReadByte(0x0316),
      |                         ~~~~~~~~~~~~~~~~~~~~~~~~~~~~~~~~~~~~~~~~~~~~~~
      |                                                  |
      |                                                  int
Core/Src/porting/c64/frodo/SAM.cpp:1778:56: warning: format '%lx' expects argument of type 'long unsigned int', but argument 5 has type 'int' [-Wformat=]
 1778 |                 fprintf(fout, "Kernal: %04lx %04lx %04lx\n",
      |                                                    ~~~~^
      |                                                        |
      |                                                        long unsigned int
      |                                                    %04x
......
 1781 |                         SAMReadByte(0x0319) << 8 | SAMReadByte(0x0318));
      |                         ~~~~~~~~~~~~~~~~~~~~~~~~~~~~~~~~~~~~~~~~~~~~~~
      |                                                  |
      |                                                  int
Core/Src/porting/c64/frodo/SAM.cpp: In function 'void view_state()':
Core/Src/porting/c64/frodo/SAM.cpp:1809:31: warning: ISO C++ forbids converting a string constant to 'char*' [-Wwrite-strings]
 1809 |                         error("Unknown command");
      |                               ^~~~~~~~~~~~~~~~~
Core/Src/porting/c64/frodo/SAM.cpp: In function 'void view_cia_state()':
Core/Src/porting/c64/frodo/SAM.cpp:1826:31: warning: ISO C++ forbids converting a string constant to 'char*' [-Wwrite-strings]
 1826 |                         error("Unknown command");
      |                               ^~~~~~~~~~~~~~~~~
Core/Src/porting/c64/frodo/SAM.cpp:1831:39: warning: format '%lx' expects argument of type 'long unsigned int', but argument 3 has type 'int' [-Wformat=]
 1831 |         fprintf(fout, " Counter : %04lx  Latch: %04lx\n", (cs.ta_hi << 8) | cs.ta_lo, cs.latcha);
      |                                   ~~~~^                   ~~~~~~~~~~~~~~~~~~~~~~~~~~
      |                                       |                                   |
      |                                       long unsigned int                   int
      |                                   %04x
Core/Src/porting/c64/frodo/SAM.cpp:1831:53: warning: format '%lx' expects argument of type 'long unsigned int', but argument 4 has type 'int' [-Wformat=]
 1831 |         fprintf(fout, " Counter : %04lx  Latch: %04lx\n", (cs.ta_hi << 8) | cs.ta_lo, cs.latcha);
      |                                                 ~~~~^                                 ~~~~~~~~~
      |                                                     |                                    |
      |                                                     long unsigned int                    int
      |                                                 %04x
Core/Src/porting/c64/frodo/SAM.cpp:1844:39: warning: format '%lx' expects argument of type 'long unsigned int', but argument 3 has type 'int' [-Wformat=]
 1844 |         fprintf(fout, " Counter : %04lx  Latch: %04lx\n", (cs.tb_hi << 8) | cs.tb_lo, cs.latchb);
      |                                   ~~~~^                   ~~~~~~~~~~~~~~~~~~~~~~~~~~
      |                                       |                                   |
      |                                       long unsigned int                   int
      |                                   %04x
Core/Src/porting/c64/frodo/SAM.cpp:1844:53: warning: format '%lx' expects argument of type 'long unsigned int', but argument 4 has type 'int' [-Wformat=]
 1844 |         fprintf(fout, " Counter : %04lx  Latch: %04lx\n", (cs.tb_hi << 8) | cs.tb_lo, cs.latchb);
      |                                                 ~~~~^                                 ~~~~~~~~~
      |                                                     |                                    |
      |                                                     long unsigned int                    int
      |                                                 %04x
Core/Src/porting/c64/frodo/SAM.cpp:1866:40: warning: format '%lx' expects argument of type 'long unsigned int', but argument 3 has type 'int' [-Wformat=]
 1866 |         fprintf(fout, "TOD         : %lx%lx:%lx%lx:%lx%lx.%lx %s\n",
      |                                      ~~^
      |                                        |
      |                                        long unsigned int
      |                                      %x
 1867 |                 (cs.tod_hr >> 4) & 1, cs.tod_hr & 0x0f,
      |                 ~~~~~~~~~~~~~~~~~~~~    
      |                                  |
      |                                  int
Core/Src/porting/c64/frodo/SAM.cpp:1866:43: warning: format '%lx' expects argument of type 'long unsigned int', but argument 4 has type 'int' [-Wformat=]
 1866 |         fprintf(fout, "TOD         : %lx%lx:%lx%lx:%lx%lx.%lx %s\n",
      |                                         ~~^
      |                                           |
      |                                           long unsigned int
      |                                         %x
 1867 |                 (cs.tod_hr >> 4) & 1, cs.tod_hr & 0x0f,
      |                                       ~~~~~~~~~~~~~~~~
      |                                                 |
      |                                                 int
Core/Src/porting/c64/frodo/SAM.cpp:1866:47: warning: format '%lx' expects argument of type 'long unsigned int', but argument 5 has type 'int' [-Wformat=]
 1866 |         fprintf(fout, "TOD         : %lx%lx:%lx%lx:%lx%lx.%lx %s\n",
      |                                             ~~^
      |                                               |
      |                                               long unsigned int
      |                                             %x
 1867 |                 (cs.tod_hr >> 4) & 1, cs.tod_hr & 0x0f,
 1868 |                 (cs.tod_min >> 4) & 7, cs.tod_min & 0x0f,
      |                 ~~~~~~~~~~~~~~~~~~~~~          
      |                                   |
      |                                   int
Core/Src/porting/c64/frodo/SAM.cpp:1866:50: warning: format '%lx' expects argument of type 'long unsigned int', but argument 6 has type 'int' [-Wformat=]
 1866 |         fprintf(fout, "TOD         : %lx%lx:%lx%lx:%lx%lx.%lx %s\n",
      |                                                ~~^
      |                                                  |
      |                                                  long unsigned int
      |                                                %x
 1867 |                 (cs.tod_hr >> 4) & 1, cs.tod_hr & 0x0f,
 1868 |                 (cs.tod_min >> 4) & 7, cs.tod_min & 0x0f,
      |                                        ~~~~~~~~~~~~~~~~~
      |                                                   |
      |                                                   int
Core/Src/porting/c64/frodo/SAM.cpp:1866:54: warning: format '%lx' expects argument of type 'long unsigned int', but argument 7 has type 'int' [-Wformat=]
 1866 |         fprintf(fout, "TOD         : %lx%lx:%lx%lx:%lx%lx.%lx %s\n",
      |                                                    ~~^
      |                                                      |
      |                                                      long unsigned int
      |                                                    %x
......
 1869 |                 (cs.tod_sec >> 4) & 7, cs.tod_sec & 0x0f,
      |                 ~~~~~~~~~~~~~~~~~~~~~                 
      |                                   |
      |                                   int
Core/Src/porting/c64/frodo/SAM.cpp:1866:57: warning: format '%lx' expects argument of type 'long unsigned int', but argument 8 has type 'int' [-Wformat=]
 1866 |         fprintf(fout, "TOD         : %lx%lx:%lx%lx:%lx%lx.%lx %s\n",
      |                                                       ~~^
      |                                                         |
      |                                                         long unsigned int
      |                                                       %x
......
 1869 |                 (cs.tod_sec >> 4) & 7, cs.tod_sec & 0x0f,
      |                                        ~~~~~~~~~~~~~~~~~ 
      |                                                   |
      |                                                   int
Core/Src/porting/c64/frodo/SAM.cpp:1866:61: warning: format '%lx' expects argument of type 'long unsigned int', but argument 9 has type 'int' [-Wformat=]
 1866 |         fprintf(fout, "TOD         : %lx%lx:%lx%lx:%lx%lx.%lx %s\n",
      |                                                           ~~^
      |                                                             |
      |                                                             long unsigned int
      |                                                           %x
......
 1870 |                 cs.tod_10ths & 0x0f, cs.tod_hr & 0x80 ? "PM" : "AM");
      |                 ~~~~~~~~~~~~~~~~~~~                          
      |                              |
      |                              int
Core/Src/porting/c64/frodo/SAM.cpp:1871:40: warning: format '%lx' expects argument of type 'long unsigned int', but argument 3 has type 'int' [-Wformat=]
 1871 |         fprintf(fout, "Alarm       : %lx%lx:%lx%lx:%lx%lx.%lx %s\n",
      |                                      ~~^
      |                                        |
      |                                        long unsigned int
      |                                      %x
 1872 |                 (cs.alm_hr >> 4) & 1, cs.alm_hr & 0x0f,
      |                 ~~~~~~~~~~~~~~~~~~~~    
      |                                  |
      |                                  int
Core/Src/porting/c64/frodo/SAM.cpp:1871:43: warning: format '%lx' expects argument of type 'long unsigned int', but argument 4 has type 'int' [-Wformat=]
 1871 |         fprintf(fout, "Alarm       : %lx%lx:%lx%lx:%lx%lx.%lx %s\n",
      |                                         ~~^
      |                                           |
      |                                           long unsigned int
      |                                         %x
 1872 |                 (cs.alm_hr >> 4) & 1, cs.alm_hr & 0x0f,
      |                                       ~~~~~~~~~~~~~~~~
      |                                                 |
      |                                                 int
Core/Src/porting/c64/frodo/SAM.cpp:1871:47: warning: format '%lx' expects argument of type 'long unsigned int', but argument 5 has type 'int' [-Wformat=]
 1871 |         fprintf(fout, "Alarm       : %lx%lx:%lx%lx:%lx%lx.%lx %s\n",
      |                                             ~~^
      |                                               |
      |                                               long unsigned int
      |                                             %x
 1872 |                 (cs.alm_hr >> 4) & 1, cs.alm_hr & 0x0f,
 1873 |                 (cs.alm_min >> 4) & 7, cs.alm_min & 0x0f,
      |                 ~~~~~~~~~~~~~~~~~~~~~          
      |                                   |
      |                                   int
Core/Src/porting/c64/frodo/SAM.cpp:1871:50: warning: format '%lx' expects argument of type 'long unsigned int', but argument 6 has type 'int' [-Wformat=]
 1871 |         fprintf(fout, "Alarm       : %lx%lx:%lx%lx:%lx%lx.%lx %s\n",
      |                                                ~~^
      |                                                  |
      |                                                  long unsigned int
      |                                                %x
 1872 |                 (cs.alm_hr >> 4) & 1, cs.alm_hr & 0x0f,
 1873 |                 (cs.alm_min >> 4) & 7, cs.alm_min & 0x0f,
      |                                        ~~~~~~~~~~~~~~~~~
      |                                                   |
      |                                                   int
Core/Src/porting/c64/frodo/SAM.cpp:1871:54: warning: format '%lx' expects argument of type 'long unsigned int', but argument 7 has type 'int' [-Wformat=]
 1871 |         fprintf(fout, "Alarm       : %lx%lx:%lx%lx:%lx%lx.%lx %s\n",
      |                                                    ~~^
      |                                                      |
      |                                                      long unsigned int
      |                                                    %x
......
 1874 |                 (cs.alm_sec >> 4) & 7, cs.alm_sec & 0x0f,
      |                 ~~~~~~~~~~~~~~~~~~~~~                 
      |                                   |
      |                                   int
Core/Src/porting/c64/frodo/SAM.cpp:1871:57: warning: format '%lx' expects argument of type 'long unsigned int', but argument 8 has type 'int' [-Wformat=]
 1871 |         fprintf(fout, "Alarm       : %lx%lx:%lx%lx:%lx%lx.%lx %s\n",
      |                                                       ~~^
      |                                                         |
      |                                                         long unsigned int
      |                                                       %x
......
 1874 |                 (cs.alm_sec >> 4) & 7, cs.alm_sec & 0x0f,
      |                                        ~~~~~~~~~~~~~~~~~ 
      |                                                   |
      |                                                   int
Core/Src/porting/c64/frodo/SAM.cpp:1871:61: warning: format '%lx' expects argument of type 'long unsigned int', but argument 9 has type 'int' [-Wformat=]
 1871 |         fprintf(fout, "Alarm       : %lx%lx:%lx%lx:%lx%lx.%lx %s\n",
      |                                                           ~~^
      |                                                             |
      |                                                             long unsigned int
      |                                                           %x
......
 1875 |                 cs.alm_10ths & 0x0f, cs.alm_hr & 0x80 ? "PM" : "AM");
      |                 ~~~~~~~~~~~~~~~~~~~                          
      |                              |
      |                              int
Core/Src/porting/c64/frodo/SAM.cpp:1879:42: warning: format '%lx' expects argument of type 'long unsigned int', but argument 3 has type 'int' [-Wformat=]
 1879 |         fprintf(fout, "Serial data : %02lx\n", cs.sdr);
      |                                      ~~~~^     ~~~~~~
      |                                          |        |
      |                                          |        int
      |                                          long unsigned int
      |                                      %02x
Core/Src/porting/c64/frodo/SAM.cpp: In function 'void view_sid_state()':
Core/Src/porting/c64/frodo/SAM.cpp:1908:42: warning: format '%lx' expects argument of type 'long unsigned int', but argument 3 has type 'int' [-Wformat=]
 1908 |         fprintf(fout, " Frequency  : %04lx\n", (ss.freq_hi_1 << 8) | ss.freq_lo_1);
      |                                      ~~~~^     ~~~~~~~~~~~~~~~~~~~~~~~~~~~~~~~~~~
      |                                          |                         |
      |                                          long unsigned int         int
      |                                      %04x
Core/Src/porting/c64/frodo/SAM.cpp:1909:42: warning: format '%lx' expects argument of type 'long unsigned int', but argument 3 has type 'int' [-Wformat=]
 1909 |         fprintf(fout, " Pulse Width: %04lx\n", ((ss.pw_hi_1 & 0x0f) << 8) | ss.pw_lo_1);
      |                                      ~~~~^     ~~~~~~~~~~~~~~~~~~~~~~~~~~~~~~~~~~~~~~~
      |                                          |                                |
      |                                          long unsigned int                int
      |                                      %04x
Core/Src/porting/c64/frodo/SAM.cpp:1910:40: warning: format '%lx' expects argument of type 'long unsigned int', but argument 3 has type 'int' [-Wformat=]
 1910 |         fprintf(fout, " Env. (ADSR): %lx %lx %lx %lx\n", ss.AD_1 >> 4, ss.AD_1 & 0x0f, ss.SR_1 >> 4, ss.SR_1 & 0x0f);
      |                                      ~~^                 ~~~~~~~~~~~~
      |                                        |                         |
      |                                        long unsigned int         int
      |                                      %x
Core/Src/porting/c64/frodo/SAM.cpp:1910:44: warning: format '%lx' expects argument of type 'long unsigned int', but argument 4 has type 'int' [-Wformat=]
 1910 |         fprintf(fout, " Env. (ADSR): %lx %lx %lx %lx\n", ss.AD_1 >> 4, ss.AD_1 & 0x0f, ss.SR_1 >> 4, ss.SR_1 & 0x0f);
      |                                          ~~^                           ~~~~~~~~~~~~~~
      |                                            |                                   |
      |                                            long unsigned int                   int
      |                                          %x
Core/Src/porting/c64/frodo/SAM.cpp:1910:48: warning: format '%lx' expects argument of type 'long unsigned int', but argument 5 has type 'int' [-Wformat=]
 1910 |         fprintf(fout, " Env. (ADSR): %lx %lx %lx %lx\n", ss.AD_1 >> 4, ss.AD_1 & 0x0f, ss.SR_1 >> 4, ss.SR_1 & 0x0f);
      |                                              ~~^                                       ~~~~~~~~~~~~
      |                                                |                                               |
      |                                                long unsigned int                               int
      |                                              %x
Core/Src/porting/c64/frodo/SAM.cpp:1910:52: warning: format '%lx' expects argument of type 'long unsigned int', but argument 6 has type 'int' [-Wformat=]
 1910 |         fprintf(fout, " Env. (ADSR): %lx %lx %lx %lx\n", ss.AD_1 >> 4, ss.AD_1 & 0x0f, ss.SR_1 >> 4, ss.SR_1 & 0x0f);
      |                                                  ~~^                                                 ~~~~~~~~~~~~~~
      |                                                    |                                                         |
      |                                                    long unsigned int                                         int
      |                                                  %x
Core/Src/porting/c64/frodo/SAM.cpp:1918:42: warning: format '%lx' expects argument of type 'long unsigned int', but argument 3 has type 'int' [-Wformat=]
 1918 |         fprintf(fout, " Frequency  : %04lx\n", (ss.freq_hi_2 << 8) | ss.freq_lo_2);
      |                                      ~~~~^     ~~~~~~~~~~~~~~~~~~~~~~~~~~~~~~~~~~
      |                                          |                         |
      |                                          long unsigned int         int
      |                                      %04x
Core/Src/porting/c64/frodo/SAM.cpp:1919:42: warning: format '%lx' expects argument of type 'long unsigned int', but argument 3 has type 'int' [-Wformat=]
 1919 |         fprintf(fout, " Pulse Width: %04lx\n", ((ss.pw_hi_2 & 0x0f) << 8) | ss.pw_lo_2);
      |                                      ~~~~^     ~~~~~~~~~~~~~~~~~~~~~~~~~~~~~~~~~~~~~~~
      |                                          |                                |
      |                                          long unsigned int                int
      |                                      %04x
Core/Src/porting/c64/frodo/SAM.cpp:1920:40: warning: format '%lx' expects argument of type 'long unsigned int', but argument 3 has type 'int' [-Wformat=]
 1920 |         fprintf(fout, " Env. (ADSR): %lx %lx %lx %lx\n", ss.AD_2 >> 4, ss.AD_2 & 0x0f, ss.SR_2 >> 4, ss.SR_2 & 0x0f);
      |                                      ~~^                 ~~~~~~~~~~~~
      |                                        |                         |
      |                                        long unsigned int         int
      |                                      %x
Core/Src/porting/c64/frodo/SAM.cpp:1920:44: warning: format '%lx' expects argument of type 'long unsigned int', but argument 4 has type 'int' [-Wformat=]
 1920 |         fprintf(fout, " Env. (ADSR): %lx %lx %lx %lx\n", ss.AD_2 >> 4, ss.AD_2 & 0x0f, ss.SR_2 >> 4, ss.SR_2 & 0x0f);
      |                                          ~~^                           ~~~~~~~~~~~~~~
      |                                            |                                   |
      |                                            long unsigned int                   int
      |                                          %x
Core/Src/porting/c64/frodo/SAM.cpp:1920:48: warning: format '%lx' expects argument of type 'long unsigned int', but argument 5 has type 'int' [-Wformat=]
 1920 |         fprintf(fout, " Env. (ADSR): %lx %lx %lx %lx\n", ss.AD_2 >> 4, ss.AD_2 & 0x0f, ss.SR_2 >> 4, ss.SR_2 & 0x0f);
      |                                              ~~^                                       ~~~~~~~~~~~~
      |                                                |                                               |
      |                                                long unsigned int                               int
      |                                              %x
Core/Src/porting/c64/frodo/SAM.cpp:1920:52: warning: format '%lx' expects argument of type 'long unsigned int', but argument 6 has type 'int' [-Wformat=]
 1920 |         fprintf(fout, " Env. (ADSR): %lx %lx %lx %lx\n", ss.AD_2 >> 4, ss.AD_2 & 0x0f, ss.SR_2 >> 4, ss.SR_2 & 0x0f);
      |                                                  ~~^                                                 ~~~~~~~~~~~~~~
      |                                                    |                                                         |
      |                                                    long unsigned int                                         int
      |                                                  %x
Core/Src/porting/c64/frodo/SAM.cpp:1928:42: warning: format '%lx' expects argument of type 'long unsigned int', but argument 3 has type 'int' [-Wformat=]
 1928 |         fprintf(fout, " Frequency  : %04lx\n", (ss.freq_hi_3 << 8) | ss.freq_lo_3);
      |                                      ~~~~^     ~~~~~~~~~~~~~~~~~~~~~~~~~~~~~~~~~~
      |                                          |                         |
      |                                          long unsigned int         int
      |                                      %04x
Core/Src/porting/c64/frodo/SAM.cpp:1929:42: warning: format '%lx' expects argument of type 'long unsigned int', but argument 3 has type 'int' [-Wformat=]
 1929 |         fprintf(fout, " Pulse Width: %04lx\n", ((ss.pw_hi_3 & 0x0f) << 8) | ss.pw_lo_3);
      |                                      ~~~~^     ~~~~~~~~~~~~~~~~~~~~~~~~~~~~~~~~~~~~~~~
      |                                          |                                |
      |                                          long unsigned int                int
      |                                      %04x
Core/Src/porting/c64/frodo/SAM.cpp:1930:40: warning: format '%lx' expects argument of type 'long unsigned int', but argument 3 has type 'int' [-Wformat=]
 1930 |         fprintf(fout, " Env. (ADSR): %lx %lx %lx %lx\n", ss.AD_3 >> 4, ss.AD_3 & 0x0f, ss.SR_3 >> 4, ss.SR_3 & 0x0f);
      |                                      ~~^                 ~~~~~~~~~~~~
      |                                        |                         |
      |                                        long unsigned int         int
      |                                      %x
Core/Src/porting/c64/frodo/SAM.cpp:1930:44: warning: format '%lx' expects argument of type 'long unsigned int', but argument 4 has type 'int' [-Wformat=]
 1930 |         fprintf(fout, " Env. (ADSR): %lx %lx %lx %lx\n", ss.AD_3 >> 4, ss.AD_3 & 0x0f, ss.SR_3 >> 4, ss.SR_3 & 0x0f);
      |                                          ~~^                           ~~~~~~~~~~~~~~
      |                                            |                                   |
      |                                            long unsigned int                   int
      |                                          %x
Core/Src/porting/c64/frodo/SAM.cpp:1930:48: warning: format '%lx' expects argument of type 'long unsigned int', but argument 5 has type 'int' [-Wformat=]
 1930 |         fprintf(fout, " Env. (ADSR): %lx %lx %lx %lx\n", ss.AD_3 >> 4, ss.AD_3 & 0x0f, ss.SR_3 >> 4, ss.SR_3 & 0x0f);
      |                                              ~~^                                       ~~~~~~~~~~~~
      |                                                |                                               |
      |                                                long unsigned int                               int
      |                                              %x
Core/Src/porting/c64/frodo/SAM.cpp:1930:52: warning: format '%lx' expects argument of type 'long unsigned int', but argument 6 has type 'int' [-Wformat=]
 1930 |         fprintf(fout, " Env. (ADSR): %lx %lx %lx %lx\n", ss.AD_3 >> 4, ss.AD_3 & 0x0f, ss.SR_3 >> 4, ss.SR_3 & 0x0f);
      |                                                  ~~^                                                 ~~~~~~~~~~~~~~
      |                                                    |                                                         |
      |                                                    long unsigned int                                         int
      |                                                  %x
Core/Src/porting/c64/frodo/SAM.cpp:1938:40: warning: format '%lx' expects argument of type 'long unsigned int', but argument 3 has type 'int' [-Wformat=]
 1938 |         fprintf(fout, " Frequency: %04lx\n", (ss.fc_hi << 3) | (ss.fc_lo & 0x07));
      |                                    ~~~~^     ~~~~~~~~~~~~~~~~~~~~~~~~~~~~~~~~~~~
      |                                        |                     |
      |                                        long unsigned int     int
      |                                    %04x
Core/Src/porting/c64/frodo/SAM.cpp:1939:38: warning: format '%lx' expects argument of type 'long unsigned int', but argument 3 has type 'int' [-Wformat=]
 1939 |         fprintf(fout, " Resonance: %lx\n", ss.res_filt >> 4);
      |                                    ~~^     ~~~~~~~~~~~~~~~~
      |                                      |                 |
      |                                      long unsigned int int
      |                                    %x
Core/Src/porting/c64/frodo/SAM.cpp:1947:40: warning: format '%lx' expects argument of type 'long unsigned int', but argument 3 has type 'int' [-Wformat=]
 1947 |         fprintf(fout, "\n Volume   : %lx\n", ss.mode_vol & 0x0f);
      |                                      ~~^     ~~~~~~~~~~~~~~~~~~
      |                                        |                 |
      |                                        long unsigned int int
      |                                      %x
Core/Src/porting/c64/frodo/SAM.cpp: In function 'void view_vic_state()':
Core/Src/porting/c64/frodo/SAM.cpp:1969:48: warning: format '%lx' expects argument of type 'long unsigned int', but argument 3 has type 'int' [-Wformat=]
 1969 |         fprintf(fout, "Raster line       : %04lx\n", vs.raster | ((vs.ctrl1 & 0x80) << 1));
      |                                            ~~~~^     ~~~~~~~~~~~~~~~~~~~~~~~~~~~~~~~~~~~~
      |                                                |               |
      |                                                |               int
      |                                                long unsigned int
      |                                            %04x
Core/Src/porting/c64/frodo/SAM.cpp:1970:48: warning: format '%lx' expects argument of type 'long unsigned int', but argument 3 has type 'int' [-Wformat=]
 1970 |         fprintf(fout, "IRQ raster line   : %04lx\n\n", vs.irq_raster);
      |                                            ~~~~^       ~~~~~~~~~~~~~
      |                                                |          |
      |                                                |          int
      |                                                long unsigned int
      |                                            %04x
Core/Src/porting/c64/frodo/SAM.cpp:1972:46: warning: format '%ld' expects argument of type 'long int', but argument 3 has type 'int' [-Wformat=]
 1972 |         fprintf(fout, "X scroll          : %ld\n", vs.ctrl2 & 7);
      |                                            ~~^     ~~~~~~~~~~~~
      |                                              |              |
      |                                              long int       int
      |                                            %d
Core/Src/porting/c64/frodo/SAM.cpp:1973:46: warning: format '%ld' expects argument of type 'long int', but argument 3 has type 'int' [-Wformat=]
 1973 |         fprintf(fout, "Y scroll          : %ld\n", vs.ctrl1 & 7);
      |                                            ~~^     ~~~~~~~~~~~~
      |                                              |              |
      |                                              long int       int
      |                                            %d
Core/Src/porting/c64/frodo/SAM.cpp:1974:46: warning: format '%ld' expects argument of type 'long int', but argument 3 has type 'int' [-Wformat=]
 1974 |         fprintf(fout, "Horizontal border : %ld columns\n", vs.ctrl2 & 8 ? 40 : 38);
      |                                            ~~^             ~~~~~~~~~~~~~~~~~~~~~~
      |                                              |                          |
      |                                              long int                   int
      |                                            %d
Core/Src/porting/c64/frodo/SAM.cpp:1975:46: warning: format '%ld' expects argument of type 'long int', but argument 3 has type 'int' [-Wformat=]
 1975 |         fprintf(fout, "Vertical border   : %ld rows\n\n", vs.ctrl1 & 8 ? 25 : 24);
      |                                            ~~^            ~~~~~~~~~~~~~~~~~~~~~~
      |                                              |                         |
      |                                              long int                  int
      |                                            %d
Core/Src/porting/c64/frodo/SAM.cpp:2007:48: warning: format '%lx' expects argument of type 'long unsigned int', but argument 3 has type 'int' [-Wformat=]
 2007 |         fprintf(fout, "Video counter     : %04lx\n", vs.vc);
      |                                            ~~~~^     ~~~~~
      |                                                |        |
      |                                                |        int
      |                                                long unsigned int
      |                                            %04x
Core/Src/porting/c64/frodo/SAM.cpp:2008:48: warning: format '%lx' expects argument of type 'long unsigned int', but argument 3 has type 'int' [-Wformat=]
 2008 |         fprintf(fout, "Video counter base: %04lx\n", vs.vc_base);
      |                                            ~~~~^     ~~~~~~~~~~
      |                                                |        |
      |                                                |        int
      |                                                long unsigned int
      |                                            %04x
Core/Src/porting/c64/frodo/SAM.cpp:2009:46: warning: format '%ld' expects argument of type 'long int', but argument 3 has type 'int' [-Wformat=]
 2009 |         fprintf(fout, "Row counter       : %ld\n\n", vs.rc);
      |                                            ~~^       ~~~~~
      |                                              |          |
      |                                              long int   int
      |                                            %d
Core/Src/porting/c64/frodo/SAM.cpp:2011:48: warning: format '%lx' expects argument of type 'long unsigned int', but argument 3 has type 'int' [-Wformat=]
 2011 |         fprintf(fout, "VIC bank          : %04lx-%04lx\n", vs.bank_base, vs.bank_base + 0x3fff);
      |                                            ~~~~^           ~~~~~~~~~~~~
      |                                                |              |
      |                                                |              int
      |                                                long unsigned int
      |                                            %04x
Core/Src/porting/c64/frodo/SAM.cpp:2011:54: warning: format '%lx' expects argument of type 'long unsigned int', but argument 4 has type 'int' [-Wformat=]
 2011 |         fprintf(fout, "VIC bank          : %04lx-%04lx\n", vs.bank_base, vs.bank_base + 0x3fff);
      |                                                  ~~~~^                   ~~~~~~~~~~~~~~~~~~~~~
      |                                                      |                                |
      |                                                      long unsigned int                int
      |                                                  %04x
Core/Src/porting/c64/frodo/SAM.cpp:2012:48: warning: format '%lx' expects argument of type 'long unsigned int', but argument 3 has type 'int' [-Wformat=]
 2012 |         fprintf(fout, "Video matrix base : %04lx\n", vs.matrix_base);
      |                                            ~~~~^     ~~~~~~~~~~~~~~
      |                                                |        |
      |                                                |        int
      |                                                long unsigned int
      |                                            %04x
Core/Src/porting/c64/frodo/SAM.cpp:2013:48: warning: format '%lx' expects argument of type 'long unsigned int', but argument 3 has type 'int' [-Wformat=]
 2013 |         fprintf(fout, "Character base    : %04lx\n", vs.char_base);
      |                                            ~~~~^     ~~~~~~~~~~~~
      |                                                |        |
      |                                                |        int
      |                                                long unsigned int
      |                                            %04x
Core/Src/porting/c64/frodo/SAM.cpp:2014:48: warning: format '%lx' expects argument of type 'long unsigned int', but argument 3 has type 'int' [-Wformat=]
 2014 |         fprintf(fout, "Bitmap base       : %04lx\n\n", vs.bitmap_base);
      |                                            ~~~~^       ~~~~~~~~~~~~~~
      |                                                |          |
      |                                                |          int
      |                                                long unsigned int
      |                                            %04x
Core/Src/porting/c64/frodo/SAM.cpp:2018:37: warning: format '%lx' expects argument of type 'long unsigned int', but argument 3 has type 'int' [-Wformat=]
 2018 |         fprintf(fout, "Data   : %04lx   %04lx   %04lx   %04lx   %04lx   %04lx   %04lx   %04lx\n",
      |                                 ~~~~^
      |                                     |
      |                                     long unsigned int
      |                                 %04x
 2019 |                 vs.sprite_base[0], vs.sprite_base[1], vs.sprite_base[2], vs.sprite_base[3],
      |                 ~~~~~~~~~~~~~~~~~    
      |                                 |
      |                                 int
Core/Src/porting/c64/frodo/SAM.cpp:2018:45: warning: format '%lx' expects argument of type 'long unsigned int', but argument 4 has type 'int' [-Wformat=]
 2018 |         fprintf(fout, "Data   : %04lx   %04lx   %04lx   %04lx   %04lx   %04lx   %04lx   %04lx\n",
      |                                         ~~~~^
      |                                             |
      |                                             long unsigned int
      |                                         %04x
 2019 |                 vs.sprite_base[0], vs.sprite_base[1], vs.sprite_base[2], vs.sprite_base[3],
      |                                    ~~~~~~~~~~~~~~~~~
      |                                                    |
      |                                                    int
Core/Src/porting/c64/frodo/SAM.cpp:2018:53: warning: format '%lx' expects argument of type 'long unsigned int', but argument 5 has type 'int' [-Wformat=]
 2018 |         fprintf(fout, "Data   : %04lx   %04lx   %04lx   %04lx   %04lx   %04lx   %04lx   %04lx\n",
      |                                                 ~~~~^
      |                                                     |
      |                                                     long unsigned int
      |                                                 %04x
 2019 |                 vs.sprite_base[0], vs.sprite_base[1], vs.sprite_base[2], vs.sprite_base[3],
      |                                                       ~~~~~~~~~~~~~~~~~
      |                                                                       |
      |                                                                       int
Core/Src/porting/c64/frodo/SAM.cpp:2018:61: warning: format '%lx' expects argument of type 'long unsigned int', but argument 6 has type 'int' [-Wformat=]
 2018 |         fprintf(fout, "Data   : %04lx   %04lx   %04lx   %04lx   %04lx   %04lx   %04lx   %04lx\n",
      |                                                         ~~~~^
      |                                                             |
      |                                                             long unsigned int
      |                                                         %04x
 2019 |                 vs.sprite_base[0], vs.sprite_base[1], vs.sprite_base[2], vs.sprite_base[3],
      |                                                                          ~~~~~~~~~~~~~~~~~
      |                                                                                          |
      |                                                                                          int
Core/Src/porting/c64/frodo/SAM.cpp:2018:69: warning: format '%lx' expects argument of type 'long unsigned int', but argument 7 has type 'int' [-Wformat=]
 2018 |         fprintf(fout, "Data   : %04lx   %04lx   %04lx   %04lx   %04lx   %04lx   %04lx   %04lx\n",
      |                                                                 ~~~~^
      |                                                                     |
      |                                                                     long unsigned int
      |                                                                 %04x
 2019 |                 vs.sprite_base[0], vs.sprite_base[1], vs.sprite_base[2], vs.sprite_base[3],
 2020 |                 vs.sprite_base[4], vs.sprite_base[5], vs.sprite_base[6], vs.sprite_base[7]);
      |                 ~~~~~~~~~~~~~~~~~                                    
      |                                 |
      |                                 int
Core/Src/porting/c64/frodo/SAM.cpp:2018:77: warning: format '%lx' expects argument of type 'long unsigned int', but argument 8 has type 'int' [-Wformat=]
 2018 |         fprintf(fout, "Data   : %04lx   %04lx   %04lx   %04lx   %04lx   %04lx   %04lx   %04lx\n",
      |                                                                         ~~~~^
      |                                                                             |
      |                                                                             long unsigned int
      |                                                                         %04x
 2019 |                 vs.sprite_base[0], vs.sprite_base[1], vs.sprite_base[2], vs.sprite_base[3],
 2020 |                 vs.sprite_base[4], vs.sprite_base[5], vs.sprite_base[6], vs.sprite_base[7]);
      |                                    ~~~~~~~~~~~~~~~~~                         
      |                                                    |
      |                                                    int
Core/Src/porting/c64/frodo/SAM.cpp:2018:85: warning: format '%lx' expects argument of type 'long unsigned int', but argument 9 has type 'int' [-Wformat=]
 2018 |         fprintf(fout, "Data   : %04lx   %04lx   %04lx   %04lx   %04lx   %04lx   %04lx   %04lx\n",
      |                                                                                 ~~~~^
      |                                                                                     |
      |                                                                                     long unsigned int
      |                                                                                 %04x
 2019 |                 vs.sprite_base[0], vs.sprite_base[1], vs.sprite_base[2], vs.sprite_base[3],
 2020 |                 vs.sprite_base[4], vs.sprite_base[5], vs.sprite_base[6], vs.sprite_base[7]);
      |                                                       ~~~~~~~~~~~~~~~~~              
      |                                                                       |
      |                                                                       int
Core/Src/porting/c64/frodo/SAM.cpp:2018:93: warning: format '%lx' expects argument of type 'long unsigned int', but argument 10 has type 'int' [-Wformat=]
 2018 |         fprintf(fout, "Data   : %04lx   %04lx   %04lx   %04lx   %04lx   %04lx   %04lx   %04lx\n",
      |                                                                                         ~~~~^
      |                                                                                             |
      |                                                                                             long unsigned int
      |                                                                                         %04x
 2019 |                 vs.sprite_base[0], vs.sprite_base[1], vs.sprite_base[2], vs.sprite_base[3],
 2020 |                 vs.sprite_base[4], vs.sprite_base[5], vs.sprite_base[6], vs.sprite_base[7]);
      |                                                                          ~~~~~~~~~~~~~~~~~   
      |                                                                                          |
      |                                                                                          int
Core/Src/porting/c64/frodo/SAM.cpp:2021:37: warning: format '%lx' expects argument of type 'long unsigned int', but argument 3 has type 'int' [-Wformat=]
 2021 |         fprintf(fout, "MC     : %02lx     %02lx     %02lx     %02lx     %02lx     %02lx     %02lx     %02lx\n",
      |                                 ~~~~^
      |                                     |
      |                                     long unsigned int
      |                                 %02x
 2022 |                 vs.mc[0], vs.mc[1], vs.mc[2], vs.mc[3], vs.mc[4], vs.mc[5], vs.mc[6], vs.mc[7]);
      |                 ~~~~~~~~             
      |                        |
      |                        int
Core/Src/porting/c64/frodo/SAM.cpp:2021:47: warning: format '%lx' expects argument of type 'long unsigned int', but argument 4 has type 'int' [-Wformat=]
 2021 |         fprintf(fout, "MC     : %02lx     %02lx     %02lx     %02lx     %02lx     %02lx     %02lx     %02lx\n",
      |                                           ~~~~^
      |                                               |
      |                                               long unsigned int
      |                                           %02x
 2022 |                 vs.mc[0], vs.mc[1], vs.mc[2], vs.mc[3], vs.mc[4], vs.mc[5], vs.mc[6], vs.mc[7]);
      |                           ~~~~~~~~             
      |                                  |
      |                                  int
Core/Src/porting/c64/frodo/SAM.cpp:2021:57: warning: format '%lx' expects argument of type 'long unsigned int', but argument 5 has type 'int' [-Wformat=]
 2021 |         fprintf(fout, "MC     : %02lx     %02lx     %02lx     %02lx     %02lx     %02lx     %02lx     %02lx\n",
      |                                                     ~~~~^
      |                                                         |
      |                                                         long unsigned int
      |                                                     %02x
 2022 |                 vs.mc[0], vs.mc[1], vs.mc[2], vs.mc[3], vs.mc[4], vs.mc[5], vs.mc[6], vs.mc[7]);
      |                                     ~~~~~~~~             
      |                                            |
      |                                            int
Core/Src/porting/c64/frodo/SAM.cpp:2021:67: warning: format '%lx' expects argument of type 'long unsigned int', but argument 6 has type 'int' [-Wformat=]
 2021 |         fprintf(fout, "MC     : %02lx     %02lx     %02lx     %02lx     %02lx     %02lx     %02lx     %02lx\n",
      |                                                               ~~~~^
      |                                                                   |
      |                                                                   long unsigned int
      |                                                               %02x
 2022 |                 vs.mc[0], vs.mc[1], vs.mc[2], vs.mc[3], vs.mc[4], vs.mc[5], vs.mc[6], vs.mc[7]);
      |                                               ~~~~~~~~             
      |                                                      |
      |                                                      int
Core/Src/porting/c64/frodo/SAM.cpp:2021:77: warning: format '%lx' expects argument of type 'long unsigned int', but argument 7 has type 'int' [-Wformat=]
 2021 |         fprintf(fout, "MC     : %02lx     %02lx     %02lx     %02lx     %02lx     %02lx     %02lx     %02lx\n",
      |                                                                         ~~~~^
      |                                                                             |
      |                                                                             long unsigned int
      |                                                                         %02x
 2022 |                 vs.mc[0], vs.mc[1], vs.mc[2], vs.mc[3], vs.mc[4], vs.mc[5], vs.mc[6], vs.mc[7]);
      |                                                         ~~~~~~~~             
      |                                                                |
      |                                                                int
Core/Src/porting/c64/frodo/SAM.cpp:2021:87: warning: format '%lx' expects argument of type 'long unsigned int', but argument 8 has type 'int' [-Wformat=]
 2021 |         fprintf(fout, "MC     : %02lx     %02lx     %02lx     %02lx     %02lx     %02lx     %02lx     %02lx\n",
      |                                                                                   ~~~~^
      |                                                                                       |
      |                                                                                       long unsigned int
      |                                                                                   %02x
 2022 |                 vs.mc[0], vs.mc[1], vs.mc[2], vs.mc[3], vs.mc[4], vs.mc[5], vs.mc[6], vs.mc[7]);
      |                                                                   ~~~~~~~~             
      |                                                                          |
      |                                                                          int
Core/Src/porting/c64/frodo/SAM.cpp:2021:97: warning: format '%lx' expects argument of type 'long unsigned int', but argument 9 has type 'int' [-Wformat=]
 2021 |         fprintf(fout, "MC     : %02lx     %02lx     %02lx     %02lx     %02lx     %02lx     %02lx     %02lx\n",
      |                                                                                             ~~~~^
      |                                                                                                 |
      |                                                                                                 long unsigned int
      |                                                                                             %02x
 2022 |                 vs.mc[0], vs.mc[1], vs.mc[2], vs.mc[3], vs.mc[4], vs.mc[5], vs.mc[6], vs.mc[7]);
      |                                                                             ~~~~~~~~             
      |                                                                                    |
      |                                                                                    int
Core/Src/porting/c64/frodo/SAM.cpp:2021:107: warning: format '%lx' expects argument of type 'long unsigned int', but argument 10 has type 'int' [-Wformat=]
 2021 |         fprintf(fout, "MC     : %02lx     %02lx     %02lx     %02lx     %02lx     %02lx     %02lx     %02lx\n",
      |                                                                                                       ~~~~^
      |                                                                                                           |
      |                                                                                                           long unsigned int
      |                                                                                                       %02x
 2022 |                 vs.mc[0], vs.mc[1], vs.mc[2], vs.mc[3], vs.mc[4], vs.mc[5], vs.mc[6], vs.mc[7]);
      |                                                                                       ~~~~~~~~             
      |                                                                                              |
      |                                                                                              int
Core/Src/porting/c64/frodo/SAM.cpp: In function 'void load_data()':
Core/Src/porting/c64/frodo/SAM.cpp:2125:23: warning: ISO C++ forbids converting a string constant to 'char*' [-Wwrite-strings]
 2125 |                 error("Missing file name");
      |                       ^~~~~~~~~~~~~~~~~~~
Core/Src/porting/c64/frodo/SAM.cpp:2129:23: warning: ISO C++ forbids converting a string constant to 'char*' [-Wwrite-strings]
 2129 |                 error("'\"' around file name expected");
      |                       ^~~~~~~~~~~~~~~~~~~~~~~~~~~~~~~~
Core/Src/porting/c64/frodo/SAM.cpp:2134:23: warning: ISO C++ forbids converting a string constant to 'char*' [-Wwrite-strings]
 2134 |                 error("Unable to open file");
      |                       ^~~~~~~~~~~~~~~~~~~~~
Core/Src/porting/c64/frodo/SAM.cpp: In function 'void save_data()':
Core/Src/porting/c64/frodo/SAM.cpp:2159:23: warning: ISO C++ forbids converting a string constant to 'char*' [-Wwrite-strings]
 2159 |                 error("Missing file name");
      |                       ^~~~~~~~~~~~~~~~~~~
Core/Src/porting/c64/frodo/SAM.cpp:2163:23: warning: ISO C++ forbids converting a string constant to 'char*' [-Wwrite-strings]
 2163 |                 error("'\"' around file name expected");
      |                       ^~~~~~~~~~~~~~~~~~~~~~~~~~~~~~~~
Core/Src/porting/c64/frodo/SAM.cpp:2168:23: warning: ISO C++ forbids converting a string constant to 'char*' [-Wwrite-strings]
 2168 |                 error("Unable to create file");
      |                       ^~~~~~~~~~~~~~~~~~~~~~~
Core/Src/porting/c64/frodo/SAM.cpp: At global scope:
Core/Src/porting/c64/frodo/SAM.cpp:475:13: warning: 'void handle_abort(...)' defined but not used [-Wunused-function]
  475 | static void handle_abort(...)
      |             ^~~~~~~~~~~~
In file included from Core/Src/porting/c64/frodo/C64.h:10,
                 from Core/Src/porting/c64/main_c64_dev.cpp:21:
Core/Src/porting/c64/frodo/sysdeps.h:185:9: warning: 'UNUSED' redefined
  185 | #define UNUSED(x) (x = x)
      |         ^~~~~~
In file included from Drivers/STM32H7xx_HAL_Driver/Inc/stm32h7xx_hal_rcc.h:27,
                 from Core/Inc/stm32h7xx_hal_conf.h:245,
                 from Drivers/STM32H7xx_HAL_Driver/Inc/stm32h7xx_hal.h:29,
                 from Core/Inc/porting/porting.h:3,
                 from retro-go-stm32/components/odroid/odroid_system.h:12,
                 from Core/Src/porting/c64/main_c64_dev.cpp:5:
Drivers/STM32H7xx_HAL_Driver/Inc/stm32h7xx_hal_def.h:70:9: note: this is the location of the previous definition
   70 | #define UNUSED(x) ((void)(x))    /* To avoid gcc/g++ warnings */
      |         ^~~~~~
Core/Src/porting/c64/main_c64_dev.cpp:314:13: warning: 'bool load_rom(const char*, uint8*, uint32_t)' defined but not used [-Wunused-function]
  314 | static bool load_rom(const char *path, uint8 *dst, uint32_t want)
      |             ^~~~~~~~
In function 'void assemble()',
    inlined from 'void SAM(C64*)' at Core/Src/porting/c64/frodo/SAM.cpp:321:13:
Core/Src/porting/c64/frodo/SAM.cpp:1510:94: warning: 'arg' may be used uninitialized [-Wmaybe-uninitialized]
 1510 |                                                 disass_line(address, opcode, arg & 0xff, arg >> 8);
      |                                                                                          ~~~~^~~~
Core/Src/porting/c64/frodo/SAM.cpp: In function 'void SAM(C64*)':
Core/Src/porting/c64/frodo/SAM.cpp:1468:16: note: 'arg' was declared here
 1468 |         uint16 arg;
      |                ^~~
[ CC gamecom ] sm8500.c
[ CC gamecom ] gamecom_core.c
[ CC gamecom ] main_gamecom.c
[ CC celeste ] celeste.c
[ CC celeste ] celeste_audio.c
[ CC celeste ] main_celeste.c
[ CXX tamapoke ] main_tamapoke.cpp
[ CXX tamapoke ] tamapoke_gfx.cpp
[ CXX tamapoke ] tamapoke_unicode.cpp
[ CXX tamapoke ] tamapoke_input.cpp
[ CXX tamapoke ] tamapoke_ui.cpp
[ CXX tamapoke ] tamapoke_sprites.cpp
Core/Src/porting/tamapoke/tamapoke_sprites.cpp: In member function 'void PmdMon::unload()':
Core/Src/porting/tamapoke/tamapoke_sprites.cpp:53:9: warning: 'void* memset(void*, int, size_t)' clearing an object of non-trivial type 'struct PmdAct'; use assignment or value-initialization instead [-Wclass-memaccess]
   53 |   memset(acts, 0, sizeof(acts));
      |   ~~~~~~^~~~~~~~~~~~~~~~~~~~~~~
In file included from Core/Src/porting/tamapoke/tamapoke_sprites.cpp:9:
Core/Inc/porting/tamapoke/tamapoke_sprites.h:35:8: note: 'struct PmdAct' declared here
   35 | struct PmdAct {
      |        ^~~~~~
Core/Src/porting/tamapoke/tamapoke_ui.cpp: In function 'void renderKeyboard()':
Core/Src/porting/tamapoke/tamapoke_ui.cpp:1844:12: warning: unused variable 'ink' [-Wunused-variable]
 1844 |   uint16_t ink = inkColor();
      |            ^~~
[ CXX tamapoke ] tamapoke_assets.cpp
Core/Src/porting/tamapoke/tamapoke_ui.cpp: At global scope:
Core/Src/porting/tamapoke/tamapoke_ui.cpp:260:13: warning: 'void centerTextBottom(const char*, int16_t, int16_t, uint8_t)' defined but not used [-Wunused-function]
  260 | static void centerTextBottom(const char *s, int16_t cx, int16_t margin, uint8_t size) {
      |             ^~~~~~~~~~~~~~~~
Core/Src/porting/tamapoke/tamapoke_ui.cpp:74:31: warning: 'holdStart' defined but not used [-Wunused-variable]
   74 | static uint32_t lastInteract, holdStart;
      |                               ^~~~~~~~~
Core/Src/porting/tamapoke/tamapoke_ui.cpp:72:44: warning: 'gamePetX' defined but not used [-Wunused-variable]
   72 | static float ballX, ballY, ballVX, ballVY, gamePetX, paddleX;
      |                                            ^~~~~~~~
Core/Src/porting/tamapoke/tamapoke_ui.cpp:67:48: warning: 'holdFired' defined but not used [-Wunused-variable]
   67 | static bool bathPending, gameNewHi, sackNewHi, holdFired;
      |                                                ^~~~~~~~~
Core/Src/porting/tamapoke/tamapoke_ui.cpp:54:26: warning: 'galleryDirty' defined but not used [-Wunused-variable]
   54 | static bool galleryOpen, galleryDirty, cardOpen, kbOpen, clockOpen;
      |                          ^~~~~~~~~~~~
[ CXX tamapoke ] tamapoke_dex.cpp
[ CXX tamapoke ] tamapoke_fallback.cpp
[ CXX tamapoke ] tamapoke_audio.cpp
[ CXX tamapoke ] tamapoke_shim.cpp
[ CXX tamapoke ] pet.cpp
[ CXX tamapoke ] i18n.cpp
[ CC music ] main_music.c
Core/Src/porting/music/main_music.c: In function 'music_player':
Core/Src/porting/music/main_music.c:873:43: warning: variable 'last_top' set but not used [-Wunused-but-set-variable]
  873 |     int  last_sec = -1, last_active = -2, last_top = -999;
      |                                           ^~~~~~~~
Core/Src/porting/music/main_music.c:873:25: warning: variable 'last_active' set but not used [-Wunused-but-set-variable]
  873 |     int  last_sec = -1, last_active = -2, last_top = -999;
      |                         ^~~~~~~~~~~
[ CC music ] music_id3.c
Core/Src/porting/music/main_music.c: In function 'entry_track_path.constprop':
Core/Src/porting/music/main_music.c:325:37: warning: 'snprintf' output may be truncated before the last format character [-Wformat-truncation=]
  325 |     else snprintf(out, outsz, "%s/%s", cur_path, entries[entry_idx].name);
      |                                     ^
In function 'entry_track_path',
    inlined from 'entry_track_path.constprop' at Core/Src/porting/music/main_music.c:321:13:
Core/Src/porting/music/main_music.c:325:10: note: 'snprintf' output 2 or more bytes (assuming 257) into a destination of size 256
  325 |     else snprintf(out, outsz, "%s/%s", cur_path, entries[entry_idx].name);
      |          ^~~~~~~~~~~~~~~~~~~~~~~~~~~~~~~~~~~~~~~~~~~~~~~~~~~~~~~~~~~~~~~~
Core/Src/porting/music/main_music.c: In function 'scan_favourites':
Core/Src/porting/music/main_music.c:197:9: warning: 'strncpy' output may be truncated copying 127 bytes from a string of length 16383 [-Wstringop-truncation]
  197 |         strncpy(e->name, base_name(g_fav[i]), NAME_MAX_LEN - 1);
      |         ^~~~~~~~~~~~~~~~~~~~~~~~~~~~~~~~~~~~~~~~~~~~~~~~~~~~~~~
In function 'meta_get',
    inlined from 'list_item_at' at Core/Src/porting/music/main_music.c:478:60:
Core/Src/porting/music/main_music.c:435:33: warning: 'strncpy' output may be truncated copying 63 bytes from a string of length 95 [-Wstringop-truncation]
  435 |     if (g_scan_tags.title[0]) { strncpy(m->title, g_scan_tags.title, sizeof(m->title) - 1); m->title[sizeof(m->title) - 1] = '\0'; }
      |                                 ^~~~~~~~~~~~~~~~~~~~~~~~~~~~~~~~~~~~~~~~~~~~~~~~~~~~~~~~~~
Core/Src/porting/music/main_music.c:436:34: warning: 'strncpy' output may be truncated copying 47 bytes from a string of length 95 [-Wstringop-truncation]
  436 |     if (g_scan_tags.artist[0]) { strncpy(m->artist, g_scan_tags.artist, sizeof(m->artist) - 1); m->artist[sizeof(m->artist) - 1] = '\0'; }
      |                                  ^~~~~~~~~~~~~~~~~~~~~~~~~~~~~~~~~~~~~~~~~~~~~~~~~~~~~~~~~~~~~
[ CC music ] music_audio.c
[ CC music ] music_cover.c
In function 'fav_load',
    inlined from 'app_main_music' at Core/Src/porting/music/main_music.c:1009:5:
Core/Src/porting/music/main_music.c:247:22: warning: 'strncpy' output may be truncated copying 255 bytes from a string of length 255 [-Wstringop-truncation]
  247 |         if (n > 0) { strncpy(g_fav[g_fav_count], line, PATH_MAX_LEN - 1);
      |                      ^~~~~~~~~~~~~~~~~~~~~~~~~~~~~~~~~~~~~~~~~~~~~~~~~~~
Core/Src/porting/music/music_cover.c: In function 'cover_load':
Core/Src/porting/music/music_cover.c:69:33: warning: '.jpg' directive output may be truncated writing 4 bytes into a region of size between 1 and 260 [-Wformat-truncation=]
   69 |         snprintf(out, outsz, "%s.jpg", base);
      |                                 ^~~~
In function 'find_sidecar',
    inlined from 'cover_load' at Core/Src/porting/music/music_cover.c:106:14:
Core/Src/porting/music/music_cover.c:69:9: note: 'snprintf' output between 5 and 264 bytes into a destination of size 260
   69 |         snprintf(out, outsz, "%s.jpg", base);
      |         ^~~~~~~~~~~~~~~~~~~~~~~~~~~~~~~~~~~~
Core/Src/porting/music/music_cover.c: In function 'cover_load':
Core/Src/porting/music/music_cover.c:71:33: warning: '.png' directive output may be truncated writing 4 bytes into a region of size between 1 and 260 [-Wformat-truncation=]
   71 |         snprintf(out, outsz, "%s.png", base);
      |                                 ^~~~
In function 'find_sidecar',
    inlined from 'cover_load' at Core/Src/porting/music/music_cover.c:106:14:
Core/Src/porting/music/music_cover.c:71:9: note: 'snprintf' output between 5 and 264 bytes into a destination of size 260
   71 |         snprintf(out, outsz, "%s.png", base);
      |         ^~~~~~~~~~~~~~~~~~~~~~~~~~~~~~~~~~~~
[ CC music ] music_lyrics.c
[ CC music ] music_ui.c
[ CC music ] music_lupng.c
[ CC music ] music_minimp3.c
[ CC music ] tjpgd.c
[ CC music ] progjpeg.c
[ CC music ] avi.c
[ CC music ] video_decode.c
[ CC music ] video_audio.c
[ CC music ] video_play.c
Core/Src/porting/video/video_play.c: In function 'draw_osd':
Core/Src/porting/video/video_play.c:287:9: warning: this 'if' clause does not guard... [-Wmisleading-indentation]
  287 |         if (fillw < 0) fillw = 0; if (fillw > sw) fillw = sw;
      |         ^~
Core/Src/porting/video/video_play.c:287:35: note: ...this statement, but the latter is misleadingly indented as if it were guarded by the 'if'
  287 |         if (fillw < 0) fillw = 0; if (fillw > sw) fillw = sw;
      |                                   ^~
Core/Src/porting/video/video_play.c: In function 'video_play':
Core/Src/porting/video/video_play.c:549:22: warning: unused variable 'pstart' [-Wunused-variable]
  549 |             uint32_t pstart = HAL_GetTick();
      |                      ^~~~~~
Core/Src/porting/video/video_play.c: In function 'draw_osd':
Core/Src/porting/video/video_play.c:242:26: warning: '%02d' directive output may be truncated writing between 2 and 3 bytes into a region of size between 1 and 6 [-Wformat-truncation=]
  242 |     snprintf(out, 8, "%d:%02d", s / 60, s % 60);
      |                          ^~~~
In function 'fmt_time',
    inlined from 'draw_osd' at Core/Src/porting/video/video_play.c:276:5:
Core/Src/porting/video/video_play.c:242:22: note: directive argument in the range [-59, 59]
  242 |     snprintf(out, 8, "%d:%02d", s / 60, s % 60);
      |                      ^~~~~~~~~
Core/Src/porting/video/video_play.c:242:5: note: 'snprintf' output between 5 and 11 bytes into a destination of size 8
  242 |     snprintf(out, 8, "%d:%02d", s / 60, s % 60);
      |     ^~~~~~~~~~~~~~~~~~~~~~~~~~~~~~~~~~~~~~~~~~~
Core/Src/porting/video/video_play.c: In function 'draw_osd':
Core/Src/porting/video/video_play.c:242:30: warning: 'snprintf' output may be truncated before the last format character [-Wformat-truncation=]
  242 |     snprintf(out, 8, "%d:%02d", s / 60, s % 60);
      |                              ^
In function 'fmt_time',
    inlined from 'draw_osd' at Core/Src/porting/video/video_play.c:277:5:
Core/Src/porting/video/video_play.c:242:5: note: 'snprintf' output between 5 and 9 bytes into a destination of size 8
  242 |     snprintf(out, 8, "%d:%02d", s / 60, s % 60);
      |     ^~~~~~~~~~~~~~~~~~~~~~~~~~~~~~~~~~~~~~~~~~~
[ CC music ] video_resume.c
[ CC music ] video_ui.c
[ CC music ] main_video.c
Core/Src/porting/video/main_video.c: In function 'enter_selected':
Core/Src/porting/video/main_video.c:224:43: warning: 'snprintf' output may be truncated before the last format character [-Wformat-truncation=]
  224 |         snprintf(path, sizeof path, "%s/%s", cur_path, entries[idx].name);
      |                                           ^
Core/Src/porting/video/main_video.c:224:9: note: 'snprintf' output 2 or more bytes (assuming 257) into a destination of size 256
  224 |         snprintf(path, sizeof path, "%s/%s", cur_path, entries[idx].name);
      |         ^~~~~~~~~~~~~~~~~~~~~~~~~~~~~~~~~~~~~~~~~~~~~~~~~~~~~~~~~~~~~~~~~
Core/Src/porting/video/main_video.c:212:43: warning: 'snprintf' output may be truncated before the last format character [-Wformat-truncation=]
  212 |         snprintf(path, sizeof path, "%s/%s", cur_path, entries[cursor].name);
      |                                           ^
Core/Src/porting/video/main_video.c:212:9: note: 'snprintf' output 2 or more bytes (assuming 257) into a destination of size 256
  212 |         snprintf(path, sizeof path, "%s/%s", cur_path, entries[cursor].name);
      |         ^~~~~~~~~~~~~~~~~~~~~~~~~~~~~~~~~~~~~~~~~~~~~~~~~~~~~~~~~~~~~~~~~~~~
[ CC music ] miniz.c
[ CC nhdoom ] am_map.c
[ CC nhdoom ] d_client.c
[ CC nhdoom ] d_items.c
[ CC nhdoom ] d_main.c
[ CC nhdoom ] f_finale.c
In file included from external/nh-doom/NRF52840Doom/Doom/source/d_main.c:85:
external/nh-doom/NRF52840Doom/Doom/include/i_spi_support.h: In function 'spiFlashSetAddress':
external/nh-doom/NRF52840Doom/Doom/include/i_spi_support.h:79:1: warning: no return statement in function returning non-void [-Wreturn-type]
   79 | }
      | ^
external/nh-doom/NRF52840Doom/Doom/source/d_main.c: In function 'D_Display':
external/nh-doom/NRF52840Doom/Doom/source/d_main.c:236:9: warning: this 'if' clause does not guard... [-Wmisleading-indentation]
  236 |         if ((_g->automapmode & am_active))
      |         ^~
external/nh-doom/NRF52840Doom/Doom/source/d_main.c:239:13: note: ...this statement, but the latter is misleadingly indented as if it were guarded by the 'if'
  239 |             HU_Drawer();
      |             ^~~~~~~~~
[ CC nhdoom ] f_wipe.c
[ CC nhdoom ] g_game.c
In file included from external/nh-doom/NRF52840Doom/Doom/source/g_game.c:94:
external/nh-doom/NRF52840Doom/Doom/include/i_spi_support.h: In function 'spiFlashSetAddress':
external/nh-doom/NRF52840Doom/Doom/include/i_spi_support.h:79:1: warning: no return statement in function returning non-void [-Wreturn-type]
   79 | }
      | ^
[ CC nhdoom ] global_data.c
[ CC nhdoom ] hu_lib.c
[ CC nhdoom ] hu_stuff.c
[ CC nhdoom ] i_spi_support.c
In file included from external/nh-doom/NRF52840Doom/Doom/source/i_spi_support.c:45:
external/nh-doom/NRF52840Doom/Doom/include/i_spi_support.h: In function 'spiFlashSetAddress':
external/nh-doom/NRF52840Doom/Doom/include/i_spi_support.h:79:1: warning: no return statement in function returning non-void [-Wreturn-type]
   79 | }
      | ^
[ CC nhdoom ] i_video.c
[ CC nhdoom ] info.c
[ CC nhdoom ] m_bbox.c
[ CC nhdoom ] m_cheat.c
[ CC nhdoom ] m_menu.c
[ CC nhdoom ] m_random.c
[ CC nhdoom ] p_ceilng.c
[ CC nhdoom ] p_doors.c
[ CC nhdoom ] p_enemy.c
external/nh-doom/NRF52840Doom/Doom/source/p_enemy.c: In function 'P_CheckMissileRange':
external/nh-doom/NRF52840Doom/Doom/source/p_enemy.c:214:2: warning: #warning compatibility [-Wcpp]
  214 | #warning compatibility
      |  ^~~~~~~
external/nh-doom/NRF52840Doom/Doom/source/p_enemy.c: In function 'P_Move':
external/nh-doom/NRF52840Doom/Doom/source/p_enemy.c:381:11: warning: #warning changed to add compatibility [-Wcpp]
  381 |          #warning changed to add compatibility
      |           ^~~~~~~
[ CC nhdoom ] p_floor.c
[ CC nhdoom ] p_genlin.c
external/nh-doom/NRF52840Doom/Doom/source/p_genlin.c: In function 'EV_DoGenStairs':
external/nh-doom/NRF52840Doom/Doom/source/p_genlin.c:746:21: warning: the comparison will always evaluate as 'true' for the pointer operand in '_g->sectors + (sizetype)((unsigned int)(_g->sides + (sizetype)((unsigned int)getSectorLineByIndex(sec,  i)->sidenum[1] * 12))->sector_num * 44)' must not be NULL [-Waddress]
  746 |                 if (!LN_BACKSECTOR((getSectorLineByIndex(sec, i))))
      |                     ^
external/nh-doom/NRF52840Doom/Doom/source/p_floor.c: In function 'EV_DoDonut':
external/nh-doom/NRF52840Doom/Doom/source/p_floor.c:820:17: warning: the comparison will always evaluate as 'true' for the pointer operand in '_g->sectors + (sizetype)((unsigned int)(_g->sides + (sizetype)((unsigned int)getSectorLineByIndex(s2,  i)->sidenum[1] * 12))->sector_num * 44)' must not be NULL [-Waddress]
  820 |             if (!LN_BACKSECTOR((getSectorLineByIndex(s2, i))) || LN_BACKSECTOR((getSectorLineByIndex(s2,i))) == s1)
      |                 ^
[ CC nhdoom ] p_inter.c
external/nh-doom/NRF52840Doom/Doom/source/p_inter.c: In function 'P_DamageMobj':
external/nh-doom/NRF52840Doom/Doom/source/p_inter.c:824:6: warning: #warning this can be removed [-Wcpp]
  824 |     #warning this can be removed
      |      ^~~~~~~
[ CC nhdoom ] p_lights.c
[ CC nhdoom ] p_map.c
external/nh-doom/NRF52840Doom/Doom/source/p_map.c: In function 'PIT_CheckLine':
external/nh-doom/NRF52840Doom/Doom/source/p_map.c:253:9: warning: the comparison will always evaluate as 'true' for the pointer operand in '_g->sectors + (sizetype)((unsigned int)(_g->sides + (sizetype)((unsigned int)ld->sidenum[1] * 12))->sector_num * 44)' must not be NULL [-Waddress]
  253 |     if (!LN_BACKSECTOR(ld)) // one sided line
      |         ^
external/nh-doom/NRF52840Doom/Doom/source/p_map.c: In function 'PTR_ShootTraverse':
external/nh-doom/NRF52840Doom/Doom/source/p_map.c:1130:17: warning: the comparison will always evaluate as 'true' for the pointer operand in '_g->sectors + (sizetype)((unsigned int)(_g->sides + (sizetype)((unsigned int)li->sidenum[1] * 12))->sector_num * 44)' must not be NULL [-Waddress]
 1130 |             if (!LN_BACKSECTOR(li))
      |                 ^
[ CC nhdoom ] p_maputl.c
[ CC nhdoom ] p_mobj.c
[ CC nhdoom ] p_plats.c
[ CC nhdoom ] p_pspr.c
[ CC nhdoom ] p_setup.c
In file included from external/nh-doom/NRF52840Doom/Doom/source/p_setup.c:68:
external/nh-doom/NRF52840Doom/Doom/include/i_spi_support.h: In function 'spiFlashSetAddress':
external/nh-doom/NRF52840Doom/Doom/include/i_spi_support.h:79:1: warning: no return statement in function returning non-void [-Wreturn-type]
   79 | }
      | ^
[ CC nhdoom ] p_sight.c
[ CC nhdoom ] p_spec.c
[ CC nhdoom ] p_switch.c
[ CC nhdoom ] p_telept.c
external/nh-doom/NRF52840Doom/Doom/source/p_telept.c: In function 'EV_SilentLineTeleport':
external/nh-doom/NRF52840Doom/Doom/source/p_telept.c:229:41: warning: the comparison will always evaluate as 'true' for the pointer operand in '_g->sectors + (sizetype)((unsigned int)(_g->sides + (sizetype)((unsigned int)l->sidenum[1] * 12))->sector_num * 44)' must not be NULL [-Waddress]
  229 |         if ((l = _g->lines + i) != line && LN_BACKSECTOR(l))
      |                                         ^~
[ CC nhdoom ] p_tick.c
[ CC nhdoom ] p_user.c
[ CC nhdoom ] r_data.c
[ CC nhdoom ] r_draw.c
[ CC nhdoom ] r_fast_stuff.c
In file included from external/nh-doom/NRF52840Doom/Doom/source/r_fast_stuff.c:85:
external/nh-doom/NRF52840Doom/Doom/include/i_spi_support.h: In function 'spiFlashSetAddress':
external/nh-doom/NRF52840Doom/Doom/include/i_spi_support.h:79:1: warning: no return statement in function returning non-void [-Wreturn-type]
   79 | }
      | ^
In file included from external/nh-doom/NRF52840Doom/Doom/source/r_data.c:62:
external/nh-doom/NRF52840Doom/Doom/include/i_spi_support.h: In function 'spiFlashSetAddress':
external/nh-doom/NRF52840Doom/Doom/include/i_spi_support.h:79:1: warning: no return statement in function returning non-void [-Wreturn-type]
   79 | }
      | ^
[ CC nhdoom ] r_main.c
[ CC nhdoom ] r_patch.c
In file included from external/nh-doom/NRF52840Doom/Doom/source/r_patch.c:56:
external/nh-doom/NRF52840Doom/Doom/include/i_spi_support.h: In function 'spiFlashSetAddress':
external/nh-doom/NRF52840Doom/Doom/include/i_spi_support.h:79:1: warning: no return statement in function returning non-void [-Wreturn-type]
   79 | }
      | ^
[ CC nhdoom ] r_plane.c
[ CC nhdoom ] r_things.c
In file included from external/nh-doom/NRF52840Doom/Doom/source/r_things.c:61:
external/nh-doom/NRF52840Doom/Doom/include/i_spi_support.h: In function 'spiFlashSetAddress':
external/nh-doom/NRF52840Doom/Doom/include/i_spi_support.h:79:1: warning: no return statement in function returning non-void [-Wreturn-type]
   79 | }
      | ^
[ CC nhdoom ] s_sound.c
[ CC nhdoom ] sounds.c
[ CC nhdoom ] st_gfx.c
[ CC nhdoom ] st_lib.c
[ CC nhdoom ] st_stuff.c
[ CC nhdoom ] tables.c
In file included from external/nh-doom/NRF52840Doom/Doom/source/st_lib.c:58:
external/nh-doom/NRF52840Doom/Doom/include/i_spi_support.h: In function 'spiFlashSetAddress':
external/nh-doom/NRF52840Doom/Doom/include/i_spi_support.h:79:1: warning: no return statement in function returning non-void [-Wreturn-type]
   79 | }
      | ^
[ CC nhdoom ] v_video.c
[ CC nhdoom ] version.c
[ CC nhdoom ] w_wad.c
In file included from external/nh-doom/NRF52840Doom/Doom/source/v_video.c:68:
external/nh-doom/NRF52840Doom/Doom/include/i_spi_support.h: In function 'spiFlashSetAddress':
external/nh-doom/NRF52840Doom/Doom/include/i_spi_support.h:79:1: warning: no return statement in function returning non-void [-Wreturn-type]
   79 | }
      | ^
In file included from external/nh-doom/NRF52840Doom/Doom/source/w_wad.c:70:
external/nh-doom/NRF52840Doom/Doom/include/i_spi_support.h: In function 'spiFlashSetAddress':
external/nh-doom/NRF52840Doom/Doom/include/i_spi_support.h:79:1: warning: no return statement in function returning non-void [-Wreturn-type]
   79 | }
      | ^
external/nh-doom/NRF52840Doom/Doom/source/w_wad.c: In function 'FindLumpByName':
external/nh-doom/NRF52840Doom/Doom/source/w_wad.c:540:9: warning: 'strncpy' specified bound 8 equals destination size [-Wstringop-truncation]
  540 |         strncpy((char*) &nameint, name, 8);
      |         ^~~~~~~~~~~~~~~~~~~~~~~~~~~~~~~~~~
[ CC nhdoom ] wi_stuff.c
[ CC nhdoom ] z_bmalloc.c
In file included from external/nh-doom/NRF52840Doom/Doom/source/wi_stuff.c:64:
external/nh-doom/NRF52840Doom/Doom/include/i_spi_support.h: In function 'spiFlashSetAddress':
external/nh-doom/NRF52840Doom/Doom/include/i_spi_support.h:79:1: warning: no return statement in function returning non-void [-Wreturn-type]
   79 | }
      | ^
[ CC nhdoom ] z_zone.c
[ CC nhdoom ] device_main.c
[ CC nhdoom ] device_nrf.c
[ CC nhdoom ] device_video.c
[ CC nhdoom ] device_input.c
[ CC nhdoom ] device_audio.c
[ CC nhdoom ] device_sys.c
[ CXX core ] heap.cpp
[ CXX GB TGB Dual ] main_gb_tgbdual.cpp
[ CXX GB TGB Dual ] gw_renderer.cpp
[ CXX GB TGB Dual ] tgbdual_apu.cpp
external/tgbdual-go/gb_core/tgbdual_apu.cpp: In function 'unsigned int _mrand(dword)':
external/tgbdual-go/gb_core/tgbdual_apu.cpp:428:23: warning: comparison of integer expressions of different signedness: 'int' and 'dword' {aka 'long unsigned int'} [-Wsign-compare]
  428 |         if (bef_degree!=degree){
      |             ~~~~~~~~~~^~~~~~~~
[ CXX GB TGB Dual ] tgbdual_cheat.cpp
[ CXX GB TGB Dual ] tgbdual_cpu.cpp
external/tgbdual-go/gb_core/tgbdual_cpu.cpp: In member function 'byte cpu::io_read(word)':
external/tgbdual-go/gb_core/tgbdual_cpu.cpp:414:60: warning: comparison of integer expressions of different signedness: 'long unsigned int' and 'int' [-Wsign-compare]
  414 |                                 while((que[que_cnt]&0xffff)>rest_clock) cur=que[que_cnt++]>>16;
      |                                       ~~~~~~~~~~~~~~~~~~~~~^~~~~~~~~~~
[ CXX GB TGB Dual ] tgbdual_gb.cpp
[ CXX GB TGB Dual ] tgbdual_lcd.cpp
external/tgbdual-go/gb_core/tgbdual_cpu.cpp:416:76: warning: 'cur' may be used uninitialized [-Wmaybe-uninitialized]
  416 |                                 return (ref_gb->get_cregs()->RP&1)|((cur&1)<<1)|0xC0;
      |                                                                    ~~~~~~~~^~~~
external/tgbdual-go/gb_core/tgbdual_cpu.cpp:413:37: note: 'cur' was declared here
  413 |                                 int cur;
      |                                     ^~~
external/tgbdual-go/gb_core/tgbdual_lcd.cpp: In member function 'void lcd::set_palette(char)':
external/tgbdual-go/gb_core/tgbdual_lcd.cpp:77:75: warning: array subscript has type 'char' [-Wchar-subscripts]
   77 |                 m_pal16[i]=ref_gb->get_renderer()->map_color(dmg_palettes[index][i]);
      |                                                                           ^~~~~
external/tgbdual-go/gb_core/tgbdual_cpu.cpp: In member function 'byte cpu::read_direct(word)':
external/tgbdual-go/gb_core/tgbdual_cpu.cpp:272:72: warning: array subscript -41 is below array bounds of 'byte [24]' {aka 'unsigned char [24]'} [-Warray-bounds=]
  272 |                         return spare_oam[(((adr-0xFFA0)>>5)<<3)|(adr&7)];
      |                                ~~~~~~~~~~~~~~~~~~~~~~~~~~~~~~~~~~~~~~~~^
In file included from external/tgbdual-go/gb_core/tgbdual_cpu.cpp:24:
external/tgbdual-go/gb_core/gb.h:644:14: note: while referencing 'cpu::spare_oam'
  644 |         byte spare_oam[0x18];
      |              ^~~~~~~~~
[ CXX GB TGB Dual ] tgbdual_mbc.cpp
external/tgbdual-go/gb_core/tgbdual_cpu.cpp: In member function 'void cpu::write(word, byte)':
external/tgbdual-go/gb_core/tgbdual_cpu.cpp:317:65: warning: array subscript -41 is below array bounds of 'byte [24]' {aka 'unsigned char [24]'} [-Warray-bounds=]
  317 |                         spare_oam[(((adr-0xFFA0)>>5)<<3)|(adr&7)]=dat;
      |                         ~~~~~~~~~~~~~~~~~~~~~~~~~~~~~~~~~~~~~~~~^
external/tgbdual-go/gb_core/gb.h:644:14: note: while referencing 'cpu::spare_oam'
  644 |         byte spare_oam[0x18];
      |              ^~~~~~~~~
[ CXX GB TGB Dual ] tgbdual_rom.cpp
[ CXX GB TGB Dual ] tgbdual_sgb.cpp
[ CC a2600 ] DefPropsBin.c
[ CXX a2600 ] main_a2600.cxx
[ CXX a2600 ] StellaSound.cxx
[ CXX a2600 ] Booster.cxx
In file included from external/stella2014-go/stella/src/emucore/OSystem.hxx:35,
                 from external/stella2014-go/stella/src/common/StellaSound.cxx:30:
external/stella2014-go/stella/src/common/Array.hxx:43:13: warning: template-id not allowed for constructor in C++20 [-Wtemplate-id-cdtor]
   43 |     Array<T>() : _capacity(0), _size(0), _data(0) {}
      |             ^
external/stella2014-go/stella/src/common/Array.hxx:43:13: note: remove the '< >'
external/stella2014-go/stella/src/common/Array.hxx:44:13: warning: template-id not allowed for constructor in C++20 [-Wtemplate-id-cdtor]
   44 |     Array<T>(const Array<T>& array) : _capacity(0), _size(0), _data(0)
      |             ^
external/stella2014-go/stella/src/common/Array.hxx:44:13: note: remove the '< >'
external/stella2014-go/stella/src/common/Array.hxx:53:5: warning: template-id not allowed for destructor in C++20 [-Wtemplate-id-cdtor]
   53 |     ~Array<T>()
      |     ^
external/stella2014-go/stella/src/common/Array.hxx:53:5: note: remove the '< >'
[ CXX a2600 ] StellaCart.cxx
In file included from external/stella2014-go/stella/src/emucore/OSystem.hxx:35,
                 from external/stella2014-go/stella/src/emucore/Console.hxx:37,
                 from Core/Src/porting/a2600/main_a2600.cxx:26:
external/stella2014-go/stella/src/common/Array.hxx:43:13: warning: template-id not allowed for constructor in C++20 [-Wtemplate-id-cdtor]
   43 |     Array<T>() : _capacity(0), _size(0), _data(0) {}
      |             ^
external/stella2014-go/stella/src/common/Array.hxx:43:13: note: remove the '< >'
external/stella2014-go/stella/src/common/Array.hxx:44:13: warning: template-id not allowed for constructor in C++20 [-Wtemplate-id-cdtor]
   44 |     Array<T>(const Array<T>& array) : _capacity(0), _size(0), _data(0)
      |             ^
external/stella2014-go/stella/src/common/Array.hxx:44:13: note: remove the '< >'
external/stella2014-go/stella/src/common/Array.hxx:53:5: warning: template-id not allowed for destructor in C++20 [-Wtemplate-id-cdtor]
   53 |     ~Array<T>()
      |     ^
external/stella2014-go/stella/src/common/Array.hxx:53:5: note: remove the '< >'
In file included from external/stella2014-go/stella/src/emucore/Cart.hxx:32,
                 from external/stella2014-go/stella/src/emucore/StellaCart.cxx:23:
external/stella2014-go/stella/src/common/Array.hxx:43:13: warning: template-id not allowed for constructor in C++20 [-Wtemplate-id-cdtor]
   43 |     Array<T>() : _capacity(0), _size(0), _data(0) {}
      |             ^
external/stella2014-go/stella/src/common/Array.hxx:43:13: note: remove the '< >'
external/stella2014-go/stella/src/common/Array.hxx:44:13: warning: template-id not allowed for constructor in C++20 [-Wtemplate-id-cdtor]
   44 |     Array<T>(const Array<T>& array) : _capacity(0), _size(0), _data(0)
      |             ^
external/stella2014-go/stella/src/common/Array.hxx:44:13: note: remove the '< >'
external/stella2014-go/stella/src/common/Array.hxx:53:5: warning: template-id not allowed for destructor in C++20 [-Wtemplate-id-cdtor]
   53 |     ~Array<T>()
      |     ^
external/stella2014-go/stella/src/common/Array.hxx:53:5: note: remove the '< >'
[ CXX a2600 ] Cart0840.cxx
In file included from external/stella2014-go/stella/src/emucore/Cart.hxx:32,
                 from external/stella2014-go/stella/src/emucore/Cart0840.hxx:24,
                 from external/stella2014-go/stella/src/emucore/Cart0840.cxx:23:
external/stella2014-go/stella/src/common/Array.hxx:43:13: warning: template-id not allowed for constructor in C++20 [-Wtemplate-id-cdtor]
   43 |     Array<T>() : _capacity(0), _size(0), _data(0) {}
      |             ^
external/stella2014-go/stella/src/common/Array.hxx:43:13: note: remove the '< >'
external/stella2014-go/stella/src/common/Array.hxx:44:13: warning: template-id not allowed for constructor in C++20 [-Wtemplate-id-cdtor]
   44 |     Array<T>(const Array<T>& array) : _capacity(0), _size(0), _data(0)
      |             ^
external/stella2014-go/stella/src/common/Array.hxx:44:13: note: remove the '< >'
external/stella2014-go/stella/src/common/Array.hxx:53:5: warning: template-id not allowed for destructor in C++20 [-Wtemplate-id-cdtor]
   53 |     ~Array<T>()
      |     ^
external/stella2014-go/stella/src/common/Array.hxx:53:5: note: remove the '< >'
[ CXX a2600 ] Cart2K.cxx
[ CXX a2600 ] Cart3E.cxx
In file included from external/stella2014-go/stella/src/emucore/Cart.hxx:32,
                 from external/stella2014-go/stella/src/emucore/Cart2K.hxx:26,
                 from external/stella2014-go/stella/src/emucore/Cart2K.cxx:23:
external/stella2014-go/stella/src/common/Array.hxx:43:13: warning: template-id not allowed for constructor in C++20 [-Wtemplate-id-cdtor]
   43 |     Array<T>() : _capacity(0), _size(0), _data(0) {}
      |             ^
external/stella2014-go/stella/src/common/Array.hxx:43:13: note: remove the '< >'
external/stella2014-go/stella/src/common/Array.hxx:44:13: warning: template-id not allowed for constructor in C++20 [-Wtemplate-id-cdtor]
   44 |     Array<T>(const Array<T>& array) : _capacity(0), _size(0), _data(0)
      |             ^
external/stella2014-go/stella/src/common/Array.hxx:44:13: note: remove the '< >'
external/stella2014-go/stella/src/common/Array.hxx:53:5: warning: template-id not allowed for destructor in C++20 [-Wtemplate-id-cdtor]
   53 |     ~Array<T>()
      |     ^
external/stella2014-go/stella/src/common/Array.hxx:53:5: note: remove the '< >'
[ CXX a2600 ] Cart3F.cxx
In file included from external/stella2014-go/stella/src/emucore/Cart.hxx:32,
                 from external/stella2014-go/stella/src/emucore/Cart3E.hxx:26,
                 from external/stella2014-go/stella/src/emucore/Cart3E.cxx:24:
external/stella2014-go/stella/src/common/Array.hxx:43:13: warning: template-id not allowed for constructor in C++20 [-Wtemplate-id-cdtor]
   43 |     Array<T>() : _capacity(0), _size(0), _data(0) {}
      |             ^
external/stella2014-go/stella/src/common/Array.hxx:43:13: note: remove the '< >'
external/stella2014-go/stella/src/common/Array.hxx:44:13: warning: template-id not allowed for constructor in C++20 [-Wtemplate-id-cdtor]
   44 |     Array<T>(const Array<T>& array) : _capacity(0), _size(0), _data(0)
      |             ^
external/stella2014-go/stella/src/common/Array.hxx:44:13: note: remove the '< >'
external/stella2014-go/stella/src/common/Array.hxx:53:5: warning: template-id not allowed for destructor in C++20 [-Wtemplate-id-cdtor]
   53 |     ~Array<T>()
      |     ^
external/stella2014-go/stella/src/common/Array.hxx:53:5: note: remove the '< >'
[ CXX a2600 ] Cart4A50.cxx
In file included from external/stella2014-go/stella/src/emucore/Cart.hxx:32,
                 from external/stella2014-go/stella/src/emucore/Cart3F.hxx:26,
                 from external/stella2014-go/stella/src/emucore/Cart3F.cxx:24:
external/stella2014-go/stella/src/common/Array.hxx:43:13: warning: template-id not allowed for constructor in C++20 [-Wtemplate-id-cdtor]
   43 |     Array<T>() : _capacity(0), _size(0), _data(0) {}
      |             ^
external/stella2014-go/stella/src/common/Array.hxx:43:13: note: remove the '< >'
external/stella2014-go/stella/src/common/Array.hxx:44:13: warning: template-id not allowed for constructor in C++20 [-Wtemplate-id-cdtor]
   44 |     Array<T>(const Array<T>& array) : _capacity(0), _size(0), _data(0)
      |             ^
external/stella2014-go/stella/src/common/Array.hxx:44:13: note: remove the '< >'
external/stella2014-go/stella/src/common/Array.hxx:53:5: warning: template-id not allowed for destructor in C++20 [-Wtemplate-id-cdtor]
   53 |     ~Array<T>()
      |     ^
external/stella2014-go/stella/src/common/Array.hxx:53:5: note: remove the '< >'
In file included from external/stella2014-go/stella/src/emucore/Cart.hxx:32,
                 from external/stella2014-go/stella/src/emucore/Cart4A50.hxx:26,
                 from external/stella2014-go/stella/src/emucore/Cart4A50.cxx:25:
external/stella2014-go/stella/src/common/Array.hxx:43:13: warning: template-id not allowed for constructor in C++20 [-Wtemplate-id-cdtor]
   43 |     Array<T>() : _capacity(0), _size(0), _data(0) {}
      |             ^
external/stella2014-go/stella/src/common/Array.hxx:43:13: note: remove the '< >'
external/stella2014-go/stella/src/common/Array.hxx:44:13: warning: template-id not allowed for constructor in C++20 [-Wtemplate-id-cdtor]
   44 |     Array<T>(const Array<T>& array) : _capacity(0), _size(0), _data(0)
      |             ^
external/stella2014-go/stella/src/common/Array.hxx:44:13: note: remove the '< >'
external/stella2014-go/stella/src/common/Array.hxx:53:5: warning: template-id not allowed for destructor in C++20 [-Wtemplate-id-cdtor]
   53 |     ~Array<T>()
      |     ^
external/stella2014-go/stella/src/common/Array.hxx:53:5: note: remove the '< >'
[ CXX a2600 ] Cart4K.cxx
[ CXX a2600 ] Cart4KSC.cxx
[ CXX a2600 ] CartAR.cxx
In file included from external/stella2014-go/stella/src/emucore/Cart.hxx:32,
                 from external/stella2014-go/stella/src/emucore/Cart4K.hxx:26,
                 from external/stella2014-go/stella/src/emucore/Cart4K.cxx:23:
external/stella2014-go/stella/src/common/Array.hxx:43:13: warning: template-id not allowed for constructor in C++20 [-Wtemplate-id-cdtor]
   43 |     Array<T>() : _capacity(0), _size(0), _data(0) {}
      |             ^
external/stella2014-go/stella/src/common/Array.hxx:43:13: note: remove the '< >'
external/stella2014-go/stella/src/common/Array.hxx:44:13: warning: template-id not allowed for constructor in C++20 [-Wtemplate-id-cdtor]
   44 |     Array<T>(const Array<T>& array) : _capacity(0), _size(0), _data(0)
      |             ^
external/stella2014-go/stella/src/common/Array.hxx:44:13: note: remove the '< >'
external/stella2014-go/stella/src/common/Array.hxx:53:5: warning: template-id not allowed for destructor in C++20 [-Wtemplate-id-cdtor]
   53 |     ~Array<T>()
      |     ^
external/stella2014-go/stella/src/common/Array.hxx:53:5: note: remove the '< >'
In file included from external/stella2014-go/stella/src/emucore/Cart.hxx:32,
                 from external/stella2014-go/stella/src/emucore/Cart4KSC.hxx:26,
                 from external/stella2014-go/stella/src/emucore/Cart4KSC.cxx:23:
external/stella2014-go/stella/src/common/Array.hxx:43:13: warning: template-id not allowed for constructor in C++20 [-Wtemplate-id-cdtor]
   43 |     Array<T>() : _capacity(0), _size(0), _data(0) {}
      |             ^
external/stella2014-go/stella/src/common/Array.hxx:43:13: note: remove the '< >'
external/stella2014-go/stella/src/common/Array.hxx:44:13: warning: template-id not allowed for constructor in C++20 [-Wtemplate-id-cdtor]
   44 |     Array<T>(const Array<T>& array) : _capacity(0), _size(0), _data(0)
      |             ^
external/stella2014-go/stella/src/common/Array.hxx:44:13: note: remove the '< >'
external/stella2014-go/stella/src/common/Array.hxx:53:5: warning: template-id not allowed for destructor in C++20 [-Wtemplate-id-cdtor]
   53 |     ~Array<T>()
      |     ^
external/stella2014-go/stella/src/common/Array.hxx:53:5: note: remove the '< >'
[ CXX a2600 ] CartBF.cxx
In file included from external/stella2014-go/stella/src/emucore/M6502.hxx:31,
                 from external/stella2014-go/stella/src/emucore/CartAR.cxx:22:
external/stella2014-go/stella/src/common/Array.hxx:43:13: warning: template-id not allowed for constructor in C++20 [-Wtemplate-id-cdtor]
   43 |     Array<T>() : _capacity(0), _size(0), _data(0) {}
      |             ^
external/stella2014-go/stella/src/common/Array.hxx:43:13: note: remove the '< >'
external/stella2014-go/stella/src/common/Array.hxx:44:13: warning: template-id not allowed for constructor in C++20 [-Wtemplate-id-cdtor]
   44 |     Array<T>(const Array<T>& array) : _capacity(0), _size(0), _data(0)
      |             ^
external/stella2014-go/stella/src/common/Array.hxx:44:13: note: remove the '< >'
external/stella2014-go/stella/src/common/Array.hxx:53:5: warning: template-id not allowed for destructor in C++20 [-Wtemplate-id-cdtor]
   53 |     ~Array<T>()
      |     ^
external/stella2014-go/stella/src/common/Array.hxx:53:5: note: remove the '< >'
[ CXX a2600 ] CartBFSC.cxx
[ CXX a2600 ] CartCM.cxx
In file included from external/stella2014-go/stella/src/emucore/Cart.hxx:32,
                 from external/stella2014-go/stella/src/emucore/CartBF.hxx:26,
                 from external/stella2014-go/stella/src/emucore/CartBF.cxx:23:
external/stella2014-go/stella/src/common/Array.hxx:43:13: warning: template-id not allowed for constructor in C++20 [-Wtemplate-id-cdtor]
   43 |     Array<T>() : _capacity(0), _size(0), _data(0) {}
      |             ^
external/stella2014-go/stella/src/common/Array.hxx:43:13: note: remove the '< >'
external/stella2014-go/stella/src/common/Array.hxx:44:13: warning: template-id not allowed for constructor in C++20 [-Wtemplate-id-cdtor]
   44 |     Array<T>(const Array<T>& array) : _capacity(0), _size(0), _data(0)
      |             ^
external/stella2014-go/stella/src/common/Array.hxx:44:13: note: remove the '< >'
external/stella2014-go/stella/src/common/Array.hxx:53:5: warning: template-id not allowed for destructor in C++20 [-Wtemplate-id-cdtor]
   53 |     ~Array<T>()
      |     ^
external/stella2014-go/stella/src/common/Array.hxx:53:5: note: remove the '< >'
In file included from external/stella2014-go/stella/src/emucore/Cart.hxx:32,
                 from external/stella2014-go/stella/src/emucore/CartBFSC.hxx:26,
                 from external/stella2014-go/stella/src/emucore/CartBFSC.cxx:23:
external/stella2014-go/stella/src/common/Array.hxx:43:13: warning: template-id not allowed for constructor in C++20 [-Wtemplate-id-cdtor]
   43 |     Array<T>() : _capacity(0), _size(0), _data(0) {}
      |             ^
external/stella2014-go/stella/src/common/Array.hxx:43:13: note: remove the '< >'
external/stella2014-go/stella/src/common/Array.hxx:44:13: warning: template-id not allowed for constructor in C++20 [-Wtemplate-id-cdtor]
   44 |     Array<T>(const Array<T>& array) : _capacity(0), _size(0), _data(0)
      |             ^
external/stella2014-go/stella/src/common/Array.hxx:44:13: note: remove the '< >'
external/stella2014-go/stella/src/common/Array.hxx:53:5: warning: template-id not allowed for destructor in C++20 [-Wtemplate-id-cdtor]
   53 |     ~Array<T>()
      |     ^
external/stella2014-go/stella/src/common/Array.hxx:53:5: note: remove the '< >'
In file included from external/stella2014-go/stella/src/emucore/Cart.hxx:32,
                 from external/stella2014-go/stella/src/emucore/CartCM.hxx:26,
                 from external/stella2014-go/stella/src/emucore/CartCM.cxx:24:
external/stella2014-go/stella/src/common/Array.hxx:43:13: warning: template-id not allowed for constructor in C++20 [-Wtemplate-id-cdtor]
   43 |     Array<T>() : _capacity(0), _size(0), _data(0) {}
      |             ^
external/stella2014-go/stella/src/common/Array.hxx:43:13: note: remove the '< >'
external/stella2014-go/stella/src/common/Array.hxx:44:13: warning: template-id not allowed for constructor in C++20 [-Wtemplate-id-cdtor]
   44 |     Array<T>(const Array<T>& array) : _capacity(0), _size(0), _data(0)
      |             ^
external/stella2014-go/stella/src/common/Array.hxx:44:13: note: remove the '< >'
external/stella2014-go/stella/src/common/Array.hxx:53:5: warning: template-id not allowed for destructor in C++20 [-Wtemplate-id-cdtor]
   53 |     ~Array<T>()
      |     ^
external/stella2014-go/stella/src/common/Array.hxx:53:5: note: remove the '< >'
[ CXX a2600 ] CartCTY.cxx
[ CXX a2600 ] CartCV.cxx
[ CXX a2600 ] CartDF.cxx
In file included from external/stella2014-go/stella/src/emucore/Cart.hxx:32,
                 from external/stella2014-go/stella/src/emucore/CartCV.hxx:26,
                 from external/stella2014-go/stella/src/emucore/CartCV.cxx:23:
external/stella2014-go/stella/src/common/Array.hxx:43:13: warning: template-id not allowed for constructor in C++20 [-Wtemplate-id-cdtor]
   43 |     Array<T>() : _capacity(0), _size(0), _data(0) {}
      |             ^
external/stella2014-go/stella/src/common/Array.hxx:43:13: note: remove the '< >'
external/stella2014-go/stella/src/common/Array.hxx:44:13: warning: template-id not allowed for constructor in C++20 [-Wtemplate-id-cdtor]
   44 |     Array<T>(const Array<T>& array) : _capacity(0), _size(0), _data(0)
      |             ^
external/stella2014-go/stella/src/common/Array.hxx:44:13: note: remove the '< >'
external/stella2014-go/stella/src/common/Array.hxx:53:5: warning: template-id not allowed for destructor in C++20 [-Wtemplate-id-cdtor]
   53 |     ~Array<T>()
      |     ^
external/stella2014-go/stella/src/common/Array.hxx:53:5: note: remove the '< >'
In file included from external/stella2014-go/stella/src/emucore/OSystem.hxx:35,
                 from external/stella2014-go/stella/src/emucore/CartCTY.cxx:22:
external/stella2014-go/stella/src/common/Array.hxx:43:13: warning: template-id not allowed for constructor in C++20 [-Wtemplate-id-cdtor]
   43 |     Array<T>() : _capacity(0), _size(0), _data(0) {}
      |             ^
external/stella2014-go/stella/src/common/Array.hxx:43:13: note: remove the '< >'
external/stella2014-go/stella/src/common/Array.hxx:44:13: warning: template-id not allowed for constructor in C++20 [-Wtemplate-id-cdtor]
   44 |     Array<T>(const Array<T>& array) : _capacity(0), _size(0), _data(0)
      |             ^
external/stella2014-go/stella/src/common/Array.hxx:44:13: note: remove the '< >'
external/stella2014-go/stella/src/common/Array.hxx:53:5: warning: template-id not allowed for destructor in C++20 [-Wtemplate-id-cdtor]
   53 |     ~Array<T>()
      |     ^
external/stella2014-go/stella/src/common/Array.hxx:53:5: note: remove the '< >'
[ CXX a2600 ] CartDFSC.cxx
In file included from external/stella2014-go/stella/src/emucore/Cart.hxx:32,
                 from external/stella2014-go/stella/src/emucore/CartDF.hxx:26,
                 from external/stella2014-go/stella/src/emucore/CartDF.cxx:23:
external/stella2014-go/stella/src/common/Array.hxx:43:13: warning: template-id not allowed for constructor in C++20 [-Wtemplate-id-cdtor]
   43 |     Array<T>() : _capacity(0), _size(0), _data(0) {}
      |             ^
external/stella2014-go/stella/src/common/Array.hxx:43:13: note: remove the '< >'
external/stella2014-go/stella/src/common/Array.hxx:44:13: warning: template-id not allowed for constructor in C++20 [-Wtemplate-id-cdtor]
   44 |     Array<T>(const Array<T>& array) : _capacity(0), _size(0), _data(0)
      |             ^
external/stella2014-go/stella/src/common/Array.hxx:44:13: note: remove the '< >'
external/stella2014-go/stella/src/common/Array.hxx:53:5: warning: template-id not allowed for destructor in C++20 [-Wtemplate-id-cdtor]
   53 |     ~Array<T>()
      |     ^
external/stella2014-go/stella/src/common/Array.hxx:53:5: note: remove the '< >'
In file included from external/stella2014-go/stella/src/emucore/Cart.hxx:32,
                 from external/stella2014-go/stella/src/emucore/CartDFSC.hxx:26,
                 from external/stella2014-go/stella/src/emucore/CartDFSC.cxx:23:
external/stella2014-go/stella/src/common/Array.hxx:43:13: warning: template-id not allowed for constructor in C++20 [-Wtemplate-id-cdtor]
   43 |     Array<T>() : _capacity(0), _size(0), _data(0) {}
      |             ^
external/stella2014-go/stella/src/common/Array.hxx:43:13: note: remove the '< >'
external/stella2014-go/stella/src/common/Array.hxx:44:13: warning: template-id not allowed for constructor in C++20 [-Wtemplate-id-cdtor]
   44 |     Array<T>(const Array<T>& array) : _capacity(0), _size(0), _data(0)
      |             ^
external/stella2014-go/stella/src/common/Array.hxx:44:13: note: remove the '< >'
external/stella2014-go/stella/src/common/Array.hxx:53:5: warning: template-id not allowed for destructor in C++20 [-Wtemplate-id-cdtor]
   53 |     ~Array<T>()
      |     ^
external/stella2014-go/stella/src/common/Array.hxx:53:5: note: remove the '< >'
[ CXX a2600 ] CartDPC.cxx
[ CXX a2600 ] CartDPCPlus.cxx
In file included from external/stella2014-go/stella/src/emucore/Cart.hxx:32,
                 from external/stella2014-go/stella/src/emucore/CartDPC.hxx:26,
                 from external/stella2014-go/stella/src/emucore/CartDPC.cxx:23:
external/stella2014-go/stella/src/common/Array.hxx:43:13: warning: template-id not allowed for constructor in C++20 [-Wtemplate-id-cdtor]
   43 |     Array<T>() : _capacity(0), _size(0), _data(0) {}
      |             ^
external/stella2014-go/stella/src/common/Array.hxx:43:13: note: remove the '< >'
external/stella2014-go/stella/src/common/Array.hxx:44:13: warning: template-id not allowed for constructor in C++20 [-Wtemplate-id-cdtor]
   44 |     Array<T>(const Array<T>& array) : _capacity(0), _size(0), _data(0)
      |             ^
external/stella2014-go/stella/src/common/Array.hxx:44:13: note: remove the '< >'
external/stella2014-go/stella/src/common/Array.hxx:53:5: warning: template-id not allowed for destructor in C++20 [-Wtemplate-id-cdtor]
   53 |     ~Array<T>()
      |     ^
external/stella2014-go/stella/src/common/Array.hxx:53:5: note: remove the '< >'
[ CXX a2600 ] CartE0.cxx
In file included from external/stella2014-go/stella/src/emucore/Cart.hxx:32,
                 from external/stella2014-go/stella/src/emucore/CartDPCPlus.hxx:29,
                 from external/stella2014-go/stella/src/emucore/CartDPCPlus.cxx:24:
external/stella2014-go/stella/src/common/Array.hxx:43:13: warning: template-id not allowed for constructor in C++20 [-Wtemplate-id-cdtor]
   43 |     Array<T>() : _capacity(0), _size(0), _data(0) {}
      |             ^
external/stella2014-go/stella/src/common/Array.hxx:43:13: note: remove the '< >'
external/stella2014-go/stella/src/common/Array.hxx:44:13: warning: template-id not allowed for constructor in C++20 [-Wtemplate-id-cdtor]
   44 |     Array<T>(const Array<T>& array) : _capacity(0), _size(0), _data(0)
      |             ^
external/stella2014-go/stella/src/common/Array.hxx:44:13: note: remove the '< >'
external/stella2014-go/stella/src/common/Array.hxx:53:5: warning: template-id not allowed for destructor in C++20 [-Wtemplate-id-cdtor]
   53 |     ~Array<T>()
      |     ^
external/stella2014-go/stella/src/common/Array.hxx:53:5: note: remove the '< >'
[ CXX a2600 ] CartE7.cxx
In file included from external/stella2014-go/stella/src/emucore/Cart.hxx:32,
                 from external/stella2014-go/stella/src/emucore/CartE0.hxx:26,
                 from external/stella2014-go/stella/src/emucore/CartE0.cxx:23:
external/stella2014-go/stella/src/common/Array.hxx:43:13: warning: template-id not allowed for constructor in C++20 [-Wtemplate-id-cdtor]
   43 |     Array<T>() : _capacity(0), _size(0), _data(0) {}
      |             ^
external/stella2014-go/stella/src/common/Array.hxx:43:13: note: remove the '< >'
external/stella2014-go/stella/src/common/Array.hxx:44:13: warning: template-id not allowed for constructor in C++20 [-Wtemplate-id-cdtor]
   44 |     Array<T>(const Array<T>& array) : _capacity(0), _size(0), _data(0)
      |             ^
external/stella2014-go/stella/src/common/Array.hxx:44:13: note: remove the '< >'
external/stella2014-go/stella/src/common/Array.hxx:53:5: warning: template-id not allowed for destructor in C++20 [-Wtemplate-id-cdtor]
   53 |     ~Array<T>()
      |     ^
external/stella2014-go/stella/src/common/Array.hxx:53:5: note: remove the '< >'
[ CXX a2600 ] CartEF.cxx
In file included from external/stella2014-go/stella/src/emucore/Cart.hxx:32,
                 from external/stella2014-go/stella/src/emucore/CartE7.hxx:26,
                 from external/stella2014-go/stella/src/emucore/CartE7.cxx:23:
external/stella2014-go/stella/src/common/Array.hxx:43:13: warning: template-id not allowed for constructor in C++20 [-Wtemplate-id-cdtor]
   43 |     Array<T>() : _capacity(0), _size(0), _data(0) {}
      |             ^
external/stella2014-go/stella/src/common/Array.hxx:43:13: note: remove the '< >'
external/stella2014-go/stella/src/common/Array.hxx:44:13: warning: template-id not allowed for constructor in C++20 [-Wtemplate-id-cdtor]
   44 |     Array<T>(const Array<T>& array) : _capacity(0), _size(0), _data(0)
      |             ^
external/stella2014-go/stella/src/common/Array.hxx:44:13: note: remove the '< >'
external/stella2014-go/stella/src/common/Array.hxx:53:5: warning: template-id not allowed for destructor in C++20 [-Wtemplate-id-cdtor]
   53 |     ~Array<T>()
      |     ^
external/stella2014-go/stella/src/common/Array.hxx:53:5: note: remove the '< >'
[ CXX a2600 ] CartEFSC.cxx
In file included from external/stella2014-go/stella/src/emucore/Cart.hxx:32,
                 from external/stella2014-go/stella/src/emucore/CartEF.hxx:26,
                 from external/stella2014-go/stella/src/emucore/CartEF.cxx:23:
external/stella2014-go/stella/src/common/Array.hxx:43:13: warning: template-id not allowed for constructor in C++20 [-Wtemplate-id-cdtor]
   43 |     Array<T>() : _capacity(0), _size(0), _data(0) {}
      |             ^
external/stella2014-go/stella/src/common/Array.hxx:43:13: note: remove the '< >'
external/stella2014-go/stella/src/common/Array.hxx:44:13: warning: template-id not allowed for constructor in C++20 [-Wtemplate-id-cdtor]
   44 |     Array<T>(const Array<T>& array) : _capacity(0), _size(0), _data(0)
      |             ^
external/stella2014-go/stella/src/common/Array.hxx:44:13: note: remove the '< >'
external/stella2014-go/stella/src/common/Array.hxx:53:5: warning: template-id not allowed for destructor in C++20 [-Wtemplate-id-cdtor]
   53 |     ~Array<T>()
      |     ^
external/stella2014-go/stella/src/common/Array.hxx:53:5: note: remove the '< >'
[ CXX a2600 ] CartF0.cxx
In file included from external/stella2014-go/stella/src/emucore/Cart.hxx:32,
                 from external/stella2014-go/stella/src/emucore/CartEFSC.hxx:26,
                 from external/stella2014-go/stella/src/emucore/CartEFSC.cxx:23:
external/stella2014-go/stella/src/common/Array.hxx:43:13: warning: template-id not allowed for constructor in C++20 [-Wtemplate-id-cdtor]
   43 |     Array<T>() : _capacity(0), _size(0), _data(0) {}
      |             ^
external/stella2014-go/stella/src/common/Array.hxx:43:13: note: remove the '< >'
external/stella2014-go/stella/src/common/Array.hxx:44:13: warning: template-id not allowed for constructor in C++20 [-Wtemplate-id-cdtor]
   44 |     Array<T>(const Array<T>& array) : _capacity(0), _size(0), _data(0)
      |             ^
external/stella2014-go/stella/src/common/Array.hxx:44:13: note: remove the '< >'
external/stella2014-go/stella/src/common/Array.hxx:53:5: warning: template-id not allowed for destructor in C++20 [-Wtemplate-id-cdtor]
   53 |     ~Array<T>()
      |     ^
external/stella2014-go/stella/src/common/Array.hxx:53:5: note: remove the '< >'
[ CXX a2600 ] CartF4.cxx
In file included from external/stella2014-go/stella/src/emucore/Cart.hxx:32,
                 from external/stella2014-go/stella/src/emucore/CartF0.hxx:26,
                 from external/stella2014-go/stella/src/emucore/CartF0.cxx:23:
external/stella2014-go/stella/src/common/Array.hxx:43:13: warning: template-id not allowed for constructor in C++20 [-Wtemplate-id-cdtor]
   43 |     Array<T>() : _capacity(0), _size(0), _data(0) {}
      |             ^
external/stella2014-go/stella/src/common/Array.hxx:43:13: note: remove the '< >'
external/stella2014-go/stella/src/common/Array.hxx:44:13: warning: template-id not allowed for constructor in C++20 [-Wtemplate-id-cdtor]
   44 |     Array<T>(const Array<T>& array) : _capacity(0), _size(0), _data(0)
      |             ^
external/stella2014-go/stella/src/common/Array.hxx:44:13: note: remove the '< >'
external/stella2014-go/stella/src/common/Array.hxx:53:5: warning: template-id not allowed for destructor in C++20 [-Wtemplate-id-cdtor]
   53 |     ~Array<T>()
      |     ^
external/stella2014-go/stella/src/common/Array.hxx:53:5: note: remove the '< >'
[ CXX a2600 ] CartF4SC.cxx
In file included from external/stella2014-go/stella/src/emucore/Cart.hxx:32,
                 from external/stella2014-go/stella/src/emucore/CartF4.hxx:26,
                 from external/stella2014-go/stella/src/emucore/CartF4.cxx:24:
external/stella2014-go/stella/src/common/Array.hxx:43:13: warning: template-id not allowed for constructor in C++20 [-Wtemplate-id-cdtor]
   43 |     Array<T>() : _capacity(0), _size(0), _data(0) {}
      |             ^
external/stella2014-go/stella/src/common/Array.hxx:43:13: note: remove the '< >'
external/stella2014-go/stella/src/common/Array.hxx:44:13: warning: template-id not allowed for constructor in C++20 [-Wtemplate-id-cdtor]
   44 |     Array<T>(const Array<T>& array) : _capacity(0), _size(0), _data(0)
      |             ^
external/stella2014-go/stella/src/common/Array.hxx:44:13: note: remove the '< >'
external/stella2014-go/stella/src/common/Array.hxx:53:5: warning: template-id not allowed for destructor in C++20 [-Wtemplate-id-cdtor]
   53 |     ~Array<T>()
      |     ^
external/stella2014-go/stella/src/common/Array.hxx:53:5: note: remove the '< >'
In file included from external/stella2014-go/stella/src/emucore/Cart.hxx:32,
                 from external/stella2014-go/stella/src/emucore/CartF4SC.hxx:26,
                 from external/stella2014-go/stella/src/emucore/CartF4SC.cxx:23:
external/stella2014-go/stella/src/common/Array.hxx:43:13: warning: template-id not allowed for constructor in C++20 [-Wtemplate-id-cdtor]
   43 |     Array<T>() : _capacity(0), _size(0), _data(0) {}
      |             ^
external/stella2014-go/stella/src/common/Array.hxx:43:13: note: remove the '< >'
external/stella2014-go/stella/src/common/Array.hxx:44:13: warning: template-id not allowed for constructor in C++20 [-Wtemplate-id-cdtor]
   44 |     Array<T>(const Array<T>& array) : _capacity(0), _size(0), _data(0)
      |             ^
external/stella2014-go/stella/src/common/Array.hxx:44:13: note: remove the '< >'
external/stella2014-go/stella/src/common/Array.hxx:53:5: warning: template-id not allowed for destructor in C++20 [-Wtemplate-id-cdtor]
   53 |     ~Array<T>()
      |     ^
external/stella2014-go/stella/src/common/Array.hxx:53:5: note: remove the '< >'
[ CXX a2600 ] CartF6.cxx
[ CXX a2600 ] CartF6SC.cxx
[ CXX a2600 ] CartF8.cxx
[ CXX a2600 ] CartF8SC.cxx
In file included from external/stella2014-go/stella/src/emucore/Cart.hxx:32,
                 from external/stella2014-go/stella/src/emucore/CartF6SC.hxx:26,
                 from external/stella2014-go/stella/src/emucore/CartF6SC.cxx:23:
external/stella2014-go/stella/src/common/Array.hxx:43:13: warning: template-id not allowed for constructor in C++20 [-Wtemplate-id-cdtor]
   43 |     Array<T>() : _capacity(0), _size(0), _data(0) {}
      |             ^
external/stella2014-go/stella/src/common/Array.hxx:43:13: note: remove the '< >'
external/stella2014-go/stella/src/common/Array.hxx:44:13: warning: template-id not allowed for constructor in C++20 [-Wtemplate-id-cdtor]
   44 |     Array<T>(const Array<T>& array) : _capacity(0), _size(0), _data(0)
      |             ^
external/stella2014-go/stella/src/common/Array.hxx:44:13: note: remove the '< >'
external/stella2014-go/stella/src/common/Array.hxx:53:5: warning: template-id not allowed for destructor in C++20 [-Wtemplate-id-cdtor]
   53 |     ~Array<T>()
      |     ^
external/stella2014-go/stella/src/common/Array.hxx:53:5: note: remove the '< >'
In file included from external/stella2014-go/stella/src/emucore/Cart.hxx:32,
                 from external/stella2014-go/stella/src/emucore/CartF6.hxx:26,
                 from external/stella2014-go/stella/src/emucore/CartF6.cxx:23:
external/stella2014-go/stella/src/common/Array.hxx:43:13: warning: template-id not allowed for constructor in C++20 [-Wtemplate-id-cdtor]
   43 |     Array<T>() : _capacity(0), _size(0), _data(0) {}
      |             ^
external/stella2014-go/stella/src/common/Array.hxx:43:13: note: remove the '< >'
external/stella2014-go/stella/src/common/Array.hxx:44:13: warning: template-id not allowed for constructor in C++20 [-Wtemplate-id-cdtor]
   44 |     Array<T>(const Array<T>& array) : _capacity(0), _size(0), _data(0)
      |             ^
external/stella2014-go/stella/src/common/Array.hxx:44:13: note: remove the '< >'
external/stella2014-go/stella/src/common/Array.hxx:53:5: warning: template-id not allowed for destructor in C++20 [-Wtemplate-id-cdtor]
   53 |     ~Array<T>()
      |     ^
external/stella2014-go/stella/src/common/Array.hxx:53:5: note: remove the '< >'
In file included from external/stella2014-go/stella/src/emucore/Cart.hxx:32,
                 from external/stella2014-go/stella/src/emucore/CartF8SC.hxx:26,
                 from external/stella2014-go/stella/src/emucore/CartF8SC.cxx:23:
external/stella2014-go/stella/src/common/Array.hxx:43:13: warning: template-id not allowed for constructor in C++20 [-Wtemplate-id-cdtor]
   43 |     Array<T>() : _capacity(0), _size(0), _data(0) {}
      |             ^
external/stella2014-go/stella/src/common/Array.hxx:43:13: note: remove the '< >'
external/stella2014-go/stella/src/common/Array.hxx:44:13: warning: template-id not allowed for constructor in C++20 [-Wtemplate-id-cdtor]
   44 |     Array<T>(const Array<T>& array) : _capacity(0), _size(0), _data(0)
      |             ^
external/stella2014-go/stella/src/common/Array.hxx:44:13: note: remove the '< >'
external/stella2014-go/stella/src/common/Array.hxx:53:5: warning: template-id not allowed for destructor in C++20 [-Wtemplate-id-cdtor]
   53 |     ~Array<T>()
      |     ^
external/stella2014-go/stella/src/common/Array.hxx:53:5: note: remove the '< >'
In file included from external/stella2014-go/stella/src/emucore/Cart.hxx:32,
                 from external/stella2014-go/stella/src/emucore/CartF8.hxx:26,
                 from external/stella2014-go/stella/src/emucore/CartF8.cxx:23:
external/stella2014-go/stella/src/common/Array.hxx:43:13: warning: template-id not allowed for constructor in C++20 [-Wtemplate-id-cdtor]
   43 |     Array<T>() : _capacity(0), _size(0), _data(0) {}
      |             ^
external/stella2014-go/stella/src/common/Array.hxx:43:13: note: remove the '< >'
external/stella2014-go/stella/src/common/Array.hxx:44:13: warning: template-id not allowed for constructor in C++20 [-Wtemplate-id-cdtor]
   44 |     Array<T>(const Array<T>& array) : _capacity(0), _size(0), _data(0)
      |             ^
external/stella2014-go/stella/src/common/Array.hxx:44:13: note: remove the '< >'
external/stella2014-go/stella/src/common/Array.hxx:53:5: warning: template-id not allowed for destructor in C++20 [-Wtemplate-id-cdtor]
   53 |     ~Array<T>()
      |     ^
external/stella2014-go/stella/src/common/Array.hxx:53:5: note: remove the '< >'
[ CXX a2600 ] CartFA.cxx
[ CXX a2600 ] CartFA2.cxx
[ CXX a2600 ] CartFE.cxx
[ CXX a2600 ] CartMC.cxx
In file included from external/stella2014-go/stella/src/emucore/Cart.hxx:32,
                 from external/stella2014-go/stella/src/emucore/CartFA.hxx:26,
                 from external/stella2014-go/stella/src/emucore/CartFA.cxx:23:
external/stella2014-go/stella/src/common/Array.hxx:43:13: warning: template-id not allowed for constructor in C++20 [-Wtemplate-id-cdtor]
   43 |     Array<T>() : _capacity(0), _size(0), _data(0) {}
      |             ^
external/stella2014-go/stella/src/common/Array.hxx:43:13: note: remove the '< >'
external/stella2014-go/stella/src/common/Array.hxx:44:13: warning: template-id not allowed for constructor in C++20 [-Wtemplate-id-cdtor]
   44 |     Array<T>(const Array<T>& array) : _capacity(0), _size(0), _data(0)
      |             ^
external/stella2014-go/stella/src/common/Array.hxx:44:13: note: remove the '< >'
external/stella2014-go/stella/src/common/Array.hxx:53:5: warning: template-id not allowed for destructor in C++20 [-Wtemplate-id-cdtor]
   53 |     ~Array<T>()
      |     ^
external/stella2014-go/stella/src/common/Array.hxx:53:5: note: remove the '< >'
In file included from external/stella2014-go/stella/src/emucore/OSystem.hxx:35,
                 from external/stella2014-go/stella/src/emucore/CartFA2.cxx:22:
external/stella2014-go/stella/src/common/Array.hxx:43:13: warning: template-id not allowed for constructor in C++20 [-Wtemplate-id-cdtor]
   43 |     Array<T>() : _capacity(0), _size(0), _data(0) {}
      |             ^
external/stella2014-go/stella/src/common/Array.hxx:43:13: note: remove the '< >'
external/stella2014-go/stella/src/common/Array.hxx:44:13: warning: template-id not allowed for constructor in C++20 [-Wtemplate-id-cdtor]
   44 |     Array<T>(const Array<T>& array) : _capacity(0), _size(0), _data(0)
      |             ^
external/stella2014-go/stella/src/common/Array.hxx:44:13: note: remove the '< >'
external/stella2014-go/stella/src/common/Array.hxx:53:5: warning: template-id not allowed for destructor in C++20 [-Wtemplate-id-cdtor]
   53 |     ~Array<T>()
      |     ^
external/stella2014-go/stella/src/common/Array.hxx:53:5: note: remove the '< >'
In file included from external/stella2014-go/stella/src/emucore/Cart.hxx:32,
                 from external/stella2014-go/stella/src/emucore/CartFE.hxx:26,
                 from external/stella2014-go/stella/src/emucore/CartFE.cxx:23:
external/stella2014-go/stella/src/common/Array.hxx:43:13: warning: template-id not allowed for constructor in C++20 [-Wtemplate-id-cdtor]
   43 |     Array<T>() : _capacity(0), _size(0), _data(0) {}
      |             ^
external/stella2014-go/stella/src/common/Array.hxx:43:13: note: remove the '< >'
external/stella2014-go/stella/src/common/Array.hxx:44:13: warning: template-id not allowed for constructor in C++20 [-Wtemplate-id-cdtor]
   44 |     Array<T>(const Array<T>& array) : _capacity(0), _size(0), _data(0)
      |             ^
external/stella2014-go/stella/src/common/Array.hxx:44:13: note: remove the '< >'
external/stella2014-go/stella/src/common/Array.hxx:53:5: warning: template-id not allowed for destructor in C++20 [-Wtemplate-id-cdtor]
   53 |     ~Array<T>()
      |     ^
external/stella2014-go/stella/src/common/Array.hxx:53:5: note: remove the '< >'
In file included from external/stella2014-go/stella/src/emucore/Cart.hxx:32,
                 from external/stella2014-go/stella/src/emucore/CartMC.hxx:26,
                 from external/stella2014-go/stella/src/emucore/CartMC.cxx:23:
external/stella2014-go/stella/src/common/Array.hxx:43:13: warning: template-id not allowed for constructor in C++20 [-Wtemplate-id-cdtor]
   43 |     Array<T>() : _capacity(0), _size(0), _data(0) {}
      |             ^
external/stella2014-go/stella/src/common/Array.hxx:43:13: note: remove the '< >'
external/stella2014-go/stella/src/common/Array.hxx:44:13: warning: template-id not allowed for constructor in C++20 [-Wtemplate-id-cdtor]
   44 |     Array<T>(const Array<T>& array) : _capacity(0), _size(0), _data(0)
      |             ^
external/stella2014-go/stella/src/common/Array.hxx:44:13: note: remove the '< >'
external/stella2014-go/stella/src/common/Array.hxx:53:5: warning: template-id not allowed for destructor in C++20 [-Wtemplate-id-cdtor]
   53 |     ~Array<T>()
      |     ^
external/stella2014-go/stella/src/common/Array.hxx:53:5: note: remove the '< >'
[ CXX a2600 ] CartSB.cxx
[ CXX a2600 ] CartUA.cxx
[ CXX a2600 ] CartX07.cxx
In file included from external/stella2014-go/stella/src/emucore/Cart.hxx:32,
                 from external/stella2014-go/stella/src/emucore/CartUA.hxx:26,
                 from external/stella2014-go/stella/src/emucore/CartUA.cxx:23:
external/stella2014-go/stella/src/common/Array.hxx:43:13: warning: template-id not allowed for constructor in C++20 [-Wtemplate-id-cdtor]
   43 |     Array<T>() : _capacity(0), _size(0), _data(0) {}
      |             ^
external/stella2014-go/stella/src/common/Array.hxx:43:13: note: remove the '< >'
external/stella2014-go/stella/src/common/Array.hxx:44:13: warning: template-id not allowed for constructor in C++20 [-Wtemplate-id-cdtor]
   44 |     Array<T>(const Array<T>& array) : _capacity(0), _size(0), _data(0)
      |             ^
external/stella2014-go/stella/src/common/Array.hxx:44:13: note: remove the '< >'
external/stella2014-go/stella/src/common/Array.hxx:53:5: warning: template-id not allowed for destructor in C++20 [-Wtemplate-id-cdtor]
   53 |     ~Array<T>()
      |     ^
external/stella2014-go/stella/src/common/Array.hxx:53:5: note: remove the '< >'
[ CXX a2600 ] StellaConsole.cxx
In file included from external/stella2014-go/stella/src/emucore/Cart.hxx:32,
                 from external/stella2014-go/stella/src/emucore/CartSB.hxx:24,
                 from external/stella2014-go/stella/src/emucore/CartSB.cxx:23:
external/stella2014-go/stella/src/common/Array.hxx:43:13: warning: template-id not allowed for constructor in C++20 [-Wtemplate-id-cdtor]
   43 |     Array<T>() : _capacity(0), _size(0), _data(0) {}
      |             ^
external/stella2014-go/stella/src/common/Array.hxx:43:13: note: remove the '< >'
external/stella2014-go/stella/src/common/Array.hxx:44:13: warning: template-id not allowed for constructor in C++20 [-Wtemplate-id-cdtor]
   44 |     Array<T>(const Array<T>& array) : _capacity(0), _size(0), _data(0)
      |             ^
external/stella2014-go/stella/src/common/Array.hxx:44:13: note: remove the '< >'
external/stella2014-go/stella/src/common/Array.hxx:53:5: warning: template-id not allowed for destructor in C++20 [-Wtemplate-id-cdtor]
   53 |     ~Array<T>()
      |     ^
external/stella2014-go/stella/src/common/Array.hxx:53:5: note: remove the '< >'
In file included from external/stella2014-go/stella/src/emucore/Cart.hxx:32,
                 from external/stella2014-go/stella/src/emucore/CartX07.hxx:26,
                 from external/stella2014-go/stella/src/emucore/CartX07.cxx:25:
external/stella2014-go/stella/src/common/Array.hxx:43:13: warning: template-id not allowed for constructor in C++20 [-Wtemplate-id-cdtor]
   43 |     Array<T>() : _capacity(0), _size(0), _data(0) {}
      |             ^
external/stella2014-go/stella/src/common/Array.hxx:43:13: note: remove the '< >'
external/stella2014-go/stella/src/common/Array.hxx:44:13: warning: template-id not allowed for constructor in C++20 [-Wtemplate-id-cdtor]
   44 |     Array<T>(const Array<T>& array) : _capacity(0), _size(0), _data(0)
      |             ^
external/stella2014-go/stella/src/common/Array.hxx:44:13: note: remove the '< >'
external/stella2014-go/stella/src/common/Array.hxx:53:5: warning: template-id not allowed for destructor in C++20 [-Wtemplate-id-cdtor]
   53 |     ~Array<T>()
      |     ^
external/stella2014-go/stella/src/common/Array.hxx:53:5: note: remove the '< >'
[ CXX a2600 ] StellaControl.cxx
In file included from external/stella2014-go/stella/src/emucore/Cart.hxx:32,
                 from external/stella2014-go/stella/src/emucore/StellaConsole.cxx:22:
external/stella2014-go/stella/src/common/Array.hxx:43:13: warning: template-id not allowed for constructor in C++20 [-Wtemplate-id-cdtor]
   43 |     Array<T>() : _capacity(0), _size(0), _data(0) {}
      |             ^
external/stella2014-go/stella/src/common/Array.hxx:43:13: note: remove the '< >'
external/stella2014-go/stella/src/common/Array.hxx:44:13: warning: template-id not allowed for constructor in C++20 [-Wtemplate-id-cdtor]
   44 |     Array<T>(const Array<T>& array) : _capacity(0), _size(0), _data(0)
      |             ^
external/stella2014-go/stella/src/common/Array.hxx:44:13: note: remove the '< >'
external/stella2014-go/stella/src/common/Array.hxx:53:5: warning: template-id not allowed for destructor in C++20 [-Wtemplate-id-cdtor]
   53 |     ~Array<T>()
      |     ^
external/stella2014-go/stella/src/common/Array.hxx:53:5: note: remove the '< >'
[ CXX a2600 ] StellaJoystick.cxx
[ CXX a2600 ] StellaM6502.cxx
[ CXX a2600 ] StellaM6532.cxx
In file included from external/stella2014-go/stella/src/emucore/Settings.hxx:25,
                 from external/stella2014-go/stella/src/emucore/StellaM6502.cxx:27:
external/stella2014-go/stella/src/common/Array.hxx:43:13: warning: template-id not allowed for constructor in C++20 [-Wtemplate-id-cdtor]
   43 |     Array<T>() : _capacity(0), _size(0), _data(0) {}
      |             ^
external/stella2014-go/stella/src/common/Array.hxx:43:13: note: remove the '< >'
external/stella2014-go/stella/src/common/Array.hxx:44:13: warning: template-id not allowed for constructor in C++20 [-Wtemplate-id-cdtor]
   44 |     Array<T>(const Array<T>& array) : _capacity(0), _size(0), _data(0)
      |             ^
external/stella2014-go/stella/src/common/Array.hxx:44:13: note: remove the '< >'
external/stella2014-go/stella/src/common/Array.hxx:53:5: warning: template-id not allowed for destructor in C++20 [-Wtemplate-id-cdtor]
   53 |     ~Array<T>()
      |     ^
external/stella2014-go/stella/src/common/Array.hxx:53:5: note: remove the '< >'
In file included from external/stella2014-go/stella/src/emucore/OSystem.hxx:35,
                 from external/stella2014-go/stella/src/emucore/Console.hxx:37,
                 from external/stella2014-go/stella/src/emucore/StellaM6532.cxx:20:
external/stella2014-go/stella/src/common/Array.hxx:43:13: warning: template-id not allowed for constructor in C++20 [-Wtemplate-id-cdtor]
   43 |     Array<T>() : _capacity(0), _size(0), _data(0) {}
      |             ^
external/stella2014-go/stella/src/common/Array.hxx:43:13: note: remove the '< >'
external/stella2014-go/stella/src/common/Array.hxx:44:13: warning: template-id not allowed for constructor in C++20 [-Wtemplate-id-cdtor]
   44 |     Array<T>(const Array<T>& array) : _capacity(0), _size(0), _data(0)
      |             ^
external/stella2014-go/stella/src/common/Array.hxx:44:13: note: remove the '< >'
external/stella2014-go/stella/src/common/Array.hxx:53:5: warning: template-id not allowed for destructor in C++20 [-Wtemplate-id-cdtor]
   53 |     ~Array<T>()
      |     ^
external/stella2014-go/stella/src/common/Array.hxx:53:5: note: remove the '< >'
[ CXX a2600 ] NullDev.cxx
[ CXX a2600 ] Random.cxx
[ CXX a2600 ] Serializer.cxx
[ CXX a2600 ] StateManager.cxx
In file included from external/stella2014-go/stella/src/emucore/OSystem.hxx:35,
                 from external/stella2014-go/stella/src/emucore/Random.cxx:20:
external/stella2014-go/stella/src/common/Array.hxx:43:13: warning: template-id not allowed for constructor in C++20 [-Wtemplate-id-cdtor]
   43 |     Array<T>() : _capacity(0), _size(0), _data(0) {}
      |             ^
external/stella2014-go/stella/src/common/Array.hxx:43:13: note: remove the '< >'
external/stella2014-go/stella/src/common/Array.hxx:44:13: warning: template-id not allowed for constructor in C++20 [-Wtemplate-id-cdtor]
   44 |     Array<T>(const Array<T>& array) : _capacity(0), _size(0), _data(0)
      |             ^
external/stella2014-go/stella/src/common/Array.hxx:44:13: note: remove the '< >'
external/stella2014-go/stella/src/common/Array.hxx:53:5: warning: template-id not allowed for destructor in C++20 [-Wtemplate-id-cdtor]
   53 |     ~Array<T>()
      |     ^
external/stella2014-go/stella/src/common/Array.hxx:53:5: note: remove the '< >'
In file included from external/stella2014-go/stella/src/emucore/OSystem.hxx:35,
                 from external/stella2014-go/stella/src/emucore/StateManager.cxx:24:
external/stella2014-go/stella/src/common/Array.hxx:43:13: warning: template-id not allowed for constructor in C++20 [-Wtemplate-id-cdtor]
   43 |     Array<T>() : _capacity(0), _size(0), _data(0) {}
      |             ^
external/stella2014-go/stella/src/common/Array.hxx:43:13: note: remove the '< >'
external/stella2014-go/stella/src/common/Array.hxx:44:13: warning: template-id not allowed for constructor in C++20 [-Wtemplate-id-cdtor]
   44 |     Array<T>(const Array<T>& array) : _capacity(0), _size(0), _data(0)
      |             ^
external/stella2014-go/stella/src/common/Array.hxx:44:13: note: remove the '< >'
external/stella2014-go/stella/src/common/Array.hxx:53:5: warning: template-id not allowed for destructor in C++20 [-Wtemplate-id-cdtor]
   53 |     ~Array<T>()
      |     ^
external/stella2014-go/stella/src/common/Array.hxx:53:5: note: remove the '< >'
[ CXX a2600 ] StellaMD5.cxx
[ CXX a2600 ] StellaSettings.cxx
[ CXX a2600 ] StellaSwitches.cxx
In file included from external/stella2014-go/stella/src/emucore/OSystem.hxx:35,
                 from external/stella2014-go/stella/src/emucore/StellaSettings.cxx:24:
external/stella2014-go/stella/src/common/Array.hxx:43:13: warning: template-id not allowed for constructor in C++20 [-Wtemplate-id-cdtor]
   43 |     Array<T>() : _capacity(0), _size(0), _data(0) {}
      |             ^
external/stella2014-go/stella/src/common/Array.hxx:43:13: note: remove the '< >'
external/stella2014-go/stella/src/common/Array.hxx:44:13: warning: template-id not allowed for constructor in C++20 [-Wtemplate-id-cdtor]
   44 |     Array<T>(const Array<T>& array) : _capacity(0), _size(0), _data(0)
      |             ^
external/stella2014-go/stella/src/common/Array.hxx:44:13: note: remove the '< >'
external/stella2014-go/stella/src/common/Array.hxx:53:5: warning: template-id not allowed for destructor in C++20 [-Wtemplate-id-cdtor]
   53 |     ~Array<T>()
      |     ^
external/stella2014-go/stella/src/common/Array.hxx:53:5: note: remove the '< >'
[ CXX a2600 ] StellaSystem.cxx
[ CXX a2600 ] StellaTIA.cxx
In file included from external/stella2014-go/stella/src/emucore/M6502.hxx:31,
                 from external/stella2014-go/stella/src/emucore/StellaSystem.cxx:21:
external/stella2014-go/stella/src/common/Array.hxx:43:13: warning: template-id not allowed for constructor in C++20 [-Wtemplate-id-cdtor]
   43 |     Array<T>() : _capacity(0), _size(0), _data(0) {}
      |             ^
external/stella2014-go/stella/src/common/Array.hxx:43:13: note: remove the '< >'
external/stella2014-go/stella/src/common/Array.hxx:44:13: warning: template-id not allowed for constructor in C++20 [-Wtemplate-id-cdtor]
   44 |     Array<T>(const Array<T>& array) : _capacity(0), _size(0), _data(0)
      |             ^
external/stella2014-go/stella/src/common/Array.hxx:44:13: note: remove the '< >'
external/stella2014-go/stella/src/common/Array.hxx:53:5: warning: template-id not allowed for destructor in C++20 [-Wtemplate-id-cdtor]
   53 |     ~Array<T>()
      |     ^
external/stella2014-go/stella/src/common/Array.hxx:53:5: note: remove the '< >'
In file included from external/stella2014-go/stella/src/emucore/OSystem.hxx:35,
                 from external/stella2014-go/stella/src/emucore/Console.hxx:37,
                 from external/stella2014-go/stella/src/emucore/StellaTIA.cxx:25:
external/stella2014-go/stella/src/common/Array.hxx:43:13: warning: template-id not allowed for constructor in C++20 [-Wtemplate-id-cdtor]
   43 |     Array<T>() : _capacity(0), _size(0), _data(0) {}
      |             ^
external/stella2014-go/stella/src/common/Array.hxx:43:13: note: remove the '< >'
external/stella2014-go/stella/src/common/Array.hxx:44:13: warning: template-id not allowed for constructor in C++20 [-Wtemplate-id-cdtor]
   44 |     Array<T>(const Array<T>& array) : _capacity(0), _size(0), _data(0)
      |             ^
external/stella2014-go/stella/src/common/Array.hxx:44:13: note: remove the '< >'
external/stella2014-go/stella/src/common/Array.hxx:53:5: warning: template-id not allowed for destructor in C++20 [-Wtemplate-id-cdtor]
   53 |     ~Array<T>()
      |     ^
external/stella2014-go/stella/src/common/Array.hxx:53:5: note: remove the '< >'
[ CXX a2600 ] TIATables.cxx
[ CXX a2600 ] TIASnd.cxx
[ CXX a2600 ] Driving.cxx
[ CXX a2600 ] MindLink.cxx
[ CXX a2600 ] Paddles.cxx
[ CXX a2600 ] TrackBall.cxx
[ CXX a2600 ] StellaGenesis.cxx
[ CXX a2600 ] StellaKeyboard.cxx
[ CXX lynx ] main_lynx.cpp
[ CXX lynx ] cart.cpp
In file included from external/handy-go/cart.cpp:50:
external/handy-go/cart.cpp: In constructor 'CCart::CCart(const UBYTE*, ULONG)':
external/handy-go/cart.cpp:177:15: warning: format '%X' expects argument of type 'unsigned int', but argument 3 has type 'ULONG' {aka 'long unsigned int'} [-Wformat=]
  177 |    log_printf("Cart name='%s', crc32=%08X, bank0=%d, bank1=%d\n",
      |               ^~~~~~~~~~~~~~~~~~~~~~~~~~~~~~~~~~~~~~~~~~~~~~~~~~
  178 |       mFileHeader.cartname, mCRC32, mMaskBank0+1, mMaskBank1+1);
      |                             ~~~~~~
      |                             |
      |                             ULONG {aka long unsigned int}
external/handy-go/system.h:149:33: note: in definition of macro 'log_printf'
  149 | #define log_printf(x...) printf(x)
      |                                 ^
external/handy-go/cart.cpp:177:41: note: format string is defined here
  177 |    log_printf("Cart name='%s', crc32=%08X, bank0=%d, bank1=%d\n",
      |                                      ~~~^
      |                                         |
      |                                         unsigned int
      |                                      %08lX
external/handy-go/cart.cpp:177:15: warning: format '%d' expects argument of type 'int', but argument 4 has type 'long unsigned int' [-Wformat=]
  177 |    log_printf("Cart name='%s', crc32=%08X, bank0=%d, bank1=%d\n",
      |               ^~~~~~~~~~~~~~~~~~~~~~~~~~~~~~~~~~~~~~~~~~~~~~~~~~
  178 |       mFileHeader.cartname, mCRC32, mMaskBank0+1, mMaskBank1+1);
      |                                     ~~~~~~~~~~~~
      |                                               |
      |                                               long unsigned int
external/handy-go/system.h:149:33: note: in definition of macro 'log_printf'
  149 | #define log_printf(x...) printf(x)
      |                                 ^
external/handy-go/cart.cpp:177:51: note: format string is defined here
  177 |    log_printf("Cart name='%s', crc32=%08X, bank0=%d, bank1=%d\n",
      |                                                  ~^
      |                                                   |
      |                                                   int
      |                                                  %ld
external/handy-go/cart.cpp:177:15: warning: format '%d' expects argument of type 'int', but argument 5 has type 'long unsigned int' [-Wformat=]
  177 |    log_printf("Cart name='%s', crc32=%08X, bank0=%d, bank1=%d\n",
      |               ^~~~~~~~~~~~~~~~~~~~~~~~~~~~~~~~~~~~~~~~~~~~~~~~~~
  178 |       mFileHeader.cartname, mCRC32, mMaskBank0+1, mMaskBank1+1);
      |                                                   ~~~~~~~~~~~~
      |                                                             |
      |                                                             long unsigned int
external/handy-go/system.h:149:33: note: in definition of macro 'log_printf'
  149 | #define log_printf(x...) printf(x)
      |                                 ^
external/handy-go/cart.cpp:177:61: note: format string is defined here
  177 |    log_printf("Cart name='%s', crc32=%08X, bank0=%d, bank1=%d\n",
      |                                                            ~^
      |                                                             |
      |                                                             int
      |                                                            %ld
Core/Src/porting/lynx/main_lynx.cpp:225:64: warning: '/*' within comment [-Wcomment]
  225 |      * collided with the save-state writes (fopen of /data/lynx/*.sav failed,
[ CXX lynx ] eeprom.cpp
[ CXX lynx ] lynxdec.cpp
[ CXX lynx ] mikie.cpp
[ CXX lynx ] susie.cpp
[ CXX lynx ] system.cpp
In file included from external/handy-go/system.h:169,
                 from external/handy-go/susie.cpp:52:
external/handy-go/susie_pixel_loop.h: In member function 'ULONG CSusie::PaintSprites()':
external/handy-go/susie.h:343:26: warning: comparison of integer expressions of different signedness: 'ULONG' {aka 'long unsigned int'} and 'SLONG' {aka 'long int'} [-Wsign-compare]
  343 |    if(mLinePacketBitsLeft<=bits) retval_bits = 0; \
external/handy-go/susie_pixel_loop.h:40:22: note: in expansion of macro 'MY_GET_BITS'
   40 |                      MY_GET_BITS(tmp,mSPRCTL0_PixelBits)
      |                      ^~~~~~~~~~~
external/handy-go/susie.h:346:25: warning: comparison of integer expressions of different signedness: 'ULONG' {aka 'long unsigned int'} and 'SLONG' {aka 'long int'} [-Wsign-compare]
  346 |    if(mLineShiftRegCount<bits) \
external/handy-go/susie_pixel_loop.h:40:22: note: in expansion of macro 'MY_GET_BITS'
   40 |                      MY_GET_BITS(tmp,mSPRCTL0_PixelBits)
      |                      ^~~~~~~~~~~
external/handy-go/susie.h:343:26: warning: comparison of integer expressions of different signedness: 'ULONG' {aka 'long unsigned int'} and 'SLONG' {aka 'long int'} [-Wsign-compare]
  343 |    if(mLinePacketBitsLeft<=bits) retval_bits = 0; \
external/handy-go/susie_pixel_loop.h:63:19: note: in expansion of macro 'MY_GET_BITS'
   63 |                   MY_GET_BITS(pixel,mSPRCTL0_PixelBits)
      |                   ^~~~~~~~~~~
external/handy-go/susie.h:346:25: warning: comparison of integer expressions of different signedness: 'ULONG' {aka 'long unsigned int'} and 'SLONG' {aka 'long int'} [-Wsign-compare]
  346 |    if(mLineShiftRegCount<bits) \
external/handy-go/susie_pixel_loop.h:63:19: note: in expansion of macro 'MY_GET_BITS'
   63 |                   MY_GET_BITS(pixel,mSPRCTL0_PixelBits)
      |                   ^~~~~~~~~~~
external/handy-go/susie.h:343:26: warning: comparison of integer expressions of different signedness: 'ULONG' {aka 'long unsigned int'} and 'SLONG' {aka 'long int'} [-Wsign-compare]
  343 |    if(mLinePacketBitsLeft<=bits) retval_bits = 0; \
external/handy-go/susie_pixel_loop.h:74:19: note: in expansion of macro 'MY_GET_BITS'
   74 |                   MY_GET_BITS(tmp,mSPRCTL0_PixelBits)
      |                   ^~~~~~~~~~~
external/handy-go/susie.h:346:25: warning: comparison of integer expressions of different signedness: 'ULONG' {aka 'long unsigned int'} and 'SLONG' {aka 'long int'} [-Wsign-compare]
  346 |    if(mLineShiftRegCount<bits) \
external/handy-go/susie_pixel_loop.h:74:19: note: in expansion of macro 'MY_GET_BITS'
   74 |                   MY_GET_BITS(tmp,mSPRCTL0_PixelBits)
      |                   ^~~~~~~~~~~
external/handy-go/susie.h:343:26: warning: comparison of integer expressions of different signedness: 'ULONG' {aka 'long unsigned int'} and 'SLONG' {aka 'long int'} [-Wsign-compare]
  343 |    if(mLinePacketBitsLeft<=bits) retval_bits = 0; \
external/handy-go/susie_pixel_loop.h:40:22: note: in expansion of macro 'MY_GET_BITS'
   40 |                      MY_GET_BITS(tmp,mSPRCTL0_PixelBits)
      |                      ^~~~~~~~~~~
external/handy-go/susie.h:346:25: warning: comparison of integer expressions of different signedness: 'ULONG' {aka 'long unsigned int'} and 'SLONG' {aka 'long int'} [-Wsign-compare]
  346 |    if(mLineShiftRegCount<bits) \
external/handy-go/susie_pixel_loop.h:40:22: note: in expansion of macro 'MY_GET_BITS'
   40 |                      MY_GET_BITS(tmp,mSPRCTL0_PixelBits)
      |                      ^~~~~~~~~~~
external/handy-go/susie.h:343:26: warning: comparison of integer expressions of different signedness: 'ULONG' {aka 'long unsigned int'} and 'SLONG' {aka 'long int'} [-Wsign-compare]
  343 |    if(mLinePacketBitsLeft<=bits) retval_bits = 0; \
external/handy-go/susie_pixel_loop.h:63:19: note: in expansion of macro 'MY_GET_BITS'
   63 |                   MY_GET_BITS(pixel,mSPRCTL0_PixelBits)
      |                   ^~~~~~~~~~~
external/handy-go/susie.h:346:25: warning: comparison of integer expressions of different signedness: 'ULONG' {aka 'long unsigned int'} and 'SLONG' {aka 'long int'} [-Wsign-compare]
  346 |    if(mLineShiftRegCount<bits) \
external/handy-go/susie_pixel_loop.h:63:19: note: in expansion of macro 'MY_GET_BITS'
   63 |                   MY_GET_BITS(pixel,mSPRCTL0_PixelBits)
      |                   ^~~~~~~~~~~
external/handy-go/susie.h:343:26: warning: comparison of integer expressions of different signedness: 'ULONG' {aka 'long unsigned int'} and 'SLONG' {aka 'long int'} [-Wsign-compare]
  343 |    if(mLinePacketBitsLeft<=bits) retval_bits = 0; \
external/handy-go/susie_pixel_loop.h:74:19: note: in expansion of macro 'MY_GET_BITS'
   74 |                   MY_GET_BITS(tmp,mSPRCTL0_PixelBits)
      |                   ^~~~~~~~~~~
external/handy-go/susie.h:346:25: warning: comparison of integer expressions of different signedness: 'ULONG' {aka 'long unsigned int'} and 'SLONG' {aka 'long int'} [-Wsign-compare]
  346 |    if(mLineShiftRegCount<bits) \
external/handy-go/susie_pixel_loop.h:74:19: note: in expansion of macro 'MY_GET_BITS'
   74 |                   MY_GET_BITS(tmp,mSPRCTL0_PixelBits)
      |                   ^~~~~~~~~~~
external/handy-go/susie.h:343:26: warning: comparison of integer expressions of different signedness: 'ULONG' {aka 'long unsigned int'} and 'SLONG' {aka 'long int'} [-Wsign-compare]
  343 |    if(mLinePacketBitsLeft<=bits) retval_bits = 0; \
external/handy-go/susie_pixel_loop.h:40:22: note: in expansion of macro 'MY_GET_BITS'
   40 |                      MY_GET_BITS(tmp,mSPRCTL0_PixelBits)
      |                      ^~~~~~~~~~~
external/handy-go/susie.h:346:25: warning: comparison of integer expressions of different signedness: 'ULONG' {aka 'long unsigned int'} and 'SLONG' {aka 'long int'} [-Wsign-compare]
  346 |    if(mLineShiftRegCount<bits) \
external/handy-go/susie_pixel_loop.h:40:22: note: in expansion of macro 'MY_GET_BITS'
   40 |                      MY_GET_BITS(tmp,mSPRCTL0_PixelBits)
      |                      ^~~~~~~~~~~
external/handy-go/susie.h:343:26: warning: comparison of integer expressions of different signedness: 'ULONG' {aka 'long unsigned int'} and 'SLONG' {aka 'long int'} [-Wsign-compare]
  343 |    if(mLinePacketBitsLeft<=bits) retval_bits = 0; \
external/handy-go/susie_pixel_loop.h:63:19: note: in expansion of macro 'MY_GET_BITS'
   63 |                   MY_GET_BITS(pixel,mSPRCTL0_PixelBits)
      |                   ^~~~~~~~~~~
external/handy-go/susie.h:346:25: warning: comparison of integer expressions of different signedness: 'ULONG' {aka 'long unsigned int'} and 'SLONG' {aka 'long int'} [-Wsign-compare]
  346 |    if(mLineShiftRegCount<bits) \
external/handy-go/susie_pixel_loop.h:63:19: note: in expansion of macro 'MY_GET_BITS'
   63 |                   MY_GET_BITS(pixel,mSPRCTL0_PixelBits)
      |                   ^~~~~~~~~~~
external/handy-go/susie.h:343:26: warning: comparison of integer expressions of different signedness: 'ULONG' {aka 'long unsigned int'} and 'SLONG' {aka 'long int'} [-Wsign-compare]
  343 |    if(mLinePacketBitsLeft<=bits) retval_bits = 0; \
external/handy-go/susie_pixel_loop.h:74:19: note: in expansion of macro 'MY_GET_BITS'
   74 |                   MY_GET_BITS(tmp,mSPRCTL0_PixelBits)
      |                   ^~~~~~~~~~~
external/handy-go/susie.h:346:25: warning: comparison of integer expressions of different signedness: 'ULONG' {aka 'long unsigned int'} and 'SLONG' {aka 'long int'} [-Wsign-compare]
  346 |    if(mLineShiftRegCount<bits) \
external/handy-go/susie_pixel_loop.h:74:19: note: in expansion of macro 'MY_GET_BITS'
   74 |                   MY_GET_BITS(tmp,mSPRCTL0_PixelBits)
      |                   ^~~~~~~~~~~
external/handy-go/susie.h:343:26: warning: comparison of integer expressions of different signedness: 'ULONG' {aka 'long unsigned int'} and 'SLONG' {aka 'long int'} [-Wsign-compare]
  343 |    if(mLinePacketBitsLeft<=bits) retval_bits = 0; \
external/handy-go/susie_pixel_loop.h:40:22: note: in expansion of macro 'MY_GET_BITS'
   40 |                      MY_GET_BITS(tmp,mSPRCTL0_PixelBits)
      |                      ^~~~~~~~~~~
external/handy-go/susie.h:346:25: warning: comparison of integer expressions of different signedness: 'ULONG' {aka 'long unsigned int'} and 'SLONG' {aka 'long int'} [-Wsign-compare]
  346 |    if(mLineShiftRegCount<bits) \
external/handy-go/susie_pixel_loop.h:40:22: note: in expansion of macro 'MY_GET_BITS'
   40 |                      MY_GET_BITS(tmp,mSPRCTL0_PixelBits)
      |                      ^~~~~~~~~~~
external/handy-go/susie.h:343:26: warning: comparison of integer expressions of different signedness: 'ULONG' {aka 'long unsigned int'} and 'SLONG' {aka 'long int'} [-Wsign-compare]
  343 |    if(mLinePacketBitsLeft<=bits) retval_bits = 0; \
external/handy-go/susie_pixel_loop.h:63:19: note: in expansion of macro 'MY_GET_BITS'
   63 |                   MY_GET_BITS(pixel,mSPRCTL0_PixelBits)
      |                   ^~~~~~~~~~~
external/handy-go/susie.h:346:25: warning: comparison of integer expressions of different signedness: 'ULONG' {aka 'long unsigned int'} and 'SLONG' {aka 'long int'} [-Wsign-compare]
  346 |    if(mLineShiftRegCount<bits) \
external/handy-go/susie_pixel_loop.h:63:19: note: in expansion of macro 'MY_GET_BITS'
   63 |                   MY_GET_BITS(pixel,mSPRCTL0_PixelBits)
      |                   ^~~~~~~~~~~
external/handy-go/susie.h:343:26: warning: comparison of integer expressions of different signedness: 'ULONG' {aka 'long unsigned int'} and 'SLONG' {aka 'long int'} [-Wsign-compare]
  343 |    if(mLinePacketBitsLeft<=bits) retval_bits = 0; \
external/handy-go/susie_pixel_loop.h:74:19: note: in expansion of macro 'MY_GET_BITS'
   74 |                   MY_GET_BITS(tmp,mSPRCTL0_PixelBits)
      |                   ^~~~~~~~~~~
external/handy-go/susie.h:346:25: warning: comparison of integer expressions of different signedness: 'ULONG' {aka 'long unsigned int'} and 'SLONG' {aka 'long int'} [-Wsign-compare]
  346 |    if(mLineShiftRegCount<bits) \
external/handy-go/susie_pixel_loop.h:74:19: note: in expansion of macro 'MY_GET_BITS'
   74 |                   MY_GET_BITS(tmp,mSPRCTL0_PixelBits)
      |                   ^~~~~~~~~~~
external/handy-go/susie.cpp:794:52: warning: comparison of integer expressions of different signedness: 'ULONG' {aka 'long unsigned int'} and 'SLONG' {aka 'long int'} [-Wsign-compare]
  794 |                                        if(collision>mCollision) \
      |                                           ~~~~~~~~~^~~~~~~~~~~
external/handy-go/susie_pixel_loop.h:97:13: note: in expansion of macro 'PROCESS_PIXEL'
   97 |             PROCESS_PIXEL
      |             ^~~~~~~~~~~~~
external/handy-go/susie.h:343:26: warning: comparison of integer expressions of different signedness: 'ULONG' {aka 'long unsigned int'} and 'SLONG' {aka 'long int'} [-Wsign-compare]
  343 |    if(mLinePacketBitsLeft<=bits) retval_bits = 0; \
external/handy-go/susie_pixel_loop.h:40:22: note: in expansion of macro 'MY_GET_BITS'
   40 |                      MY_GET_BITS(tmp,mSPRCTL0_PixelBits)
      |                      ^~~~~~~~~~~
external/handy-go/susie.h:346:25: warning: comparison of integer expressions of different signedness: 'ULONG' {aka 'long unsigned int'} and 'SLONG' {aka 'long int'} [-Wsign-compare]
  346 |    if(mLineShiftRegCount<bits) \
external/handy-go/susie_pixel_loop.h:40:22: note: in expansion of macro 'MY_GET_BITS'
   40 |                      MY_GET_BITS(tmp,mSPRCTL0_PixelBits)
      |                      ^~~~~~~~~~~
external/handy-go/susie.h:343:26: warning: comparison of integer expressions of different signedness: 'ULONG' {aka 'long unsigned int'} and 'SLONG' {aka 'long int'} [-Wsign-compare]
  343 |    if(mLinePacketBitsLeft<=bits) retval_bits = 0; \
external/handy-go/susie_pixel_loop.h:63:19: note: in expansion of macro 'MY_GET_BITS'
   63 |                   MY_GET_BITS(pixel,mSPRCTL0_PixelBits)
      |                   ^~~~~~~~~~~
external/handy-go/susie.h:346:25: warning: comparison of integer expressions of different signedness: 'ULONG' {aka 'long unsigned int'} and 'SLONG' {aka 'long int'} [-Wsign-compare]
  346 |    if(mLineShiftRegCount<bits) \
external/handy-go/susie_pixel_loop.h:63:19: note: in expansion of macro 'MY_GET_BITS'
   63 |                   MY_GET_BITS(pixel,mSPRCTL0_PixelBits)
      |                   ^~~~~~~~~~~
external/handy-go/susie.h:343:26: warning: comparison of integer expressions of different signedness: 'ULONG' {aka 'long unsigned int'} and 'SLONG' {aka 'long int'} [-Wsign-compare]
  343 |    if(mLinePacketBitsLeft<=bits) retval_bits = 0; \
external/handy-go/susie_pixel_loop.h:74:19: note: in expansion of macro 'MY_GET_BITS'
   74 |                   MY_GET_BITS(tmp,mSPRCTL0_PixelBits)
      |                   ^~~~~~~~~~~
external/handy-go/susie.h:346:25: warning: comparison of integer expressions of different signedness: 'ULONG' {aka 'long unsigned int'} and 'SLONG' {aka 'long int'} [-Wsign-compare]
  346 |    if(mLineShiftRegCount<bits) \
external/handy-go/susie_pixel_loop.h:74:19: note: in expansion of macro 'MY_GET_BITS'
   74 |                   MY_GET_BITS(tmp,mSPRCTL0_PixelBits)
      |                   ^~~~~~~~~~~
external/handy-go/susie.cpp:819:52: warning: comparison of integer expressions of different signedness: 'ULONG' {aka 'long unsigned int'} and 'SLONG' {aka 'long int'} [-Wsign-compare]
  819 |                                        if(collision>mCollision) \
      |                                           ~~~~~~~~~^~~~~~~~~~~
external/handy-go/susie_pixel_loop.h:97:13: note: in expansion of macro 'PROCESS_PIXEL'
   97 |             PROCESS_PIXEL
      |             ^~~~~~~~~~~~~
external/handy-go/susie.h:343:26: warning: comparison of integer expressions of different signedness: 'ULONG' {aka 'long unsigned int'} and 'SLONG' {aka 'long int'} [-Wsign-compare]
  343 |    if(mLinePacketBitsLeft<=bits) retval_bits = 0; \
external/handy-go/susie_pixel_loop.h:40:22: note: in expansion of macro 'MY_GET_BITS'
   40 |                      MY_GET_BITS(tmp,mSPRCTL0_PixelBits)
      |                      ^~~~~~~~~~~
external/handy-go/susie.h:346:25: warning: comparison of integer expressions of different signedness: 'ULONG' {aka 'long unsigned int'} and 'SLONG' {aka 'long int'} [-Wsign-compare]
  346 |    if(mLineShiftRegCount<bits) \
external/handy-go/susie_pixel_loop.h:40:22: note: in expansion of macro 'MY_GET_BITS'
   40 |                      MY_GET_BITS(tmp,mSPRCTL0_PixelBits)
      |                      ^~~~~~~~~~~
external/handy-go/susie.h:343:26: warning: comparison of integer expressions of different signedness: 'ULONG' {aka 'long unsigned int'} and 'SLONG' {aka 'long int'} [-Wsign-compare]
  343 |    if(mLinePacketBitsLeft<=bits) retval_bits = 0; \
external/handy-go/susie_pixel_loop.h:63:19: note: in expansion of macro 'MY_GET_BITS'
   63 |                   MY_GET_BITS(pixel,mSPRCTL0_PixelBits)
      |                   ^~~~~~~~~~~
external/handy-go/susie.h:346:25: warning: comparison of integer expressions of different signedness: 'ULONG' {aka 'long unsigned int'} and 'SLONG' {aka 'long int'} [-Wsign-compare]
  346 |    if(mLineShiftRegCount<bits) \
external/handy-go/susie_pixel_loop.h:63:19: note: in expansion of macro 'MY_GET_BITS'
   63 |                   MY_GET_BITS(pixel,mSPRCTL0_PixelBits)
      |                   ^~~~~~~~~~~
external/handy-go/susie.h:343:26: warning: comparison of integer expressions of different signedness: 'ULONG' {aka 'long unsigned int'} and 'SLONG' {aka 'long int'} [-Wsign-compare]
  343 |    if(mLinePacketBitsLeft<=bits) retval_bits = 0; \
external/handy-go/susie_pixel_loop.h:74:19: note: in expansion of macro 'MY_GET_BITS'
   74 |                   MY_GET_BITS(tmp,mSPRCTL0_PixelBits)
      |                   ^~~~~~~~~~~
external/handy-go/susie.h:346:25: warning: comparison of integer expressions of different signedness: 'ULONG' {aka 'long unsigned int'} and 'SLONG' {aka 'long int'} [-Wsign-compare]
  346 |    if(mLineShiftRegCount<bits) \
external/handy-go/susie_pixel_loop.h:74:19: note: in expansion of macro 'MY_GET_BITS'
   74 |                   MY_GET_BITS(tmp,mSPRCTL0_PixelBits)
      |                   ^~~~~~~~~~~
external/handy-go/susie.cpp:847:52: warning: comparison of integer expressions of different signedness: 'ULONG' {aka 'long unsigned int'} and 'SLONG' {aka 'long int'} [-Wsign-compare]
  847 |                                        if(collision>mCollision) \
      |                                           ~~~~~~~~~^~~~~~~~~~~
external/handy-go/susie_pixel_loop.h:97:13: note: in expansion of macro 'PROCESS_PIXEL'
   97 |             PROCESS_PIXEL
      |             ^~~~~~~~~~~~~
external/handy-go/susie.h:343:26: warning: comparison of integer expressions of different signedness: 'ULONG' {aka 'long unsigned int'} and 'SLONG' {aka 'long int'} [-Wsign-compare]
  343 |    if(mLinePacketBitsLeft<=bits) retval_bits = 0; \
external/handy-go/susie_pixel_loop.h:40:22: note: in expansion of macro 'MY_GET_BITS'
   40 |                      MY_GET_BITS(tmp,mSPRCTL0_PixelBits)
      |                      ^~~~~~~~~~~
external/handy-go/susie.h:346:25: warning: comparison of integer expressions of different signedness: 'ULONG' {aka 'long unsigned int'} and 'SLONG' {aka 'long int'} [-Wsign-compare]
  346 |    if(mLineShiftRegCount<bits) \
external/handy-go/susie_pixel_loop.h:40:22: note: in expansion of macro 'MY_GET_BITS'
   40 |                      MY_GET_BITS(tmp,mSPRCTL0_PixelBits)
      |                      ^~~~~~~~~~~
external/handy-go/susie.h:343:26: warning: comparison of integer expressions of different signedness: 'ULONG' {aka 'long unsigned int'} and 'SLONG' {aka 'long int'} [-Wsign-compare]
  343 |    if(mLinePacketBitsLeft<=bits) retval_bits = 0; \
external/handy-go/susie_pixel_loop.h:63:19: note: in expansion of macro 'MY_GET_BITS'
   63 |                   MY_GET_BITS(pixel,mSPRCTL0_PixelBits)
      |                   ^~~~~~~~~~~
external/handy-go/susie.h:346:25: warning: comparison of integer expressions of different signedness: 'ULONG' {aka 'long unsigned int'} and 'SLONG' {aka 'long int'} [-Wsign-compare]
  346 |    if(mLineShiftRegCount<bits) \
external/handy-go/susie_pixel_loop.h:63:19: note: in expansion of macro 'MY_GET_BITS'
   63 |                   MY_GET_BITS(pixel,mSPRCTL0_PixelBits)
      |                   ^~~~~~~~~~~
external/handy-go/susie.h:343:26: warning: comparison of integer expressions of different signedness: 'ULONG' {aka 'long unsigned int'} and 'SLONG' {aka 'long int'} [-Wsign-compare]
  343 |    if(mLinePacketBitsLeft<=bits) retval_bits = 0; \
external/handy-go/susie_pixel_loop.h:74:19: note: in expansion of macro 'MY_GET_BITS'
   74 |                   MY_GET_BITS(tmp,mSPRCTL0_PixelBits)
      |                   ^~~~~~~~~~~
external/handy-go/susie.h:346:25: warning: comparison of integer expressions of different signedness: 'ULONG' {aka 'long unsigned int'} and 'SLONG' {aka 'long int'} [-Wsign-compare]
  346 |    if(mLineShiftRegCount<bits) \
external/handy-go/susie_pixel_loop.h:74:19: note: in expansion of macro 'MY_GET_BITS'
   74 |                   MY_GET_BITS(tmp,mSPRCTL0_PixelBits)
      |                   ^~~~~~~~~~~
external/handy-go/susie.cpp:875:52: warning: comparison of integer expressions of different signedness: 'ULONG' {aka 'long unsigned int'} and 'SLONG' {aka 'long int'} [-Wsign-compare]
  875 |                                        if(collision>mCollision) \
      |                                           ~~~~~~~~~^~~~~~~~~~~
external/handy-go/susie_pixel_loop.h:97:13: note: in expansion of macro 'PROCESS_PIXEL'
   97 |             PROCESS_PIXEL
      |             ^~~~~~~~~~~~~
external/handy-go/susie.h:343:26: warning: comparison of integer expressions of different signedness: 'ULONG' {aka 'long unsigned int'} and 'SLONG' {aka 'long int'} [-Wsign-compare]
  343 |    if(mLinePacketBitsLeft<=bits) retval_bits = 0; \
external/handy-go/susie_pixel_loop.h:40:22: note: in expansion of macro 'MY_GET_BITS'
   40 |                      MY_GET_BITS(tmp,mSPRCTL0_PixelBits)
      |                      ^~~~~~~~~~~
external/handy-go/susie.h:346:25: warning: comparison of integer expressions of different signedness: 'ULONG' {aka 'long unsigned int'} and 'SLONG' {aka 'long int'} [-Wsign-compare]
  346 |    if(mLineShiftRegCount<bits) \
external/handy-go/susie_pixel_loop.h:40:22: note: in expansion of macro 'MY_GET_BITS'
   40 |                      MY_GET_BITS(tmp,mSPRCTL0_PixelBits)
      |                      ^~~~~~~~~~~
external/handy-go/susie.h:343:26: warning: comparison of integer expressions of different signedness: 'ULONG' {aka 'long unsigned int'} and 'SLONG' {aka 'long int'} [-Wsign-compare]
  343 |    if(mLinePacketBitsLeft<=bits) retval_bits = 0; \
external/handy-go/susie_pixel_loop.h:63:19: note: in expansion of macro 'MY_GET_BITS'
   63 |                   MY_GET_BITS(pixel,mSPRCTL0_PixelBits)
      |                   ^~~~~~~~~~~
external/handy-go/susie.h:346:25: warning: comparison of integer expressions of different signedness: 'ULONG' {aka 'long unsigned int'} and 'SLONG' {aka 'long int'} [-Wsign-compare]
  346 |    if(mLineShiftRegCount<bits) \
external/handy-go/susie_pixel_loop.h:63:19: note: in expansion of macro 'MY_GET_BITS'
   63 |                   MY_GET_BITS(pixel,mSPRCTL0_PixelBits)
      |                   ^~~~~~~~~~~
external/handy-go/susie.h:343:26: warning: comparison of integer expressions of different signedness: 'ULONG' {aka 'long unsigned int'} and 'SLONG' {aka 'long int'} [-Wsign-compare]
  343 |    if(mLinePacketBitsLeft<=bits) retval_bits = 0; \
external/handy-go/susie_pixel_loop.h:74:19: note: in expansion of macro 'MY_GET_BITS'
   74 |                   MY_GET_BITS(tmp,mSPRCTL0_PixelBits)
      |                   ^~~~~~~~~~~
external/handy-go/susie.h:346:25: warning: comparison of integer expressions of different signedness: 'ULONG' {aka 'long unsigned int'} and 'SLONG' {aka 'long int'} [-Wsign-compare]
  346 |    if(mLineShiftRegCount<bits) \
external/handy-go/susie_pixel_loop.h:74:19: note: in expansion of macro 'MY_GET_BITS'
   74 |                   MY_GET_BITS(tmp,mSPRCTL0_PixelBits)
      |                   ^~~~~~~~~~~
external/handy-go/susie.cpp:903:52: warning: comparison of integer expressions of different signedness: 'ULONG' {aka 'long unsigned int'} and 'SLONG' {aka 'long int'} [-Wsign-compare]
  903 |                                        if(collision>mCollision) \
      |                                           ~~~~~~~~~^~~~~~~~~~~
external/handy-go/susie_pixel_loop.h:97:13: note: in expansion of macro 'PROCESS_PIXEL'
   97 |             PROCESS_PIXEL
      |             ^~~~~~~~~~~~~
external/handy-go/susie.h:343:26: warning: comparison of integer expressions of different signedness: 'ULONG' {aka 'long unsigned int'} and 'SLONG' {aka 'long int'} [-Wsign-compare]
  343 |    if(mLinePacketBitsLeft<=bits) retval_bits = 0; \
external/handy-go/susie_pixel_loop.h:40:22: note: in expansion of macro 'MY_GET_BITS'
   40 |                      MY_GET_BITS(tmp,mSPRCTL0_PixelBits)
      |                      ^~~~~~~~~~~
external/handy-go/susie.h:346:25: warning: comparison of integer expressions of different signedness: 'ULONG' {aka 'long unsigned int'} and 'SLONG' {aka 'long int'} [-Wsign-compare]
  346 |    if(mLineShiftRegCount<bits) \
external/handy-go/susie_pixel_loop.h:40:22: note: in expansion of macro 'MY_GET_BITS'
   40 |                      MY_GET_BITS(tmp,mSPRCTL0_PixelBits)
      |                      ^~~~~~~~~~~
external/handy-go/susie.h:343:26: warning: comparison of integer expressions of different signedness: 'ULONG' {aka 'long unsigned int'} and 'SLONG' {aka 'long int'} [-Wsign-compare]
  343 |    if(mLinePacketBitsLeft<=bits) retval_bits = 0; \
external/handy-go/susie_pixel_loop.h:63:19: note: in expansion of macro 'MY_GET_BITS'
   63 |                   MY_GET_BITS(pixel,mSPRCTL0_PixelBits)
      |                   ^~~~~~~~~~~
external/handy-go/susie.h:346:25: warning: comparison of integer expressions of different signedness: 'ULONG' {aka 'long unsigned int'} and 'SLONG' {aka 'long int'} [-Wsign-compare]
  346 |    if(mLineShiftRegCount<bits) \
external/handy-go/susie_pixel_loop.h:63:19: note: in expansion of macro 'MY_GET_BITS'
   63 |                   MY_GET_BITS(pixel,mSPRCTL0_PixelBits)
      |                   ^~~~~~~~~~~
external/handy-go/susie.h:343:26: warning: comparison of integer expressions of different signedness: 'ULONG' {aka 'long unsigned int'} and 'SLONG' {aka 'long int'} [-Wsign-compare]
  343 |    if(mLinePacketBitsLeft<=bits) retval_bits = 0; \
external/handy-go/susie_pixel_loop.h:74:19: note: in expansion of macro 'MY_GET_BITS'
   74 |                   MY_GET_BITS(tmp,mSPRCTL0_PixelBits)
      |                   ^~~~~~~~~~~
external/handy-go/susie.h:346:25: warning: comparison of integer expressions of different signedness: 'ULONG' {aka 'long unsigned int'} and 'SLONG' {aka 'long int'} [-Wsign-compare]
  346 |    if(mLineShiftRegCount<bits) \
external/handy-go/susie_pixel_loop.h:74:19: note: in expansion of macro 'MY_GET_BITS'
   74 |                   MY_GET_BITS(tmp,mSPRCTL0_PixelBits)
      |                   ^~~~~~~~~~~
In file included from external/handy-go/system.cpp:55:
external/handy-go/system.cpp: In constructor 'CSystem::CSystem(const char*, long int, long int)':
external/handy-go/system.cpp:139:21: warning: format '%d' expects argument of type 'int', but argument 2 has type 'ULONG' {aka 'long unsigned int'} [-Wformat=]
  139 |          log_printf("-> memory allocation failed (%d bytes)!\n", filesize);
      |                     ^~~~~~~~~~~~~~~~~~~~~~~~~~~~~~~~~~~~~~~~~~~  ~~~~~~~~
      |                                                                  |
      |                                                                  ULONG {aka long unsigned int}
external/handy-go/system.h:149:33: note: in definition of macro 'log_printf'
  149 | #define log_printf(x...) printf(x)
      |                                 ^
external/handy-go/system.cpp:139:52: note: format string is defined here
  139 |          log_printf("-> memory allocation failed (%d bytes)!\n", filesize);
      |                                                   ~^
      |                                                    |
      |                                                    int
      |                                                   %ld
external/handy-go/system.cpp:141:21: warning: format '%d' expects argument of type 'int', but argument 2 has type 'ULONG' {aka 'long unsigned int'} [-Wformat=]
  141 |          log_printf("-> fread failed (%d bytes)!\n", filesize);
      |                     ^~~~~~~~~~~~~~~~~~~~~~~~~~~~~~~  ~~~~~~~~
      |                                                      |
      |                                                      ULONG {aka long unsigned int}
external/handy-go/system.h:149:33: note: in definition of macro 'log_printf'
  149 | #define log_printf(x...) printf(x)
      |                                 ^
external/handy-go/system.cpp:141:40: note: format string is defined here
  141 |          log_printf("-> fread failed (%d bytes)!\n", filesize);
      |                                       ~^
      |                                        |
      |                                        int
      |                                       %ld
external/handy-go/system.cpp:144:21: warning: format '%d' expects argument of type 'int', but argument 2 has type 'ULONG' {aka 'long unsigned int'} [-Wformat=]
  144 |          log_printf("-> read ok. size=%d\n", filesize);
      |                     ^~~~~~~~~~~~~~~~~~~~~~~  ~~~~~~~~
      |                                              |
      |                                              ULONG {aka long unsigned int}
external/handy-go/system.h:149:33: note: in definition of macro 'log_printf'
  149 | #define log_printf(x...) printf(x)
      |                                 ^
external/handy-go/system.cpp:144:40: note: format string is defined here
  144 |          log_printf("-> read ok. size=%d\n", filesize);
      |                                       ~^
      |                                        |
      |                                        int
      |                                       %ld
external/handy-go/system.cpp: In member function 'bool CSystem::ContextLoad(FILE*)':
external/handy-go/system.h:136:55: warning: value computed is not used [-Wunused-value]
  136 | #define lss_read(d, vs, vc, fp) (fread(d, vs, vc, fp) > 0)
      |                                 ~~~~~~~~~~~~~~~~~~~~~~^~~~
external/handy-go/system.cpp:397:7: note: in expansion of macro 'lss_read'
  397 |       lss_read(&checksum,sizeof(ULONG),1,fp);
      |       ^~~~~~~~
[ CC zelda3 ] zelda_rtl.c
[ CC zelda3 ] misc.c
[ CC zelda3 ] nmi.c
[ CC zelda3 ] poly.c
[ CC zelda3 ] attract.c
[ CC zelda3 ] ppu.c
[ CC zelda3 ] dma.c
[ CC zelda3 ] spc_player.c
[ CC zelda3 ] util.c
[ CC zelda3 ] audio.c
[ CC zelda3 ] overworld.c
[ CC zelda3 ] ending.c
[ CC zelda3 ] select_file.c
[ CC zelda3 ] dungeon.c
[ CC zelda3 ] messaging.c
[ CC zelda3 ] hud.c
[ CC zelda3 ] load_gfx.c
[ CC zelda3 ] ancilla.c
[ CC zelda3 ] player.c
[ CC zelda3 ] sprite.c
[ CC zelda3 ] player_oam.c
[ CC zelda3 ] dsp.c
[ CC zelda3 ] sprite_main.c
[ CC zelda3 ] tagalong.c
[ CC zelda3 ] opus_decoder_amalgam.c
[ CC zelda3 ] tile_detect.c
[ CC zelda3 ] overlord.c
[ CC zelda3 ] main_zelda3.c
[ CC sm ] sm_rtl.c
external/sm/src/sm_rtl.c: In function 'RomPtr':
external/sm/src/sm_rtl.c:545:40: warning: format '%x' expects argument of type 'unsigned int', but argument 2 has type 'uint32_t' {aka 'long unsigned int'} [-Wformat=]
  545 |     printf("RomPtr - Invalid access 0x%x!\n", addr);
      |                                       ~^      ~~~~
      |                                        |      |
      |                                        |      uint32_t {aka long unsigned int}
      |                                        unsigned int
      |                                       %lx
[ CC sm ] sm_80.c
[ CC sm ] sm_81.c
[ CC sm ] sm_82.c
external/sm/src/sm_81.c: In function 'DrawFileCopyClearConfirmation':
external/sm/src/sm_81.c:995:35: warning: array subscript 1600 is above array bounds of 'uint16[1024]' {aka 'short unsigned int[1024]'} [-Warray-bounds=]
  995 |     ram3000.pause_menu_map_tilemap[v0 + 768] = 15;
In file included from external/sm/src/sm_81.c:4:
external/sm/src/ida_types.h:1298:10: note: while referencing 'pause_menu_map_tilemap'
 1298 |   uint16 pause_menu_map_tilemap[1024];
      |          ^~~~~~~~~~~~~~~~~~~~~~
external/sm/src/sm_81.c: In function 'FileSelectMenu_13_FileCopyDoIt':
external/sm/src/sm_81.c:1095:35: warning: array subscript 1408 is above array bounds of 'uint16[1024]' {aka 'short unsigned int[1024]'} [-Warray-bounds=]
 1095 |     ram3000.pause_menu_map_tilemap[v5 + 768] = 15;
external/sm/src/ida_types.h:1298:10: note: while referencing 'pause_menu_map_tilemap'
 1298 |   uint16 pause_menu_map_tilemap[1024];
      |          ^~~~~~~~~~~~~~~~~~~~~~
external/sm/src/sm_81.c: In function 'FileSelectMenu_25_FileClearDoClear':
external/sm/src/sm_81.c:1261:35: warning: array subscript 1408 is above array bounds of 'uint16[1024]' {aka 'short unsigned int[1024]'} [-Warray-bounds=]
 1261 |     ram3000.pause_menu_map_tilemap[v3 + 768] = 15;
external/sm/src/ida_types.h:1298:10: note: while referencing 'pause_menu_map_tilemap'
 1298 |   uint16 pause_menu_map_tilemap[1024];
      |          ^~~~~~~~~~~~~~~~~~~~~~
[ CC sm ] sm_84.c
[ CC sm ] sm_85.c
[ CC sm ] sm_86.c
[ CC sm ] sm_87.c
[ CC sm ] sm_88.c
[ CC sm ] sm_89.c
[ CC sm ] sm_8b.c
[ CC sm ] sm_8d.c
[ CC sm ] sm_8f.c
external/sm/src/sm_8f.c: In function 'DoorCode_SetupElevatubeFromNorth':
external/sm/src/sm_8f.c:500:10: warning: pointer targets in passing argument 1 of 'strcpy' differ in signedness [-Wpointer-sign]
  500 |   strcpy((uint8 *)&room_main_asm_variables[2], "@");
      |          ^~~~~~~~~~~~~~~~~~~~~~~~~~~~~~~~~~~~
      |          |
      |          uint8 * {aka unsigned char *}
In file included from external/sm/src/sm_rtl.h:4,
                 from external/sm/src/ida_types.h:9,
                 from external/sm/src/sm_8f.c:2:
/opt/arm-gnu-toolchain/arm-none-eabi/include/string.h:38:18: note: expected 'char * restrict' but argument is of type 'uint8 *' {aka 'unsigned char *'}
   38 | char    *strcpy (char *__restrict, const char *__restrict);
      |                  ^
external/sm/src/sm_8f.c:501:10: warning: pointer targets in passing argument 1 of 'strcpy' differ in signedness [-Wpointer-sign]
  501 |   strcpy((uint8 *)&room_main_asm_variables[6], " ");
      |          ^~~~~~~~~~~~~~~~~~~~~~~~~~~~~~~~~~~~
      |          |
      |          uint8 * {aka unsigned char *}
/opt/arm-gnu-toolchain/arm-none-eabi/include/string.h:38:18: note: expected 'char * restrict' but argument is of type 'uint8 *' {aka 'unsigned char *'}
   38 | char    *strcpy (char *__restrict, const char *__restrict);
      |                  ^
external/sm/src/sm_8f.c: In function 'DoorCode_CeresElevatorShaft':
external/sm/src/sm_8f.c:615:10: warning: pointer targets in passing argument 1 of 'strcpy' differ in signedness [-Wpointer-sign]
  615 |   strcpy((uint8 *)room_main_asm_variables, "\"");
/opt/arm-gnu-toolchain/arm-none-eabi/include/string.h:38:18: note: expected 'char * restrict' but argument is of type 'uint8 *' {aka 'unsigned char *'}
   38 | char    *strcpy (char *__restrict, const char *__restrict);
      |                  ^
external/sm/src/sm_8f.c:616:10: warning: pointer targets in passing argument 1 of 'strcpy' differ in signedness [-Wpointer-sign]
  616 |   strcpy((uint8 *)&room_main_asm_variables[2], "<");
      |          ^~~~~~~~~~~~~~~~~~~~~~~~~~~~~~~~~~~~
      |          |
      |          uint8 * {aka unsigned char *}
/opt/arm-gnu-toolchain/arm-none-eabi/include/string.h:38:18: note: expected 'char * restrict' but argument is of type 'uint8 *' {aka 'unsigned char *'}
   38 | char    *strcpy (char *__restrict, const char *__restrict);
      |                  ^
external/sm/src/sm_8f.c: In function 'RoomCode_ShakeScreenHorizDiag':
external/sm/src/sm_8f.c:658:12: warning: pointer targets in passing argument 1 of 'strcpy' differ in signedness [-Wpointer-sign]
  658 |     strcpy((uint8 *)room_main_asm_variables, "*");
/opt/arm-gnu-toolchain/arm-none-eabi/include/string.h:38:18: note: expected 'char * restrict' but argument is of type 'uint8 *' {aka 'unsigned char *'}
   38 | char    *strcpy (char *__restrict, const char *__restrict);
      |                  ^
external/sm/src/sm_8f.c: In function 'RoomCode_ShakeScreenHorizDiagStrong':
external/sm/src/sm_8f.c:675:12: warning: pointer targets in passing argument 1 of 'strcpy' differ in signedness [-Wpointer-sign]
  675 |     strcpy((uint8 *)room_main_asm_variables, "*");
/opt/arm-gnu-toolchain/arm-none-eabi/include/string.h:38:18: note: expected 'char * restrict' but argument is of type 'uint8 *' {aka 'unsigned char *'}
   38 | char    *strcpy (char *__restrict, const char *__restrict);
      |                  ^
[ CC sm ] sm_90.c
[ CC sm ] sm_91.c
[ CC sm ] sm_92.c
[ CC sm ] sm_93.c
[ CC sm ] sm_94.c
external/sm/src/sm_93.c: In function 'DrawPlayerExplosions2':
external/sm/src/sm_93.c:197:7: warning: 'r18' may be used uninitialized [-Wmaybe-uninitialized]
  197 |       DrawProjectileSpritemap(v0, r20, r18);
      |       ^~~~~~~~~~~~~~~~~~~~~~~~~~~~~~~~~~~~~
external/sm/src/sm_93.c:163:10: note: 'r18' was declared here
  163 |   uint16 r18, r20;
      |          ^~~
external/sm/src/sm_93.c: In function 'DrawBombAndProjectileExplosions':
external/sm/src/sm_93.c:253:8: warning: 'r18' may be used uninitialized [-Wmaybe-uninitialized]
  253 |     if ((v2 & 0xFF00) != 0)
      |        ^
external/sm/src/sm_93.c:230:10: note: 'r18' was declared here
  230 |   uint16 r18, r20;
      |          ^~~
external/sm/src/sm_93.c:256:7: warning: 'r20' may be used uninitialized [-Wmaybe-uninitialized]
  256 |       DrawProjectileSpritemap(v0, r20, r18);
      |       ^~~~~~~~~~~~~~~~~~~~~~~~~~~~~~~~~~~~~
external/sm/src/sm_93.c:230:15: note: 'r20' was declared here
  230 |   uint16 r18, r20;
      |               ^~~
[ CC sm ] sm_9b.c
[ CC sm ] sm_a0.c
[ CC sm ] sm_a2.c
[ CC sm ] sm_a3.c
[ CC sm ] sm_a4.c
[ CC sm ] sm_a5.c
[ CC sm ] sm_a6.c
[ CC sm ] sm_a7.c
[ CC sm ] sm_a8.c
[ CC sm ] sm_a9.c
[ CC sm ] sm_aa.c
[ CC sm ] sm_ad.c
[ CC sm ] sm_b2.c
[ CC sm ] sm_b3.c
[ CC sm ] sm_b4.c
[ CC sm ] spc_player.c
[ CC sm ] util.c
[ CC sm ] ppu.c
[ CC sm ] dma.c
[ CC sm ] dsp.c
[ CC sm ] snes.c
external/sm/src/snes/snes.c: In function 'snes_writeReg':
external/sm/src/snes/snes.c:543:31: warning: format '%x' expects argument of type 'unsigned int', but argument 2 has type 'uint32_t' {aka 'long unsigned int'} [-Wformat=]
  543 |         if (0)printf("DMA: 0x%x -> 0x%x (ppu 0x%x), 0x%x bytes, data 0x%x\n",
      |                              ~^
      |                               |
      |                               unsigned int
      |                              %lx
  544 |                t, snes->dma->channel[1].bAdr,
      |                ~               
      |                |
      |                uint32_t {aka long unsigned int}
external/sm/src/snes/snes.c: In function 'LogWrite':
external/sm/src/snes/snes.c:614:28: warning: format '%x' expects argument of type 'unsigned int', but argument 3 has type 'uint32_t' {aka 'long unsigned int'} [-Wformat=]
  614 |   printf("@%d: Write to 0x%x = 0x%.2x: 0x%x: r18=0x%x: r20=0x%x: a = 0x%x, x = 0x%x, y = 0x%x, c = %d\n",
      |                           ~^
      |                            |
      |                            unsigned int
      |                           %lx
  615 |          snes_frame_counter, adr, val, snes->cpu->k << 16 | snes->cpu->pc,
      |                              ~~~
      |                              |
      |                              uint32_t {aka long unsigned int}
[ CC sm ] cpu.c
external/sm/src/snes/cpu.c: In function 'DumpCpuHistory':
external/sm/src/snes/cpu.c:909:28: warning: format '%x' expects argument of type 'unsigned int', but argument 2 has type 'uint32_t' {aka 'long unsigned int'} [-Wformat=]
  909 |     printf("PC history: 0x%x\n", pc_hist[(pc_hist_ctr + i) & 7]);
      |                           ~^     ~~~~~~~~~~~~~~~~~~~~~~~~~~~~~~
      |                            |            |
      |                            unsigned int uint32_t {aka long unsigned int}
      |                           %lx
[ CC sm ] cart.c
[ CC sm ] input.c
[ CC sm ] rc_dispatch.c
[ CC sm ] main_sm.c
[ CC snes ] apu.c
[ CC snes ] cart.c
[ CC snes ] cpu.c
external/sm/src/snes/cpu.c: In function 'DumpCpuHistory':
external/sm/src/snes/cpu.c:909:28: warning: format '%x' expects argument of type 'unsigned int', but argument 2 has type 'uint32_t' {aka 'long unsigned int'} [-Wformat=]
  909 |     printf("PC history: 0x%x\n", pc_hist[(pc_hist_ctr + i) & 7]);
      |                           ~^     ~~~~~~~~~~~~~~~~~~~~~~~~~~~~~~
      |                            |            |
      |                            unsigned int uint32_t {aka long unsigned int}
      |                           %lx
[ CC snes ] dma.c
[ CC snes ] dsp.c
[ CC snes ] dsp1_hle.c
[ CC snes ] cx4_hle.c
[ CC snes ] input.c
[ CC snes ] ppu.c
[ CC snes ] snes.c
external/sm/src/snes/snes.c: In function 'snes_writeReg':
external/sm/src/snes/snes.c:543:31: warning: format '%x' expects argument of type 'unsigned int', but argument 2 has type 'uint32_t' {aka 'long unsigned int'} [-Wformat=]
  543 |         if (0)printf("DMA: 0x%x -> 0x%x (ppu 0x%x), 0x%x bytes, data 0x%x\n",
      |                              ~^
      |                               |
      |                               unsigned int
      |                              %lx
  544 |                t, snes->dma->channel[1].bAdr,
      |                ~               
      |                |
      |                uint32_t {aka long unsigned int}
external/sm/src/snes/snes.c: In function 'LogWrite':
external/sm/src/snes/snes.c:614:28: warning: format '%x' expects argument of type 'unsigned int', but argument 3 has type 'uint32_t' {aka 'long unsigned int'} [-Wformat=]
  614 |   printf("@%d: Write to 0x%x = 0x%.2x: 0x%x: r18=0x%x: r20=0x%x: a = 0x%x, x = 0x%x, y = 0x%x, c = %d\n",
      |                           ~^
      |                            |
      |                            unsigned int
      |                           %lx
  615 |          snes_frame_counter, adr, val, snes->cpu->k << 16 | snes->cpu->pc,
      |                              ~~~
      |                              |
      |                              uint32_t {aka long unsigned int}
[ CC snes ] snes_other.c
[ CC snes ] spc.c
[ CC snes ] spin_skip.c
[ CC snes ] spin_bake.c
[ CC snes ] rc_dispatch.c
[ CC snes ] tracing.c
[ CC snes ] snes_audio_stretch.c
[ CC snes ] cpu_thumb2_offsets_check.c
[ CC snes ] spc_thumb2_offsets_check.c
[ AS snes ] snes_thumb2.S
[ AS snes ] spc_thumb2.S
[ CC smw ] smw_rtl.c
[ CC smw ] smw_00.c
[ CC smw ] smw_01.c
[ CC smw ] smw_02.c
[ CC smw ] smw_03.c
[ CC smw ] smw_04.c
[ CC smw ] smw_05.c
[ CC smw ] smw_07.c
[ CC smw ] smw_0c.c
[ CC smw ] smw_0d.c
[ CC smw ] smw_cpu_infra.c
[ CC smw ] smw_spc_player.c
[ CC smw ] config.c
[ CC smw ] common_rtl.c
[ CC smw ] common_cpu_infra.c
[ CC smw ] util.c
[ CC smw ] lm.c
[ CC smw ] ppu.c
[ CC smw ] dma.c
[ CC smw ] dsp.c
[ CC smw ] apu.c
[ CC smw ] spc.c
[ CC smw ] snes.c
[ CC smw ] cpu.c
[ CC smw ] cart.c
[ CC smw ] tracing.c
[ CC smw ] main_smw.c
[ CC gba ] gba_memory.c
In file included from external/gpsp/common.h:192,
                 from external/gpsp/gba_memory.c:20:
external/gpsp/cheats.h:24:9: warning: 'MAX_CHEAT_CODES' redefined
   24 | #define MAX_CHEAT_CODES  64
      |         ^~~~~~~~~~~~~~~
<command-line>: note: this is the location of the previous definition
[ CC gba ] sound.c
In file included from external/gpsp/common.h:192,
                 from external/gpsp/sound.c:21:
external/gpsp/cheats.h:24:9: warning: 'MAX_CHEAT_CODES' redefined
   24 | #define MAX_CHEAT_CODES  64
      |         ^~~~~~~~~~~~~~~
<command-line>: note: this is the location of the previous definition
[ CC gba ] main.c
In file included from external/gpsp/common.h:192,
                 from external/gpsp/main.c:20:
external/gpsp/cheats.h:24:9: warning: 'MAX_CHEAT_CODES' redefined
   24 | #define MAX_CHEAT_CODES  64
      |         ^~~~~~~~~~~~~~~
<command-line>: note: this is the location of the previous definition
[ CC gba ] savestate.c
In file included from external/gpsp/common.h:192,
                 from external/gpsp/savestate.c:20:
external/gpsp/cheats.h:24:9: warning: 'MAX_CHEAT_CODES' redefined
   24 | #define MAX_CHEAT_CODES  64
      |         ^~~~~~~~~~~~~~~
<command-line>: note: this is the location of the previous definition
[ CC gba ] input.c
In file included from external/gpsp/common.h:192,
                 from external/gpsp/input.c:20:
external/gpsp/cheats.h:24:9: warning: 'MAX_CHEAT_CODES' redefined
   24 | #define MAX_CHEAT_CODES  64
      |         ^~~~~~~~~~~~~~~
<command-line>: note: this is the location of the previous definition
[ CC gba ] cheats.c
[ CC gba ] serial.c
In file included from external/gpsp/common.h:192,
                 from external/gpsp/cheats.c:20:
external/gpsp/cheats.h:24:9: warning: 'MAX_CHEAT_CODES' redefined
   24 | #define MAX_CHEAT_CODES  64
      |         ^~~~~~~~~~~~~~~
<command-line>: note: this is the location of the previous definition
In file included from external/gpsp/common.h:192,
                 from external/gpsp/serial.c:20:
external/gpsp/cheats.h:24:9: warning: 'MAX_CHEAT_CODES' redefined
   24 | #define MAX_CHEAT_CODES  64
      |         ^~~~~~~~~~~~~~~
<command-line>: note: this is the location of the previous definition
[ CC gba ] serial_proto.c
[ CC gba ] gbp.c
In file included from external/gpsp/common.h:192,
                 from external/gpsp/serial_proto.c:26:
external/gpsp/cheats.h:24:9: warning: 'MAX_CHEAT_CODES' redefined
   24 | #define MAX_CHEAT_CODES  64
      |         ^~~~~~~~~~~~~~~
<command-line>: note: this is the location of the previous definition
In file included from external/gpsp/common.h:192,
                 from external/gpsp/gbp.c:20:
external/gpsp/cheats.h:24:9: warning: 'MAX_CHEAT_CODES' redefined
   24 | #define MAX_CHEAT_CODES  64
      |         ^~~~~~~~~~~~~~~
<command-line>: note: this is the location of the previous definition
[ CC gba ] rfu.c
[ CC gba ] gba_frontend.c
In file included from external/gpsp/common.h:192,
                 from external/gpsp/rfu.c:20:
external/gpsp/cheats.h:24:9: warning: 'MAX_CHEAT_CODES' redefined
   24 | #define MAX_CHEAT_CODES  64
      |         ^~~~~~~~~~~~~~~
<command-line>: note: this is the location of the previous definition
[ CC gba ] gba_idle_loop.c
[ CC gba ] gba_audio_filter.c
[ CC gba ] main_gba.c
[ CC gba ] m4a_hle.c
Core/Src/porting/gba/main_gba.c: In function 'screen_blit_bilinear':
Core/Src/porting/gba/main_gba.c:587:23: warning: missing braces around initializer [-Wmissing-braces]
  587 |     image_t dst_img = {dest_width, LCD_HEIGHT, 2, ((uint8_t *)dest) + hpad * 2};
      |                       ^
      |                                                   {                           }
Core/Src/porting/gba/main_gba.c:588:23: warning: missing braces around initializer [-Wmissing-braces]
  588 |     image_t src_img = {video_frame.width, video_frame.height, 2, video_frame.buffer};
      |                       ^
      |                                                                  {                 }
[ CC gba ] m4a_gpsp.c
[ CC gba ] gba_bios_hle.c
[ CXX gba ] cpu.cc
In file included from external/gpsp/common.h:192,
                 from external/gpsp/cpu.cc:21:
external/gpsp/cheats.h:24:9: warning: 'MAX_CHEAT_CODES' redefined
   24 | #define MAX_CHEAT_CODES  64
      |         ^~~~~~~~~~~~~~~
<command-line>: note: this is the location of the previous definition
[ CXX gba ] video.cc
In file included from external/gpsp/common.h:192,
                 from external/gpsp/video.cc:22:
external/gpsp/cheats.h:24:9: warning: 'MAX_CHEAT_CODES' redefined
   24 | #define MAX_CHEAT_CODES  64
      |         ^~~~~~~~~~~~~~~
<command-line>: note: this is the location of the previous definition
[ CC tama ] tamalib_cpu.c
[ CC tama ] tamalib_hw.c
[ CC tama ] tamalib.c
[ CC tama ] state_tama.c
[ CC tama ] main_tama.c
[ CC Pokemon Mini ] freebios.c
[ CC Pokemon Mini ] CommandLine.c
[ CC Pokemon Mini ] Hardware.c
[ CC Pokemon Mini ] Joystick.c
[ CC Pokemon Mini ] MinxAudio.c
[ CC Pokemon Mini ] MinxColorPRC.c
[ CC Pokemon Mini ] MinxCPU_CE.c
[ CC Pokemon Mini ] MinxCPU_CF.c
[ CC Pokemon Mini ] MinxCPU_SP.c
[ CC Pokemon Mini ] MinxCPU_XX.c
[ CC Pokemon Mini ] MinxCPU.c
[ CC Pokemon Mini ] MinxIO.c
[ CC Pokemon Mini ] MinxIRQ.c
[ CC Pokemon Mini ] MinxLCD.c
[ CC Pokemon Mini ] MinxPRC.c
[ CC Pokemon Mini ] MinxTimers.c
[ CC Pokemon Mini ] Multicart.c
[ CC Pokemon Mini ] PMCommon.c
[ CC Pokemon Mini ] PokeMini.c
[ CC Pokemon Mini ] Video_x3.c
[ CC Pokemon Mini ] Video.c
[ CC Pokemon Mini ] PokeMini_ColorPal.c
[ CC Pokemon Mini ] main_pkmini.c
[ CXX pico8 ] main_pico8_stub.c
[ LD ] gw_retro_go.elf
/opt/arm-gnu-toolchain/bin/../lib/gcc/arm-none-eabi/15.2.1/../../../../arm-none-eabi/bin/ld: /opt/arm-gnu-toolchain/bin/../lib/gcc/arm-none-eabi/15.2.1/../../../../arm-none-eabi/lib/thumb/v7e-m+dp/hard/libc_nano.a(libc_a-signalr.o): in function `_getpid_r':
(.text._getpid_r+0x0): warning: _getpid is not implemented and will always fail
/opt/arm-gnu-toolchain/bin/../lib/gcc/arm-none-eabi/15.2.1/../../../../arm-none-eabi/bin/ld: /opt/arm-gnu-toolchain/bin/../lib/gcc/arm-none-eabi/15.2.1/../../../../arm-none-eabi/lib/thumb/v7e-m+dp/hard/libc_nano.a(libc_a-signalr.o): note: the message above does not take linker garbage collection into account
/opt/arm-gnu-toolchain/bin/../lib/gcc/arm-none-eabi/15.2.1/../../../../arm-none-eabi/bin/ld: /opt/arm-gnu-toolchain/bin/../lib/gcc/arm-none-eabi/15.2.1/../../../../arm-none-eabi/lib/thumb/v7e-m+dp/hard/libc_nano.a(libc_a-signalr.o): in function `_kill_r':
(.text._kill_r+0xe): warning: _kill is not implemented and will always fail
/opt/arm-gnu-toolchain/bin/../lib/gcc/arm-none-eabi/15.2.1/../../../../arm-none-eabi/bin/ld: /opt/arm-gnu-toolchain/bin/../lib/gcc/arm-none-eabi/15.2.1/../../../../arm-none-eabi/lib/thumb/v7e-m+dp/hard/libc_nano.a(libc_a-signalr.o): note: the message above does not take linker garbage collection into account
/opt/arm-gnu-toolchain/bin/../lib/gcc/arm-none-eabi/15.2.1/../../../../arm-none-eabi/bin/ld: /opt/arm-gnu-toolchain/bin/../lib/gcc/arm-none-eabi/15.2.1/../../../../arm-none-eabi/lib/thumb/v7e-m+dp/hard/libc_nano.a(libc_a-linkr.o): in function `_link_r':
(.text._link_r+0xe): warning: _link is not implemented and will always fail
/opt/arm-gnu-toolchain/bin/../lib/gcc/arm-none-eabi/15.2.1/../../../../arm-none-eabi/bin/ld: /opt/arm-gnu-toolchain/bin/../lib/gcc/arm-none-eabi/15.2.1/../../../../arm-none-eabi/lib/thumb/v7e-m+dp/hard/libc_nano.a(libc_a-linkr.o): note: the message above does not take linker garbage collection into account
/opt/arm-gnu-toolchain/bin/../lib/gcc/arm-none-eabi/15.2.1/../../../../arm-none-eabi/bin/ld: warning: /opt/arm-gnu-toolchain/bin/../lib/gcc/arm-none-eabi/15.2.1/thumb/v7e-m+dp/hard/crtn.o: missing .note.GNU-stack section implies executable stack
/opt/arm-gnu-toolchain/bin/../lib/gcc/arm-none-eabi/15.2.1/../../../../arm-none-eabi/bin/ld: NOTE: This behaviour is deprecated and will be removed in a future version of the linker
/opt/arm-gnu-toolchain/bin/../lib/gcc/arm-none-eabi/15.2.1/../../../../arm-none-eabi/bin/ld: warning: build/gw_retro_go.elf has a LOAD segment with RWX permissions
OK  33 cores, no cross-overlay symbol aliases (3 empty dir(s) skipped: nes, snes-bulk-evidence, snes-harness-ready)
logo-index-check: OK (63 blob logos aligned with bitmaps.h)
resident-init-array: OK (1 boot ctor(s), none in overlay RAM)
resident-logo-refs: OK (71 staged logos, no address baked into flash)
[ BIN ] gw_retro_go_intflash.bin
[ BIN ] gw_retro_go_intflash2.bin
[ BIN ] gw_retro_go_extflash.bin
